image_path,label,class_name
E:\eye diesea pred\Dataset 3\Eye Disease Image Dataset\Original Dataset\Original Dataset\Diabetic Retinopathy\DR1275.jpg,0,Diabetic Retinopathy
E:\eye diesea pred\Dataset 3\Eye Disease Image Dataset\Original Dataset\Original Dataset\Diabetic Retinopathy\DR1099.jpg,0,Diabetic Retinopathy
E:\eye diesea pred\Dataset 3\Eye Disease Image Dataset\Original Dataset\Original Dataset\Diabetic Retinopathy\DR354.jpg,0,Diabetic Retinopathy
E:\eye diesea pred\Dataset 3\Eye Disease Image Dataset\Original Dataset\Original Dataset\Diabetic Retinopathy\DR1117.jpg,0,Diabetic Retinopathy
E:\eye diesea pred\Dataset 3\Eye Disease Image Dataset\Original Dataset\Original Dataset\Diabetic Retinopathy\DR1171.jpg,0,Diabetic Retinopathy
E:\eye diesea pred\Dataset 3\Eye Disease Image Dataset\Original Dataset\Original Dataset\Diabetic Retinopathy\DR913.jpg,0,Diabetic Retinopathy
E:\eye diesea pred\Dataset 3\Eye Disease Image Dataset\Original Dataset\Original Dataset\Diabetic Retinopathy\DR1360.jpg,0,Diabetic Retinopathy
E:\eye diesea pred\Dataset 3\Eye Disease Image Dataset\Original Dataset\Original Dataset\Diabetic Retinopathy\DR1337.jpg,0,Diabetic Retinopathy
E:\eye diesea pred\Dataset 3\Eye Disease Image Dataset\Original Dataset\Original Dataset\Diabetic Retinopathy\DR180.jpg,0,Diabetic Retinopathy
E:\eye diesea pred\Dataset 3\Eye Disease Image Dataset\Original Dataset\Original Dataset\Diabetic Retinopathy\DR929.jpg,0,Diabetic Retinopathy
E:\eye diesea pred\Dataset 3\Eye Disease Image Dataset\Original Dataset\Original Dataset\Diabetic Retinopathy\DR416.jpg,0,Diabetic Retinopathy
E:\eye diesea pred\Dataset 3\Eye Disease Image Dataset\Original Dataset\Original Dataset\Diabetic Retinopathy\DR565.jpg,0,Diabetic Retinopathy
E:\eye diesea pred\Dataset 3\Eye Disease Image Dataset\Original Dataset\Original Dataset\Diabetic Retinopathy\DR106.jpg,0,Diabetic Retinopathy
E:\eye diesea pred\Dataset 3\Eye Disease Image Dataset\Original Dataset\Original Dataset\Diabetic Retinopathy\DR414.jpg,0,Diabetic Retinopathy
E:\eye diesea pred\Dataset 3\Eye Disease Image Dataset\Original Dataset\Original Dataset\Diabetic Retinopathy\DR585.jpg,0,Diabetic Retinopathy
E:\eye diesea pred\Dataset 3\Eye Disease Image Dataset\Original Dataset\Original Dataset\Diabetic Retinopathy\DR774.jpg,0,Diabetic Retinopathy
E:\eye diesea pred\Dataset 3\Eye Disease Image Dataset\Original Dataset\Original Dataset\Diabetic Retinopathy\DR502.jpg,0,Diabetic Retinopathy
E:\eye diesea pred\Dataset 3\Eye Disease Image Dataset\Original Dataset\Original Dataset\Diabetic Retinopathy\DR1424.jpg,0,Diabetic Retinopathy
E:\eye diesea pred\Dataset 3\Eye Disease Image Dataset\Original Dataset\Original Dataset\Diabetic Retinopathy\DR956.jpg,0,Diabetic Retinopathy
E:\eye diesea pred\Dataset 3\Eye Disease Image Dataset\Original Dataset\Original Dataset\Diabetic Retinopathy\DR1376.jpg,0,Diabetic Retinopathy
E:\eye diesea pred\Dataset 3\Eye Disease Image Dataset\Original Dataset\Original Dataset\Diabetic Retinopathy\DR442.jpg,0,Diabetic Retinopathy
E:\eye diesea pred\Dataset 3\Eye Disease Image Dataset\Original Dataset\Original Dataset\Diabetic Retinopathy\DR828.jpg,0,Diabetic Retinopathy
E:\eye diesea pred\Dataset 3\Eye Disease Image Dataset\Original Dataset\Original Dataset\Diabetic Retinopathy\DR1263.jpg,0,Diabetic Retinopathy
E:\eye diesea pred\Dataset 3\Eye Disease Image Dataset\Original Dataset\Original Dataset\Diabetic Retinopathy\DR873.jpg,0,Diabetic Retinopathy
E:\eye diesea pred\Dataset 3\Eye Disease Image Dataset\Original Dataset\Original Dataset\Diabetic Retinopathy\DR1317.jpg,0,Diabetic Retinopathy
E:\eye diesea pred\Dataset 3\Eye Disease Image Dataset\Original Dataset\Original Dataset\Diabetic Retinopathy\DR136.jpg,0,Diabetic Retinopathy
E:\eye diesea pred\Dataset 3\Eye Disease Image Dataset\Original Dataset\Original Dataset\Diabetic Retinopathy\DR99.jpg,0,Diabetic Retinopathy
E:\eye diesea pred\Dataset 3\Eye Disease Image Dataset\Original Dataset\Original Dataset\Diabetic Retinopathy\DR550.jpg,0,Diabetic Retinopathy
E:\eye diesea pred\Dataset 3\Eye Disease Image Dataset\Original Dataset\Original Dataset\Diabetic Retinopathy\DR279.jpg,0,Diabetic Retinopathy
E:\eye diesea pred\Dataset 3\Eye Disease Image Dataset\Original Dataset\Original Dataset\Diabetic Retinopathy\DR453.jpg,0,Diabetic Retinopathy
E:\eye diesea pred\Dataset 3\Eye Disease Image Dataset\Original Dataset\Original Dataset\Diabetic Retinopathy\DR803.jpg,0,Diabetic Retinopathy
E:\eye diesea pred\Dataset 3\Eye Disease Image Dataset\Original Dataset\Original Dataset\Diabetic Retinopathy\DR602.jpg,0,Diabetic Retinopathy
E:\eye diesea pred\Dataset 3\Eye Disease Image Dataset\Original Dataset\Original Dataset\Diabetic Retinopathy\DR833.jpg,0,Diabetic Retinopathy
E:\eye diesea pred\Dataset 3\Eye Disease Image Dataset\Original Dataset\Original Dataset\Diabetic Retinopathy\DR169.jpg,0,Diabetic Retinopathy
E:\eye diesea pred\Dataset 3\Eye Disease Image Dataset\Original Dataset\Original Dataset\Diabetic Retinopathy\DR1191.jpg,0,Diabetic Retinopathy
E:\eye diesea pred\Dataset 3\Eye Disease Image Dataset\Original Dataset\Original Dataset\Diabetic Retinopathy\DR640.jpg,0,Diabetic Retinopathy
E:\eye diesea pred\Dataset 3\Eye Disease Image Dataset\Original Dataset\Original Dataset\Diabetic Retinopathy\DR870.jpg,0,Diabetic Retinopathy
E:\eye diesea pred\Dataset 3\Eye Disease Image Dataset\Original Dataset\Original Dataset\Diabetic Retinopathy\DR459.jpg,0,Diabetic Retinopathy
E:\eye diesea pred\Dataset 3\Eye Disease Image Dataset\Original Dataset\Original Dataset\Diabetic Retinopathy\DR427.jpg,0,Diabetic Retinopathy
E:\eye diesea pred\Dataset 3\Eye Disease Image Dataset\Original Dataset\Original Dataset\Diabetic Retinopathy\DR205.jpg,0,Diabetic Retinopathy
E:\eye diesea pred\Dataset 3\Eye Disease Image Dataset\Original Dataset\Original Dataset\Diabetic Retinopathy\DR394.jpg,0,Diabetic Retinopathy
E:\eye diesea pred\Dataset 3\Eye Disease Image Dataset\Original Dataset\Original Dataset\Diabetic Retinopathy\DR1407.jpg,0,Diabetic Retinopathy
E:\eye diesea pred\Dataset 3\Eye Disease Image Dataset\Original Dataset\Original Dataset\Diabetic Retinopathy\DR1262.jpg,0,Diabetic Retinopathy
E:\eye diesea pred\Dataset 3\Eye Disease Image Dataset\Original Dataset\Original Dataset\Diabetic Retinopathy\DR268.jpg,0,Diabetic Retinopathy
E:\eye diesea pred\Dataset 3\Eye Disease Image Dataset\Original Dataset\Original Dataset\Diabetic Retinopathy\DR1321.jpg,0,Diabetic Retinopathy
E:\eye diesea pred\Dataset 3\Eye Disease Image Dataset\Original Dataset\Original Dataset\Diabetic Retinopathy\DR534.jpg,0,Diabetic Retinopathy
E:\eye diesea pred\Dataset 3\Eye Disease Image Dataset\Original Dataset\Original Dataset\Diabetic Retinopathy\DR673.jpg,0,Diabetic Retinopathy
E:\eye diesea pred\Dataset 3\Eye Disease Image Dataset\Original Dataset\Original Dataset\Diabetic Retinopathy\DR426.jpg,0,Diabetic Retinopathy
E:\eye diesea pred\Dataset 3\Eye Disease Image Dataset\Original Dataset\Original Dataset\Diabetic Retinopathy\DR509.jpg,0,Diabetic Retinopathy
E:\eye diesea pred\Dataset 3\Eye Disease Image Dataset\Original Dataset\Original Dataset\Diabetic Retinopathy\DR458.jpg,0,Diabetic Retinopathy
E:\eye diesea pred\Dataset 3\Eye Disease Image Dataset\Original Dataset\Original Dataset\Diabetic Retinopathy\DR1515.jpg,0,Diabetic Retinopathy
E:\eye diesea pred\Dataset 3\Eye Disease Image Dataset\Original Dataset\Original Dataset\Diabetic Retinopathy\DR1372.jpg,0,Diabetic Retinopathy
E:\eye diesea pred\Dataset 3\Eye Disease Image Dataset\Original Dataset\Original Dataset\Diabetic Retinopathy\DR218.jpg,0,Diabetic Retinopathy
E:\eye diesea pred\Dataset 3\Eye Disease Image Dataset\Original Dataset\Original Dataset\Diabetic Retinopathy\DR1087.jpg,0,Diabetic Retinopathy
E:\eye diesea pred\Dataset 3\Eye Disease Image Dataset\Original Dataset\Original Dataset\Diabetic Retinopathy\DR676.jpg,0,Diabetic Retinopathy
E:\eye diesea pred\Dataset 3\Eye Disease Image Dataset\Original Dataset\Original Dataset\Diabetic Retinopathy\DR934.jpg,0,Diabetic Retinopathy
E:\eye diesea pred\Dataset 3\Eye Disease Image Dataset\Original Dataset\Original Dataset\Diabetic Retinopathy\DR804.jpg,0,Diabetic Retinopathy
E:\eye diesea pred\Dataset 3\Eye Disease Image Dataset\Original Dataset\Original Dataset\Diabetic Retinopathy\DR138.jpg,0,Diabetic Retinopathy
E:\eye diesea pred\Dataset 3\Eye Disease Image Dataset\Original Dataset\Original Dataset\Diabetic Retinopathy\DR1356.jpg,0,Diabetic Retinopathy
E:\eye diesea pred\Dataset 3\Eye Disease Image Dataset\Original Dataset\Original Dataset\Diabetic Retinopathy\DR1491.jpg,0,Diabetic Retinopathy
E:\eye diesea pred\Dataset 3\Eye Disease Image Dataset\Original Dataset\Original Dataset\Diabetic Retinopathy\DR1411.jpg,0,Diabetic Retinopathy
E:\eye diesea pred\Dataset 3\Eye Disease Image Dataset\Original Dataset\Original Dataset\Diabetic Retinopathy\DR754.jpg,0,Diabetic Retinopathy
E:\eye diesea pred\Dataset 3\Eye Disease Image Dataset\Original Dataset\Original Dataset\Diabetic Retinopathy\DR805.jpg,0,Diabetic Retinopathy
E:\eye diesea pred\Dataset 3\Eye Disease Image Dataset\Original Dataset\Original Dataset\Diabetic Retinopathy\DR1350.jpg,0,Diabetic Retinopathy
E:\eye diesea pred\Dataset 3\Eye Disease Image Dataset\Original Dataset\Original Dataset\Diabetic Retinopathy\DR431.jpg,0,Diabetic Retinopathy
E:\eye diesea pred\Dataset 3\Eye Disease Image Dataset\Original Dataset\Original Dataset\Diabetic Retinopathy\DR1502.jpg,0,Diabetic Retinopathy
E:\eye diesea pred\Dataset 3\Eye Disease Image Dataset\Original Dataset\Original Dataset\Diabetic Retinopathy\DR341.jpg,0,Diabetic Retinopathy
E:\eye diesea pred\Dataset 3\Eye Disease Image Dataset\Original Dataset\Original Dataset\Diabetic Retinopathy\DR247.jpg,0,Diabetic Retinopathy
E:\eye diesea pred\Dataset 3\Eye Disease Image Dataset\Original Dataset\Original Dataset\Diabetic Retinopathy\DR1516.jpg,0,Diabetic Retinopathy
E:\eye diesea pred\Dataset 3\Eye Disease Image Dataset\Original Dataset\Original Dataset\Diabetic Retinopathy\DR905.jpg,0,Diabetic Retinopathy
E:\eye diesea pred\Dataset 3\Eye Disease Image Dataset\Original Dataset\Original Dataset\Diabetic Retinopathy\DR1119.jpg,0,Diabetic Retinopathy
E:\eye diesea pred\Dataset 3\Eye Disease Image Dataset\Original Dataset\Original Dataset\Diabetic Retinopathy\DR517.jpg,0,Diabetic Retinopathy
E:\eye diesea pred\Dataset 3\Eye Disease Image Dataset\Original Dataset\Original Dataset\Diabetic Retinopathy\DR1162.jpg,0,Diabetic Retinopathy
E:\eye diesea pred\Dataset 3\Eye Disease Image Dataset\Original Dataset\Original Dataset\Diabetic Retinopathy\DR1335.jpg,0,Diabetic Retinopathy
E:\eye diesea pred\Dataset 3\Eye Disease Image Dataset\Original Dataset\Original Dataset\Diabetic Retinopathy\DR1494.jpg,0,Diabetic Retinopathy
E:\eye diesea pred\Dataset 3\Eye Disease Image Dataset\Original Dataset\Original Dataset\Diabetic Retinopathy\DR972.jpg,0,Diabetic Retinopathy
E:\eye diesea pred\Dataset 3\Eye Disease Image Dataset\Original Dataset\Original Dataset\Diabetic Retinopathy\DR444.jpg,0,Diabetic Retinopathy
E:\eye diesea pred\Dataset 3\Eye Disease Image Dataset\Original Dataset\Original Dataset\Diabetic Retinopathy\DR586.jpg,0,Diabetic Retinopathy
E:\eye diesea pred\Dataset 3\Eye Disease Image Dataset\Original Dataset\Original Dataset\Diabetic Retinopathy\DR488.jpg,0,Diabetic Retinopathy
E:\eye diesea pred\Dataset 3\Eye Disease Image Dataset\Original Dataset\Original Dataset\Diabetic Retinopathy\DR731.jpg,0,Diabetic Retinopathy
E:\eye diesea pred\Dataset 3\Eye Disease Image Dataset\Original Dataset\Original Dataset\Diabetic Retinopathy\DR467.jpg,0,Diabetic Retinopathy
E:\eye diesea pred\Dataset 3\Eye Disease Image Dataset\Original Dataset\Original Dataset\Diabetic Retinopathy\DR1396.jpg,0,Diabetic Retinopathy
E:\eye diesea pred\Dataset 3\Eye Disease Image Dataset\Original Dataset\Original Dataset\Diabetic Retinopathy\DR579.jpg,0,Diabetic Retinopathy
E:\eye diesea pred\Dataset 3\Eye Disease Image Dataset\Original Dataset\Original Dataset\Diabetic Retinopathy\DR1333.jpg,0,Diabetic Retinopathy
E:\eye diesea pred\Dataset 3\Eye Disease Image Dataset\Original Dataset\Original Dataset\Diabetic Retinopathy\DR156.jpg,0,Diabetic Retinopathy
E:\eye diesea pred\Dataset 3\Eye Disease Image Dataset\Original Dataset\Original Dataset\Diabetic Retinopathy\DR97.jpg,0,Diabetic Retinopathy
E:\eye diesea pred\Dataset 3\Eye Disease Image Dataset\Original Dataset\Original Dataset\Diabetic Retinopathy\DR908.jpg,0,Diabetic Retinopathy
E:\eye diesea pred\Dataset 3\Eye Disease Image Dataset\Original Dataset\Original Dataset\Diabetic Retinopathy\DR1355.jpg,0,Diabetic Retinopathy
E:\eye diesea pred\Dataset 3\Eye Disease Image Dataset\Original Dataset\Original Dataset\Diabetic Retinopathy\DR962.jpg,0,Diabetic Retinopathy
E:\eye diesea pred\Dataset 3\Eye Disease Image Dataset\Original Dataset\Original Dataset\Diabetic Retinopathy\DR950.jpg,0,Diabetic Retinopathy
E:\eye diesea pred\Dataset 3\Eye Disease Image Dataset\Original Dataset\Original Dataset\Diabetic Retinopathy\DR542.jpg,0,Diabetic Retinopathy
E:\eye diesea pred\Dataset 3\Eye Disease Image Dataset\Original Dataset\Original Dataset\Diabetic Retinopathy\DR117.jpg,0,Diabetic Retinopathy
E:\eye diesea pred\Dataset 3\Eye Disease Image Dataset\Original Dataset\Original Dataset\Diabetic Retinopathy\DR597.jpg,0,Diabetic Retinopathy
E:\eye diesea pred\Dataset 3\Eye Disease Image Dataset\Original Dataset\Original Dataset\Diabetic Retinopathy\DR1316.jpg,0,Diabetic Retinopathy
E:\eye diesea pred\Dataset 3\Eye Disease Image Dataset\Original Dataset\Original Dataset\Diabetic Retinopathy\DR496.jpg,0,Diabetic Retinopathy
E:\eye diesea pred\Dataset 3\Eye Disease Image Dataset\Original Dataset\Original Dataset\Diabetic Retinopathy\DR694.jpg,0,Diabetic Retinopathy
E:\eye diesea pred\Dataset 3\Eye Disease Image Dataset\Original Dataset\Original Dataset\Diabetic Retinopathy\DR691.jpg,0,Diabetic Retinopathy
E:\eye diesea pred\Dataset 3\Eye Disease Image Dataset\Original Dataset\Original Dataset\Diabetic Retinopathy\DR1310.jpg,0,Diabetic Retinopathy
E:\eye diesea pred\Dataset 3\Eye Disease Image Dataset\Original Dataset\Original Dataset\Diabetic Retinopathy\DR1225.jpg,0,Diabetic Retinopathy
E:\eye diesea pred\Dataset 3\Eye Disease Image Dataset\Original Dataset\Original Dataset\Diabetic Retinopathy\DR614.jpg,0,Diabetic Retinopathy
E:\eye diesea pred\Dataset 3\Eye Disease Image Dataset\Original Dataset\Original Dataset\Diabetic Retinopathy\DR164.jpg,0,Diabetic Retinopathy
E:\eye diesea pred\Dataset 3\Eye Disease Image Dataset\Original Dataset\Original Dataset\Diabetic Retinopathy\DR1314.jpg,0,Diabetic Retinopathy
E:\eye diesea pred\Dataset 3\Eye Disease Image Dataset\Original Dataset\Original Dataset\Diabetic Retinopathy\DR285.jpg,0,Diabetic Retinopathy
E:\eye diesea pred\Dataset 3\Eye Disease Image Dataset\Original Dataset\Original Dataset\Diabetic Retinopathy\DR751.jpg,0,Diabetic Retinopathy
E:\eye diesea pred\Dataset 3\Eye Disease Image Dataset\Original Dataset\Original Dataset\Diabetic Retinopathy\DR984.jpg,0,Diabetic Retinopathy
E:\eye diesea pred\Dataset 3\Eye Disease Image Dataset\Original Dataset\Original Dataset\Diabetic Retinopathy\DR303.jpg,0,Diabetic Retinopathy
E:\eye diesea pred\Dataset 3\Eye Disease Image Dataset\Original Dataset\Original Dataset\Diabetic Retinopathy\DR1447.jpg,0,Diabetic Retinopathy
E:\eye diesea pred\Dataset 3\Eye Disease Image Dataset\Original Dataset\Original Dataset\Diabetic Retinopathy\DR814.jpg,0,Diabetic Retinopathy
E:\eye diesea pred\Dataset 3\Eye Disease Image Dataset\Original Dataset\Original Dataset\Diabetic Retinopathy\DR519.jpg,0,Diabetic Retinopathy
E:\eye diesea pred\Dataset 3\Eye Disease Image Dataset\Original Dataset\Original Dataset\Diabetic Retinopathy\DR469.jpg,0,Diabetic Retinopathy
E:\eye diesea pred\Dataset 3\Eye Disease Image Dataset\Original Dataset\Original Dataset\Diabetic Retinopathy\DR355.jpg,0,Diabetic Retinopathy
E:\eye diesea pred\Dataset 3\Eye Disease Image Dataset\Original Dataset\Original Dataset\Diabetic Retinopathy\DR381.jpg,0,Diabetic Retinopathy
E:\eye diesea pred\Dataset 3\Eye Disease Image Dataset\Original Dataset\Original Dataset\Diabetic Retinopathy\DR432.jpg,0,Diabetic Retinopathy
E:\eye diesea pred\Dataset 3\Eye Disease Image Dataset\Original Dataset\Original Dataset\Diabetic Retinopathy\DR312.jpg,0,Diabetic Retinopathy
E:\eye diesea pred\Dataset 3\Eye Disease Image Dataset\Original Dataset\Original Dataset\Diabetic Retinopathy\DR564.jpg,0,Diabetic Retinopathy
E:\eye diesea pred\Dataset 3\Eye Disease Image Dataset\Original Dataset\Original Dataset\Diabetic Retinopathy\DR1118.jpg,0,Diabetic Retinopathy
E:\eye diesea pred\Dataset 3\Eye Disease Image Dataset\Original Dataset\Original Dataset\Diabetic Retinopathy\DR1217.jpg,0,Diabetic Retinopathy
E:\eye diesea pred\Dataset 3\Eye Disease Image Dataset\Original Dataset\Original Dataset\Diabetic Retinopathy\DR1167.jpg,0,Diabetic Retinopathy
E:\eye diesea pred\Dataset 3\Eye Disease Image Dataset\Original Dataset\Original Dataset\Diabetic Retinopathy\DR47.jpg,0,Diabetic Retinopathy
E:\eye diesea pred\Dataset 3\Eye Disease Image Dataset\Original Dataset\Original Dataset\Diabetic Retinopathy\DR489.jpg,0,Diabetic Retinopathy
E:\eye diesea pred\Dataset 3\Eye Disease Image Dataset\Original Dataset\Original Dataset\Diabetic Retinopathy\DR1164.jpg,0,Diabetic Retinopathy
E:\eye diesea pred\Dataset 3\Eye Disease Image Dataset\Original Dataset\Original Dataset\Diabetic Retinopathy\DR405.jpg,0,Diabetic Retinopathy
E:\eye diesea pred\Dataset 3\Eye Disease Image Dataset\Original Dataset\Original Dataset\Diabetic Retinopathy\DR231.jpg,0,Diabetic Retinopathy
E:\eye diesea pred\Dataset 3\Eye Disease Image Dataset\Original Dataset\Original Dataset\Diabetic Retinopathy\DR889.jpg,0,Diabetic Retinopathy
E:\eye diesea pred\Dataset 3\Eye Disease Image Dataset\Original Dataset\Original Dataset\Diabetic Retinopathy\DR1089.jpg,0,Diabetic Retinopathy
E:\eye diesea pred\Dataset 3\Eye Disease Image Dataset\Original Dataset\Original Dataset\Diabetic Retinopathy\DR1306.jpg,0,Diabetic Retinopathy
E:\eye diesea pred\Dataset 3\Eye Disease Image Dataset\Original Dataset\Original Dataset\Diabetic Retinopathy\DR574.jpg,0,Diabetic Retinopathy
E:\eye diesea pred\Dataset 3\Eye Disease Image Dataset\Original Dataset\Original Dataset\Diabetic Retinopathy\DR1074.jpg,0,Diabetic Retinopathy
E:\eye diesea pred\Dataset 3\Eye Disease Image Dataset\Original Dataset\Original Dataset\Diabetic Retinopathy\DR250.jpg,0,Diabetic Retinopathy
E:\eye diesea pred\Dataset 3\Eye Disease Image Dataset\Original Dataset\Original Dataset\Diabetic Retinopathy\DR1258.jpg,0,Diabetic Retinopathy
E:\eye diesea pred\Dataset 3\Eye Disease Image Dataset\Original Dataset\Original Dataset\Diabetic Retinopathy\DR348.jpg,0,Diabetic Retinopathy
E:\eye diesea pred\Dataset 3\Eye Disease Image Dataset\Original Dataset\Original Dataset\Diabetic Retinopathy\DR728.jpg,0,Diabetic Retinopathy
E:\eye diesea pred\Dataset 3\Eye Disease Image Dataset\Original Dataset\Original Dataset\Diabetic Retinopathy\DR204.jpg,0,Diabetic Retinopathy
E:\eye diesea pred\Dataset 3\Eye Disease Image Dataset\Original Dataset\Original Dataset\Diabetic Retinopathy\DR1027.jpg,0,Diabetic Retinopathy
E:\eye diesea pred\Dataset 3\Eye Disease Image Dataset\Original Dataset\Original Dataset\Diabetic Retinopathy\DR1414.jpg,0,Diabetic Retinopathy
E:\eye diesea pred\Dataset 3\Eye Disease Image Dataset\Original Dataset\Original Dataset\Diabetic Retinopathy\DR555.jpg,0,Diabetic Retinopathy
E:\eye diesea pred\Dataset 3\Eye Disease Image Dataset\Original Dataset\Original Dataset\Diabetic Retinopathy\DR677.jpg,0,Diabetic Retinopathy
E:\eye diesea pred\Dataset 3\Eye Disease Image Dataset\Original Dataset\Original Dataset\Diabetic Retinopathy\DR494.jpg,0,Diabetic Retinopathy
E:\eye diesea pred\Dataset 3\Eye Disease Image Dataset\Original Dataset\Original Dataset\Diabetic Retinopathy\DR880.jpg,0,Diabetic Retinopathy
E:\eye diesea pred\Dataset 3\Eye Disease Image Dataset\Original Dataset\Original Dataset\Diabetic Retinopathy\DR898.jpg,0,Diabetic Retinopathy
E:\eye diesea pred\Dataset 3\Eye Disease Image Dataset\Original Dataset\Original Dataset\Diabetic Retinopathy\DR92.jpg,0,Diabetic Retinopathy
E:\eye diesea pred\Dataset 3\Eye Disease Image Dataset\Original Dataset\Original Dataset\Diabetic Retinopathy\DR886.jpg,0,Diabetic Retinopathy
E:\eye diesea pred\Dataset 3\Eye Disease Image Dataset\Original Dataset\Original Dataset\Diabetic Retinopathy\DR609.jpg,0,Diabetic Retinopathy
E:\eye diesea pred\Dataset 3\Eye Disease Image Dataset\Original Dataset\Original Dataset\Diabetic Retinopathy\DR607.jpg,0,Diabetic Retinopathy
E:\eye diesea pred\Dataset 3\Eye Disease Image Dataset\Original Dataset\Original Dataset\Diabetic Retinopathy\DR1190.jpg,0,Diabetic Retinopathy
E:\eye diesea pred\Dataset 3\Eye Disease Image Dataset\Original Dataset\Original Dataset\Diabetic Retinopathy\DR1011.jpg,0,Diabetic Retinopathy
E:\eye diesea pred\Dataset 3\Eye Disease Image Dataset\Original Dataset\Original Dataset\Diabetic Retinopathy\DR1080.jpg,0,Diabetic Retinopathy
E:\eye diesea pred\Dataset 3\Eye Disease Image Dataset\Original Dataset\Original Dataset\Diabetic Retinopathy\DR666.jpg,0,Diabetic Retinopathy
E:\eye diesea pred\Dataset 3\Eye Disease Image Dataset\Original Dataset\Original Dataset\Diabetic Retinopathy\DR859.jpg,0,Diabetic Retinopathy
E:\eye diesea pred\Dataset 3\Eye Disease Image Dataset\Original Dataset\Original Dataset\Diabetic Retinopathy\DR622.jpg,0,Diabetic Retinopathy
E:\eye diesea pred\Dataset 3\Eye Disease Image Dataset\Original Dataset\Original Dataset\Diabetic Retinopathy\DR695.jpg,0,Diabetic Retinopathy
E:\eye diesea pred\Dataset 3\Eye Disease Image Dataset\Original Dataset\Original Dataset\Diabetic Retinopathy\DR1339.jpg,0,Diabetic Retinopathy
E:\eye diesea pred\Dataset 3\Eye Disease Image Dataset\Original Dataset\Original Dataset\Diabetic Retinopathy\DR260.jpg,0,Diabetic Retinopathy
E:\eye diesea pred\Dataset 3\Eye Disease Image Dataset\Original Dataset\Original Dataset\Diabetic Retinopathy\DR110.jpg,0,Diabetic Retinopathy
E:\eye diesea pred\Dataset 3\Eye Disease Image Dataset\Original Dataset\Original Dataset\Diabetic Retinopathy\DR510.jpg,0,Diabetic Retinopathy
E:\eye diesea pred\Dataset 3\Eye Disease Image Dataset\Original Dataset\Original Dataset\Diabetic Retinopathy\DR649.jpg,0,Diabetic Retinopathy
E:\eye diesea pred\Dataset 3\Eye Disease Image Dataset\Original Dataset\Original Dataset\Diabetic Retinopathy\DR1005.jpg,0,Diabetic Retinopathy
E:\eye diesea pred\Dataset 3\Eye Disease Image Dataset\Original Dataset\Original Dataset\Diabetic Retinopathy\DR1062.jpg,0,Diabetic Retinopathy
E:\eye diesea pred\Dataset 3\Eye Disease Image Dataset\Original Dataset\Original Dataset\Diabetic Retinopathy\DR1161.jpg,0,Diabetic Retinopathy
E:\eye diesea pred\Dataset 3\Eye Disease Image Dataset\Original Dataset\Original Dataset\Diabetic Retinopathy\DR114.jpg,0,Diabetic Retinopathy
E:\eye diesea pred\Dataset 3\Eye Disease Image Dataset\Original Dataset\Original Dataset\Diabetic Retinopathy\DR946.jpg,0,Diabetic Retinopathy
E:\eye diesea pred\Dataset 3\Eye Disease Image Dataset\Original Dataset\Original Dataset\Diabetic Retinopathy\DR656.jpg,0,Diabetic Retinopathy
E:\eye diesea pred\Dataset 3\Eye Disease Image Dataset\Original Dataset\Original Dataset\Diabetic Retinopathy\DR1094.jpg,0,Diabetic Retinopathy
E:\eye diesea pred\Dataset 3\Eye Disease Image Dataset\Original Dataset\Original Dataset\Diabetic Retinopathy\DR836.jpg,0,Diabetic Retinopathy
E:\eye diesea pred\Dataset 3\Eye Disease Image Dataset\Original Dataset\Original Dataset\Diabetic Retinopathy\DR37.jpg,0,Diabetic Retinopathy
E:\eye diesea pred\Dataset 3\Eye Disease Image Dataset\Original Dataset\Original Dataset\Diabetic Retinopathy\DR1460.jpg,0,Diabetic Retinopathy
E:\eye diesea pred\Dataset 3\Eye Disease Image Dataset\Original Dataset\Original Dataset\Diabetic Retinopathy\DR420.jpg,0,Diabetic Retinopathy
E:\eye diesea pred\Dataset 3\Eye Disease Image Dataset\Original Dataset\Original Dataset\Diabetic Retinopathy\DR1185.jpg,0,Diabetic Retinopathy
E:\eye diesea pred\Dataset 3\Eye Disease Image Dataset\Original Dataset\Original Dataset\Diabetic Retinopathy\DR548.jpg,0,Diabetic Retinopathy
E:\eye diesea pred\Dataset 3\Eye Disease Image Dataset\Original Dataset\Original Dataset\Diabetic Retinopathy\DR1088.jpg,0,Diabetic Retinopathy
E:\eye diesea pred\Dataset 3\Eye Disease Image Dataset\Original Dataset\Original Dataset\Diabetic Retinopathy\DR1029.jpg,0,Diabetic Retinopathy
E:\eye diesea pred\Dataset 3\Eye Disease Image Dataset\Original Dataset\Original Dataset\Diabetic Retinopathy\DR1462.jpg,0,Diabetic Retinopathy
E:\eye diesea pred\Dataset 3\Eye Disease Image Dataset\Original Dataset\Original Dataset\Diabetic Retinopathy\DR1399.jpg,0,Diabetic Retinopathy
E:\eye diesea pred\Dataset 3\Eye Disease Image Dataset\Original Dataset\Original Dataset\Diabetic Retinopathy\DR102.jpg,0,Diabetic Retinopathy
E:\eye diesea pred\Dataset 3\Eye Disease Image Dataset\Original Dataset\Original Dataset\Diabetic Retinopathy\DR396.jpg,0,Diabetic Retinopathy
E:\eye diesea pred\Dataset 3\Eye Disease Image Dataset\Original Dataset\Original Dataset\Diabetic Retinopathy\DR1111.jpg,0,Diabetic Retinopathy
E:\eye diesea pred\Dataset 3\Eye Disease Image Dataset\Original Dataset\Original Dataset\Diabetic Retinopathy\DR907.jpg,0,Diabetic Retinopathy
E:\eye diesea pred\Dataset 3\Eye Disease Image Dataset\Original Dataset\Original Dataset\Diabetic Retinopathy\DR1006.jpg,0,Diabetic Retinopathy
E:\eye diesea pred\Dataset 3\Eye Disease Image Dataset\Original Dataset\Original Dataset\Diabetic Retinopathy\DR460.jpg,0,Diabetic Retinopathy
E:\eye diesea pred\Dataset 3\Eye Disease Image Dataset\Original Dataset\Original Dataset\Diabetic Retinopathy\DR749.jpg,0,Diabetic Retinopathy
E:\eye diesea pred\Dataset 3\Eye Disease Image Dataset\Original Dataset\Original Dataset\Diabetic Retinopathy\DR887.jpg,0,Diabetic Retinopathy
E:\eye diesea pred\Dataset 3\Eye Disease Image Dataset\Original Dataset\Original Dataset\Diabetic Retinopathy\DR800.jpg,0,Diabetic Retinopathy
E:\eye diesea pred\Dataset 3\Eye Disease Image Dataset\Original Dataset\Original Dataset\Diabetic Retinopathy\DR1291.jpg,0,Diabetic Retinopathy
E:\eye diesea pred\Dataset 3\Eye Disease Image Dataset\Original Dataset\Original Dataset\Diabetic Retinopathy\DR760.jpg,0,Diabetic Retinopathy
E:\eye diesea pred\Dataset 3\Eye Disease Image Dataset\Original Dataset\Original Dataset\Diabetic Retinopathy\DR1472.jpg,0,Diabetic Retinopathy
E:\eye diesea pred\Dataset 3\Eye Disease Image Dataset\Original Dataset\Original Dataset\Diabetic Retinopathy\DR974.jpg,0,Diabetic Retinopathy
E:\eye diesea pred\Dataset 3\Eye Disease Image Dataset\Original Dataset\Original Dataset\Diabetic Retinopathy\DR131.jpg,0,Diabetic Retinopathy
E:\eye diesea pred\Dataset 3\Eye Disease Image Dataset\Original Dataset\Original Dataset\Diabetic Retinopathy\DR890.jpg,0,Diabetic Retinopathy
E:\eye diesea pred\Dataset 3\Eye Disease Image Dataset\Original Dataset\Original Dataset\Diabetic Retinopathy\DR700.jpg,0,Diabetic Retinopathy
E:\eye diesea pred\Dataset 3\Eye Disease Image Dataset\Original Dataset\Original Dataset\Diabetic Retinopathy\DR6.jpg,0,Diabetic Retinopathy
E:\eye diesea pred\Dataset 3\Eye Disease Image Dataset\Original Dataset\Original Dataset\Diabetic Retinopathy\DR776.jpg,0,Diabetic Retinopathy
E:\eye diesea pred\Dataset 3\Eye Disease Image Dataset\Original Dataset\Original Dataset\Diabetic Retinopathy\DR1519.jpg,0,Diabetic Retinopathy
E:\eye diesea pred\Dataset 3\Eye Disease Image Dataset\Original Dataset\Original Dataset\Diabetic Retinopathy\DR601.jpg,0,Diabetic Retinopathy
E:\eye diesea pred\Dataset 3\Eye Disease Image Dataset\Original Dataset\Original Dataset\Diabetic Retinopathy\DR847.jpg,0,Diabetic Retinopathy
E:\eye diesea pred\Dataset 3\Eye Disease Image Dataset\Original Dataset\Original Dataset\Diabetic Retinopathy\DR568.jpg,0,Diabetic Retinopathy
E:\eye diesea pred\Dataset 3\Eye Disease Image Dataset\Original Dataset\Original Dataset\Diabetic Retinopathy\DR345.jpg,0,Diabetic Retinopathy
E:\eye diesea pred\Dataset 3\Eye Disease Image Dataset\Original Dataset\Original Dataset\Diabetic Retinopathy\DR1443.jpg,0,Diabetic Retinopathy
E:\eye diesea pred\Dataset 3\Eye Disease Image Dataset\Original Dataset\Original Dataset\Diabetic Retinopathy\DR411.jpg,0,Diabetic Retinopathy
E:\eye diesea pred\Dataset 3\Eye Disease Image Dataset\Original Dataset\Original Dataset\Diabetic Retinopathy\DR1432.jpg,0,Diabetic Retinopathy
E:\eye diesea pred\Dataset 3\Eye Disease Image Dataset\Original Dataset\Original Dataset\Diabetic Retinopathy\DR606.jpg,0,Diabetic Retinopathy
E:\eye diesea pred\Dataset 3\Eye Disease Image Dataset\Original Dataset\Original Dataset\Diabetic Retinopathy\DR937.jpg,0,Diabetic Retinopathy
E:\eye diesea pred\Dataset 3\Eye Disease Image Dataset\Original Dataset\Original Dataset\Diabetic Retinopathy\DR698.jpg,0,Diabetic Retinopathy
E:\eye diesea pred\Dataset 3\Eye Disease Image Dataset\Original Dataset\Original Dataset\Diabetic Retinopathy\DR945.jpg,0,Diabetic Retinopathy
E:\eye diesea pred\Dataset 3\Eye Disease Image Dataset\Original Dataset\Original Dataset\Diabetic Retinopathy\DR190.jpg,0,Diabetic Retinopathy
E:\eye diesea pred\Dataset 3\Eye Disease Image Dataset\Original Dataset\Original Dataset\Diabetic Retinopathy\DR186.jpg,0,Diabetic Retinopathy
E:\eye diesea pred\Dataset 3\Eye Disease Image Dataset\Original Dataset\Original Dataset\Diabetic Retinopathy\DR848.jpg,0,Diabetic Retinopathy
E:\eye diesea pred\Dataset 3\Eye Disease Image Dataset\Original Dataset\Original Dataset\Diabetic Retinopathy\DR504.jpg,0,Diabetic Retinopathy
E:\eye diesea pred\Dataset 3\Eye Disease Image Dataset\Original Dataset\Original Dataset\Diabetic Retinopathy\DR1083.jpg,0,Diabetic Retinopathy
E:\eye diesea pred\Dataset 3\Eye Disease Image Dataset\Original Dataset\Original Dataset\Diabetic Retinopathy\DR295.jpg,0,Diabetic Retinopathy
E:\eye diesea pred\Dataset 3\Eye Disease Image Dataset\Original Dataset\Original Dataset\Diabetic Retinopathy\DR340.jpg,0,Diabetic Retinopathy
E:\eye diesea pred\Dataset 3\Eye Disease Image Dataset\Original Dataset\Original Dataset\Diabetic Retinopathy\DR1121.jpg,0,Diabetic Retinopathy
E:\eye diesea pred\Dataset 3\Eye Disease Image Dataset\Original Dataset\Original Dataset\Diabetic Retinopathy\DR1370.jpg,0,Diabetic Retinopathy
E:\eye diesea pred\Dataset 3\Eye Disease Image Dataset\Original Dataset\Original Dataset\Diabetic Retinopathy\DR59.jpg,0,Diabetic Retinopathy
E:\eye diesea pred\Dataset 3\Eye Disease Image Dataset\Original Dataset\Original Dataset\Diabetic Retinopathy\DR930.jpg,0,Diabetic Retinopathy
E:\eye diesea pred\Dataset 3\Eye Disease Image Dataset\Original Dataset\Original Dataset\Diabetic Retinopathy\DR584.jpg,0,Diabetic Retinopathy
E:\eye diesea pred\Dataset 3\Eye Disease Image Dataset\Original Dataset\Original Dataset\Diabetic Retinopathy\DR62.jpg,0,Diabetic Retinopathy
E:\eye diesea pred\Dataset 3\Eye Disease Image Dataset\Original Dataset\Original Dataset\Diabetic Retinopathy\DR267.jpg,0,Diabetic Retinopathy
E:\eye diesea pred\Dataset 3\Eye Disease Image Dataset\Original Dataset\Original Dataset\Diabetic Retinopathy\DR604.jpg,0,Diabetic Retinopathy
E:\eye diesea pred\Dataset 3\Eye Disease Image Dataset\Original Dataset\Original Dataset\Diabetic Retinopathy\DR931.jpg,0,Diabetic Retinopathy
E:\eye diesea pred\Dataset 3\Eye Disease Image Dataset\Original Dataset\Original Dataset\Diabetic Retinopathy\DR1520.jpg,0,Diabetic Retinopathy
E:\eye diesea pred\Dataset 3\Eye Disease Image Dataset\Original Dataset\Original Dataset\Diabetic Retinopathy\DR762.jpg,0,Diabetic Retinopathy
E:\eye diesea pred\Dataset 3\Eye Disease Image Dataset\Original Dataset\Original Dataset\Diabetic Retinopathy\DR1153.jpg,0,Diabetic Retinopathy
E:\eye diesea pred\Dataset 3\Eye Disease Image Dataset\Original Dataset\Original Dataset\Diabetic Retinopathy\DR1489.jpg,0,Diabetic Retinopathy
E:\eye diesea pred\Dataset 3\Eye Disease Image Dataset\Original Dataset\Original Dataset\Diabetic Retinopathy\DR767.jpg,0,Diabetic Retinopathy
E:\eye diesea pred\Dataset 3\Eye Disease Image Dataset\Original Dataset\Original Dataset\Diabetic Retinopathy\DR290.jpg,0,Diabetic Retinopathy
E:\eye diesea pred\Dataset 3\Eye Disease Image Dataset\Original Dataset\Original Dataset\Diabetic Retinopathy\DR105.jpg,0,Diabetic Retinopathy
E:\eye diesea pred\Dataset 3\Eye Disease Image Dataset\Original Dataset\Original Dataset\Diabetic Retinopathy\DR1353.jpg,0,Diabetic Retinopathy
E:\eye diesea pred\Dataset 3\Eye Disease Image Dataset\Original Dataset\Original Dataset\Diabetic Retinopathy\DR1030.jpg,0,Diabetic Retinopathy
E:\eye diesea pred\Dataset 3\Eye Disease Image Dataset\Original Dataset\Original Dataset\Diabetic Retinopathy\DR350.jpg,0,Diabetic Retinopathy
E:\eye diesea pred\Dataset 3\Eye Disease Image Dataset\Original Dataset\Original Dataset\Diabetic Retinopathy\DR1346.jpg,0,Diabetic Retinopathy
E:\eye diesea pred\Dataset 3\Eye Disease Image Dataset\Original Dataset\Original Dataset\Diabetic Retinopathy\DR259.jpg,0,Diabetic Retinopathy
E:\eye diesea pred\Dataset 3\Eye Disease Image Dataset\Original Dataset\Original Dataset\Diabetic Retinopathy\DR71.jpg,0,Diabetic Retinopathy
E:\eye diesea pred\Dataset 3\Eye Disease Image Dataset\Original Dataset\Original Dataset\Diabetic Retinopathy\DR541.jpg,0,Diabetic Retinopathy
E:\eye diesea pred\Dataset 3\Eye Disease Image Dataset\Original Dataset\Original Dataset\Diabetic Retinopathy\DR36.jpg,0,Diabetic Retinopathy
E:\eye diesea pred\Dataset 3\Eye Disease Image Dataset\Original Dataset\Original Dataset\Diabetic Retinopathy\DR1288.jpg,0,Diabetic Retinopathy
E:\eye diesea pred\Dataset 3\Eye Disease Image Dataset\Original Dataset\Original Dataset\Diabetic Retinopathy\DR173.jpg,0,Diabetic Retinopathy
E:\eye diesea pred\Dataset 3\Eye Disease Image Dataset\Original Dataset\Original Dataset\Diabetic Retinopathy\DR1441.jpg,0,Diabetic Retinopathy
E:\eye diesea pred\Dataset 3\Eye Disease Image Dataset\Original Dataset\Original Dataset\Diabetic Retinopathy\DR638.jpg,0,Diabetic Retinopathy
E:\eye diesea pred\Dataset 3\Eye Disease Image Dataset\Original Dataset\Original Dataset\Diabetic Retinopathy\DR854.jpg,0,Diabetic Retinopathy
E:\eye diesea pred\Dataset 3\Eye Disease Image Dataset\Original Dataset\Original Dataset\Diabetic Retinopathy\DR49.jpg,0,Diabetic Retinopathy
E:\eye diesea pred\Dataset 3\Eye Disease Image Dataset\Original Dataset\Original Dataset\Diabetic Retinopathy\DR491.jpg,0,Diabetic Retinopathy
E:\eye diesea pred\Dataset 3\Eye Disease Image Dataset\Original Dataset\Original Dataset\Diabetic Retinopathy\DR834.jpg,0,Diabetic Retinopathy
E:\eye diesea pred\Dataset 3\Eye Disease Image Dataset\Original Dataset\Original Dataset\Diabetic Retinopathy\DR56.jpg,0,Diabetic Retinopathy
E:\eye diesea pred\Dataset 3\Eye Disease Image Dataset\Original Dataset\Original Dataset\Diabetic Retinopathy\DR1378.jpg,0,Diabetic Retinopathy
E:\eye diesea pred\Dataset 3\Eye Disease Image Dataset\Original Dataset\Original Dataset\Diabetic Retinopathy\DR1282.jpg,0,Diabetic Retinopathy
E:\eye diesea pred\Dataset 3\Eye Disease Image Dataset\Original Dataset\Original Dataset\Diabetic Retinopathy\DR651.jpg,0,Diabetic Retinopathy
E:\eye diesea pred\Dataset 3\Eye Disease Image Dataset\Original Dataset\Original Dataset\Diabetic Retinopathy\DR1464.jpg,0,Diabetic Retinopathy
E:\eye diesea pred\Dataset 3\Eye Disease Image Dataset\Original Dataset\Original Dataset\Diabetic Retinopathy\DR1466.jpg,0,Diabetic Retinopathy
E:\eye diesea pred\Dataset 3\Eye Disease Image Dataset\Original Dataset\Original Dataset\Diabetic Retinopathy\DR1415.jpg,0,Diabetic Retinopathy
E:\eye diesea pred\Dataset 3\Eye Disease Image Dataset\Original Dataset\Original Dataset\Diabetic Retinopathy\DR507.jpg,0,Diabetic Retinopathy
E:\eye diesea pred\Dataset 3\Eye Disease Image Dataset\Original Dataset\Original Dataset\Diabetic Retinopathy\DR473.jpg,0,Diabetic Retinopathy
E:\eye diesea pred\Dataset 3\Eye Disease Image Dataset\Original Dataset\Original Dataset\Diabetic Retinopathy\DR771.jpg,0,Diabetic Retinopathy
E:\eye diesea pred\Dataset 3\Eye Disease Image Dataset\Original Dataset\Original Dataset\Diabetic Retinopathy\DR262.jpg,0,Diabetic Retinopathy
E:\eye diesea pred\Dataset 3\Eye Disease Image Dataset\Original Dataset\Original Dataset\Diabetic Retinopathy\DR286.jpg,0,Diabetic Retinopathy
E:\eye diesea pred\Dataset 3\Eye Disease Image Dataset\Original Dataset\Original Dataset\Diabetic Retinopathy\DR1038.jpg,0,Diabetic Retinopathy
E:\eye diesea pred\Dataset 3\Eye Disease Image Dataset\Original Dataset\Original Dataset\Diabetic Retinopathy\DR1467.jpg,0,Diabetic Retinopathy
E:\eye diesea pred\Dataset 3\Eye Disease Image Dataset\Original Dataset\Original Dataset\Diabetic Retinopathy\DR35.jpg,0,Diabetic Retinopathy
E:\eye diesea pred\Dataset 3\Eye Disease Image Dataset\Original Dataset\Original Dataset\Diabetic Retinopathy\DR1266.jpg,0,Diabetic Retinopathy
E:\eye diesea pred\Dataset 3\Eye Disease Image Dataset\Original Dataset\Original Dataset\Diabetic Retinopathy\DR220.jpg,0,Diabetic Retinopathy
E:\eye diesea pred\Dataset 3\Eye Disease Image Dataset\Original Dataset\Original Dataset\Diabetic Retinopathy\DR796.jpg,0,Diabetic Retinopathy
E:\eye diesea pred\Dataset 3\Eye Disease Image Dataset\Original Dataset\Original Dataset\Diabetic Retinopathy\DR860.jpg,0,Diabetic Retinopathy
E:\eye diesea pred\Dataset 3\Eye Disease Image Dataset\Original Dataset\Original Dataset\Diabetic Retinopathy\DR235.jpg,0,Diabetic Retinopathy
E:\eye diesea pred\Dataset 3\Eye Disease Image Dataset\Original Dataset\Original Dataset\Diabetic Retinopathy\DR919.jpg,0,Diabetic Retinopathy
E:\eye diesea pred\Dataset 3\Eye Disease Image Dataset\Original Dataset\Original Dataset\Diabetic Retinopathy\DR1140.jpg,0,Diabetic Retinopathy
E:\eye diesea pred\Dataset 3\Eye Disease Image Dataset\Original Dataset\Original Dataset\Diabetic Retinopathy\DR338.jpg,0,Diabetic Retinopathy
E:\eye diesea pred\Dataset 3\Eye Disease Image Dataset\Original Dataset\Original Dataset\Diabetic Retinopathy\DR1042.jpg,0,Diabetic Retinopathy
E:\eye diesea pred\Dataset 3\Eye Disease Image Dataset\Original Dataset\Original Dataset\Diabetic Retinopathy\DR293.jpg,0,Diabetic Retinopathy
E:\eye diesea pred\Dataset 3\Eye Disease Image Dataset\Original Dataset\Original Dataset\Diabetic Retinopathy\DR66.jpg,0,Diabetic Retinopathy
E:\eye diesea pred\Dataset 3\Eye Disease Image Dataset\Original Dataset\Original Dataset\Diabetic Retinopathy\DR648.jpg,0,Diabetic Retinopathy
E:\eye diesea pred\Dataset 3\Eye Disease Image Dataset\Original Dataset\Original Dataset\Diabetic Retinopathy\DR11.jpg,0,Diabetic Retinopathy
E:\eye diesea pred\Dataset 3\Eye Disease Image Dataset\Original Dataset\Original Dataset\Diabetic Retinopathy\DR28.jpg,0,Diabetic Retinopathy
E:\eye diesea pred\Dataset 3\Eye Disease Image Dataset\Original Dataset\Original Dataset\Diabetic Retinopathy\DR15.jpg,0,Diabetic Retinopathy
E:\eye diesea pred\Dataset 3\Eye Disease Image Dataset\Original Dataset\Original Dataset\Diabetic Retinopathy\DR922.jpg,0,Diabetic Retinopathy
E:\eye diesea pred\Dataset 3\Eye Disease Image Dataset\Original Dataset\Original Dataset\Diabetic Retinopathy\DR302.jpg,0,Diabetic Retinopathy
E:\eye diesea pred\Dataset 3\Eye Disease Image Dataset\Original Dataset\Original Dataset\Diabetic Retinopathy\DR514.jpg,0,Diabetic Retinopathy
E:\eye diesea pred\Dataset 3\Eye Disease Image Dataset\Original Dataset\Original Dataset\Diabetic Retinopathy\DR845.jpg,0,Diabetic Retinopathy
E:\eye diesea pred\Dataset 3\Eye Disease Image Dataset\Original Dataset\Original Dataset\Diabetic Retinopathy\DR683.jpg,0,Diabetic Retinopathy
E:\eye diesea pred\Dataset 3\Eye Disease Image Dataset\Original Dataset\Original Dataset\Diabetic Retinopathy\DR1500.jpg,0,Diabetic Retinopathy
E:\eye diesea pred\Dataset 3\Eye Disease Image Dataset\Original Dataset\Original Dataset\Diabetic Retinopathy\DR1008.jpg,0,Diabetic Retinopathy
E:\eye diesea pred\Dataset 3\Eye Disease Image Dataset\Original Dataset\Original Dataset\Diabetic Retinopathy\DR464.jpg,0,Diabetic Retinopathy
E:\eye diesea pred\Dataset 3\Eye Disease Image Dataset\Original Dataset\Original Dataset\Diabetic Retinopathy\DR616.jpg,0,Diabetic Retinopathy
E:\eye diesea pred\Dataset 3\Eye Disease Image Dataset\Original Dataset\Original Dataset\Diabetic Retinopathy\DR809.jpg,0,Diabetic Retinopathy
E:\eye diesea pred\Dataset 3\Eye Disease Image Dataset\Original Dataset\Original Dataset\Diabetic Retinopathy\DR1278.jpg,0,Diabetic Retinopathy
E:\eye diesea pred\Dataset 3\Eye Disease Image Dataset\Original Dataset\Original Dataset\Diabetic Retinopathy\DR278.jpg,0,Diabetic Retinopathy
E:\eye diesea pred\Dataset 3\Eye Disease Image Dataset\Original Dataset\Original Dataset\Diabetic Retinopathy\DR171.jpg,0,Diabetic Retinopathy
E:\eye diesea pred\Dataset 3\Eye Disease Image Dataset\Original Dataset\Original Dataset\Diabetic Retinopathy\DR1359.jpg,0,Diabetic Retinopathy
E:\eye diesea pred\Dataset 3\Eye Disease Image Dataset\Original Dataset\Original Dataset\Diabetic Retinopathy\DR418.jpg,0,Diabetic Retinopathy
E:\eye diesea pred\Dataset 3\Eye Disease Image Dataset\Original Dataset\Original Dataset\Diabetic Retinopathy\DR737.jpg,0,Diabetic Retinopathy
E:\eye diesea pred\Dataset 3\Eye Disease Image Dataset\Original Dataset\Original Dataset\Diabetic Retinopathy\DR429.jpg,0,Diabetic Retinopathy
E:\eye diesea pred\Dataset 3\Eye Disease Image Dataset\Original Dataset\Original Dataset\Diabetic Retinopathy\DR1326.jpg,0,Diabetic Retinopathy
E:\eye diesea pred\Dataset 3\Eye Disease Image Dataset\Original Dataset\Original Dataset\Diabetic Retinopathy\DR1113.jpg,0,Diabetic Retinopathy
E:\eye diesea pred\Dataset 3\Eye Disease Image Dataset\Original Dataset\Original Dataset\Diabetic Retinopathy\DR769.jpg,0,Diabetic Retinopathy
E:\eye diesea pred\Dataset 3\Eye Disease Image Dataset\Original Dataset\Original Dataset\Diabetic Retinopathy\DR659.jpg,0,Diabetic Retinopathy
E:\eye diesea pred\Dataset 3\Eye Disease Image Dataset\Original Dataset\Original Dataset\Diabetic Retinopathy\DR400.jpg,0,Diabetic Retinopathy
E:\eye diesea pred\Dataset 3\Eye Disease Image Dataset\Original Dataset\Original Dataset\Diabetic Retinopathy\DR1425.jpg,0,Diabetic Retinopathy
E:\eye diesea pred\Dataset 3\Eye Disease Image Dataset\Original Dataset\Original Dataset\Diabetic Retinopathy\DR1031.jpg,0,Diabetic Retinopathy
E:\eye diesea pred\Dataset 3\Eye Disease Image Dataset\Original Dataset\Original Dataset\Diabetic Retinopathy\DR1070.jpg,0,Diabetic Retinopathy
E:\eye diesea pred\Dataset 3\Eye Disease Image Dataset\Original Dataset\Original Dataset\Diabetic Retinopathy\DR390.jpg,0,Diabetic Retinopathy
E:\eye diesea pred\Dataset 3\Eye Disease Image Dataset\Original Dataset\Original Dataset\Diabetic Retinopathy\DR1363.jpg,0,Diabetic Retinopathy
E:\eye diesea pred\Dataset 3\Eye Disease Image Dataset\Original Dataset\Original Dataset\Diabetic Retinopathy\DR1212.jpg,0,Diabetic Retinopathy
E:\eye diesea pred\Dataset 3\Eye Disease Image Dataset\Original Dataset\Original Dataset\Diabetic Retinopathy\DR740.jpg,0,Diabetic Retinopathy
E:\eye diesea pred\Dataset 3\Eye Disease Image Dataset\Original Dataset\Original Dataset\Diabetic Retinopathy\DR200.jpg,0,Diabetic Retinopathy
E:\eye diesea pred\Dataset 3\Eye Disease Image Dataset\Original Dataset\Original Dataset\Diabetic Retinopathy\DR121.jpg,0,Diabetic Retinopathy
E:\eye diesea pred\Dataset 3\Eye Disease Image Dataset\Original Dataset\Original Dataset\Diabetic Retinopathy\DR630.jpg,0,Diabetic Retinopathy
E:\eye diesea pred\Dataset 3\Eye Disease Image Dataset\Original Dataset\Original Dataset\Diabetic Retinopathy\DR493.jpg,0,Diabetic Retinopathy
E:\eye diesea pred\Dataset 3\Eye Disease Image Dataset\Original Dataset\Original Dataset\Diabetic Retinopathy\DR831.jpg,0,Diabetic Retinopathy
E:\eye diesea pred\Dataset 3\Eye Disease Image Dataset\Original Dataset\Original Dataset\Diabetic Retinopathy\DR627.jpg,0,Diabetic Retinopathy
E:\eye diesea pred\Dataset 3\Eye Disease Image Dataset\Original Dataset\Original Dataset\Diabetic Retinopathy\DR1509.jpg,0,Diabetic Retinopathy
E:\eye diesea pred\Dataset 3\Eye Disease Image Dataset\Original Dataset\Original Dataset\Diabetic Retinopathy\DR166.jpg,0,Diabetic Retinopathy
E:\eye diesea pred\Dataset 3\Eye Disease Image Dataset\Original Dataset\Original Dataset\Diabetic Retinopathy\DR215.jpg,0,Diabetic Retinopathy
E:\eye diesea pred\Dataset 3\Eye Disease Image Dataset\Original Dataset\Original Dataset\Diabetic Retinopathy\DR294.jpg,0,Diabetic Retinopathy
E:\eye diesea pred\Dataset 3\Eye Disease Image Dataset\Original Dataset\Original Dataset\Diabetic Retinopathy\DR650.jpg,0,Diabetic Retinopathy
E:\eye diesea pred\Dataset 3\Eye Disease Image Dataset\Original Dataset\Original Dataset\Diabetic Retinopathy\DR1079.jpg,0,Diabetic Retinopathy
E:\eye diesea pred\Dataset 3\Eye Disease Image Dataset\Original Dataset\Original Dataset\Diabetic Retinopathy\DR167.jpg,0,Diabetic Retinopathy
E:\eye diesea pred\Dataset 3\Eye Disease Image Dataset\Original Dataset\Original Dataset\Diabetic Retinopathy\DR1081.jpg,0,Diabetic Retinopathy
E:\eye diesea pred\Dataset 3\Eye Disease Image Dataset\Original Dataset\Original Dataset\Diabetic Retinopathy\DR222.jpg,0,Diabetic Retinopathy
E:\eye diesea pred\Dataset 3\Eye Disease Image Dataset\Original Dataset\Original Dataset\Diabetic Retinopathy\DR1345.jpg,0,Diabetic Retinopathy
E:\eye diesea pred\Dataset 3\Eye Disease Image Dataset\Original Dataset\Original Dataset\Diabetic Retinopathy\DR685.jpg,0,Diabetic Retinopathy
E:\eye diesea pred\Dataset 3\Eye Disease Image Dataset\Original Dataset\Original Dataset\Diabetic Retinopathy\DR1110.jpg,0,Diabetic Retinopathy
E:\eye diesea pred\Dataset 3\Eye Disease Image Dataset\Original Dataset\Original Dataset\Diabetic Retinopathy\DR816.jpg,0,Diabetic Retinopathy
E:\eye diesea pred\Dataset 3\Eye Disease Image Dataset\Original Dataset\Original Dataset\Diabetic Retinopathy\DR1197.jpg,0,Diabetic Retinopathy
E:\eye diesea pred\Dataset 3\Eye Disease Image Dataset\Original Dataset\Original Dataset\Diabetic Retinopathy\DR750.jpg,0,Diabetic Retinopathy
E:\eye diesea pred\Dataset 3\Eye Disease Image Dataset\Original Dataset\Original Dataset\Diabetic Retinopathy\DR199.jpg,0,Diabetic Retinopathy
E:\eye diesea pred\Dataset 3\Eye Disease Image Dataset\Original Dataset\Original Dataset\Diabetic Retinopathy\DR515.jpg,0,Diabetic Retinopathy
E:\eye diesea pred\Dataset 3\Eye Disease Image Dataset\Original Dataset\Original Dataset\Diabetic Retinopathy\DR1023.jpg,0,Diabetic Retinopathy
E:\eye diesea pred\Dataset 3\Eye Disease Image Dataset\Original Dataset\Original Dataset\Diabetic Retinopathy\DR1148.jpg,0,Diabetic Retinopathy
E:\eye diesea pred\Dataset 3\Eye Disease Image Dataset\Original Dataset\Original Dataset\Diabetic Retinopathy\DR865.jpg,0,Diabetic Retinopathy
E:\eye diesea pred\Dataset 3\Eye Disease Image Dataset\Original Dataset\Original Dataset\Diabetic Retinopathy\DR248.jpg,0,Diabetic Retinopathy
E:\eye diesea pred\Dataset 3\Eye Disease Image Dataset\Original Dataset\Original Dataset\Diabetic Retinopathy\DR1136.jpg,0,Diabetic Retinopathy
E:\eye diesea pred\Dataset 3\Eye Disease Image Dataset\Original Dataset\Original Dataset\Diabetic Retinopathy\DR484.jpg,0,Diabetic Retinopathy
E:\eye diesea pred\Dataset 3\Eye Disease Image Dataset\Original Dataset\Original Dataset\Diabetic Retinopathy\DR1202.jpg,0,Diabetic Retinopathy
E:\eye diesea pred\Dataset 3\Eye Disease Image Dataset\Original Dataset\Original Dataset\Diabetic Retinopathy\DR157.jpg,0,Diabetic Retinopathy
E:\eye diesea pred\Dataset 3\Eye Disease Image Dataset\Original Dataset\Original Dataset\Diabetic Retinopathy\DR738.jpg,0,Diabetic Retinopathy
E:\eye diesea pred\Dataset 3\Eye Disease Image Dataset\Original Dataset\Original Dataset\Diabetic Retinopathy\DR625.jpg,0,Diabetic Retinopathy
E:\eye diesea pred\Dataset 3\Eye Disease Image Dataset\Original Dataset\Original Dataset\Diabetic Retinopathy\DR81.jpg,0,Diabetic Retinopathy
E:\eye diesea pred\Dataset 3\Eye Disease Image Dataset\Original Dataset\Original Dataset\Diabetic Retinopathy\DR193.jpg,0,Diabetic Retinopathy
E:\eye diesea pred\Dataset 3\Eye Disease Image Dataset\Original Dataset\Original Dataset\Diabetic Retinopathy\DR177.jpg,0,Diabetic Retinopathy
E:\eye diesea pred\Dataset 3\Eye Disease Image Dataset\Original Dataset\Original Dataset\Diabetic Retinopathy\DR613.jpg,0,Diabetic Retinopathy
E:\eye diesea pred\Dataset 3\Eye Disease Image Dataset\Original Dataset\Original Dataset\Diabetic Retinopathy\DR213.jpg,0,Diabetic Retinopathy
E:\eye diesea pred\Dataset 3\Eye Disease Image Dataset\Original Dataset\Original Dataset\Diabetic Retinopathy\DR743.jpg,0,Diabetic Retinopathy
E:\eye diesea pred\Dataset 3\Eye Disease Image Dataset\Original Dataset\Original Dataset\Diabetic Retinopathy\DR1377.jpg,0,Diabetic Retinopathy
E:\eye diesea pred\Dataset 3\Eye Disease Image Dataset\Original Dataset\Original Dataset\Diabetic Retinopathy\DR863.jpg,0,Diabetic Retinopathy
E:\eye diesea pred\Dataset 3\Eye Disease Image Dataset\Original Dataset\Original Dataset\Diabetic Retinopathy\DR1334.jpg,0,Diabetic Retinopathy
E:\eye diesea pred\Dataset 3\Eye Disease Image Dataset\Original Dataset\Original Dataset\Diabetic Retinopathy\DR1435.jpg,0,Diabetic Retinopathy
E:\eye diesea pred\Dataset 3\Eye Disease Image Dataset\Original Dataset\Original Dataset\Diabetic Retinopathy\DR668.jpg,0,Diabetic Retinopathy
E:\eye diesea pred\Dataset 3\Eye Disease Image Dataset\Original Dataset\Original Dataset\Diabetic Retinopathy\DR264.jpg,0,Diabetic Retinopathy
E:\eye diesea pred\Dataset 3\Eye Disease Image Dataset\Original Dataset\Original Dataset\Diabetic Retinopathy\DR1343.jpg,0,Diabetic Retinopathy
E:\eye diesea pred\Dataset 3\Eye Disease Image Dataset\Original Dataset\Original Dataset\Diabetic Retinopathy\DR1173.jpg,0,Diabetic Retinopathy
E:\eye diesea pred\Dataset 3\Eye Disease Image Dataset\Original Dataset\Original Dataset\Diabetic Retinopathy\DR1244.jpg,0,Diabetic Retinopathy
E:\eye diesea pred\Dataset 3\Eye Disease Image Dataset\Original Dataset\Original Dataset\Diabetic Retinopathy\DR699.jpg,0,Diabetic Retinopathy
E:\eye diesea pred\Dataset 3\Eye Disease Image Dataset\Original Dataset\Original Dataset\Diabetic Retinopathy\DR115.jpg,0,Diabetic Retinopathy
E:\eye diesea pred\Dataset 3\Eye Disease Image Dataset\Original Dataset\Original Dataset\Diabetic Retinopathy\DR54.jpg,0,Diabetic Retinopathy
E:\eye diesea pred\Dataset 3\Eye Disease Image Dataset\Original Dataset\Original Dataset\Diabetic Retinopathy\DR257.jpg,0,Diabetic Retinopathy
E:\eye diesea pred\Dataset 3\Eye Disease Image Dataset\Original Dataset\Original Dataset\Diabetic Retinopathy\DR642.jpg,0,Diabetic Retinopathy
E:\eye diesea pred\Dataset 3\Eye Disease Image Dataset\Original Dataset\Original Dataset\Diabetic Retinopathy\DR315.jpg,0,Diabetic Retinopathy
E:\eye diesea pred\Dataset 3\Eye Disease Image Dataset\Original Dataset\Original Dataset\Diabetic Retinopathy\DR543.jpg,0,Diabetic Retinopathy
E:\eye diesea pred\Dataset 3\Eye Disease Image Dataset\Original Dataset\Original Dataset\Diabetic Retinopathy\DR91.jpg,0,Diabetic Retinopathy
E:\eye diesea pred\Dataset 3\Eye Disease Image Dataset\Original Dataset\Original Dataset\Diabetic Retinopathy\DR435.jpg,0,Diabetic Retinopathy
E:\eye diesea pred\Dataset 3\Eye Disease Image Dataset\Original Dataset\Original Dataset\Diabetic Retinopathy\DR1032.jpg,0,Diabetic Retinopathy
E:\eye diesea pred\Dataset 3\Eye Disease Image Dataset\Original Dataset\Original Dataset\Diabetic Retinopathy\DR438.jpg,0,Diabetic Retinopathy
E:\eye diesea pred\Dataset 3\Eye Disease Image Dataset\Original Dataset\Original Dataset\Diabetic Retinopathy\DR362.jpg,0,Diabetic Retinopathy
E:\eye diesea pred\Dataset 3\Eye Disease Image Dataset\Original Dataset\Original Dataset\Diabetic Retinopathy\DR961.jpg,0,Diabetic Retinopathy
E:\eye diesea pred\Dataset 3\Eye Disease Image Dataset\Original Dataset\Original Dataset\Diabetic Retinopathy\DR275.jpg,0,Diabetic Retinopathy
E:\eye diesea pred\Dataset 3\Eye Disease Image Dataset\Original Dataset\Original Dataset\Diabetic Retinopathy\DR1470.jpg,0,Diabetic Retinopathy
E:\eye diesea pred\Dataset 3\Eye Disease Image Dataset\Original Dataset\Original Dataset\Diabetic Retinopathy\DR50.jpg,0,Diabetic Retinopathy
E:\eye diesea pred\Dataset 3\Eye Disease Image Dataset\Original Dataset\Original Dataset\Diabetic Retinopathy\DR1240.jpg,0,Diabetic Retinopathy
E:\eye diesea pred\Dataset 3\Eye Disease Image Dataset\Original Dataset\Original Dataset\Diabetic Retinopathy\DR133.jpg,0,Diabetic Retinopathy
E:\eye diesea pred\Dataset 3\Eye Disease Image Dataset\Original Dataset\Original Dataset\Diabetic Retinopathy\DR393.jpg,0,Diabetic Retinopathy
E:\eye diesea pred\Dataset 3\Eye Disease Image Dataset\Original Dataset\Original Dataset\Diabetic Retinopathy\DR383.jpg,0,Diabetic Retinopathy
E:\eye diesea pred\Dataset 3\Eye Disease Image Dataset\Original Dataset\Original Dataset\Diabetic Retinopathy\DR1493.jpg,0,Diabetic Retinopathy
E:\eye diesea pred\Dataset 3\Eye Disease Image Dataset\Original Dataset\Original Dataset\Diabetic Retinopathy\DR1270.jpg,0,Diabetic Retinopathy
E:\eye diesea pred\Dataset 3\Eye Disease Image Dataset\Original Dataset\Original Dataset\Diabetic Retinopathy\DR217.jpg,0,Diabetic Retinopathy
E:\eye diesea pred\Dataset 3\Eye Disease Image Dataset\Original Dataset\Original Dataset\Diabetic Retinopathy\DR794.jpg,0,Diabetic Retinopathy
E:\eye diesea pred\Dataset 3\Eye Disease Image Dataset\Original Dataset\Original Dataset\Diabetic Retinopathy\DR623.jpg,0,Diabetic Retinopathy
E:\eye diesea pred\Dataset 3\Eye Disease Image Dataset\Original Dataset\Original Dataset\Diabetic Retinopathy\DR896.jpg,0,Diabetic Retinopathy
E:\eye diesea pred\Dataset 3\Eye Disease Image Dataset\Original Dataset\Original Dataset\Diabetic Retinopathy\DR309.jpg,0,Diabetic Retinopathy
E:\eye diesea pred\Dataset 3\Eye Disease Image Dataset\Original Dataset\Original Dataset\Diabetic Retinopathy\DR93.jpg,0,Diabetic Retinopathy
E:\eye diesea pred\Dataset 3\Eye Disease Image Dataset\Original Dataset\Original Dataset\Diabetic Retinopathy\DR258.jpg,0,Diabetic Retinopathy
E:\eye diesea pred\Dataset 3\Eye Disease Image Dataset\Original Dataset\Original Dataset\Diabetic Retinopathy\DR928.jpg,0,Diabetic Retinopathy
E:\eye diesea pred\Dataset 3\Eye Disease Image Dataset\Original Dataset\Original Dataset\Diabetic Retinopathy\DR663.jpg,0,Diabetic Retinopathy
E:\eye diesea pred\Dataset 3\Eye Disease Image Dataset\Original Dataset\Original Dataset\Diabetic Retinopathy\DR547.jpg,0,Diabetic Retinopathy
E:\eye diesea pred\Dataset 3\Eye Disease Image Dataset\Original Dataset\Original Dataset\Diabetic Retinopathy\DR1216.jpg,0,Diabetic Retinopathy
E:\eye diesea pred\Dataset 3\Eye Disease Image Dataset\Original Dataset\Original Dataset\Diabetic Retinopathy\DR1341.jpg,0,Diabetic Retinopathy
E:\eye diesea pred\Dataset 3\Eye Disease Image Dataset\Original Dataset\Original Dataset\Diabetic Retinopathy\DR455.jpg,0,Diabetic Retinopathy
E:\eye diesea pred\Dataset 3\Eye Disease Image Dataset\Original Dataset\Original Dataset\Diabetic Retinopathy\DR1018.jpg,0,Diabetic Retinopathy
E:\eye diesea pred\Dataset 3\Eye Disease Image Dataset\Original Dataset\Original Dataset\Diabetic Retinopathy\DR1458.jpg,0,Diabetic Retinopathy
E:\eye diesea pred\Dataset 3\Eye Disease Image Dataset\Original Dataset\Original Dataset\Diabetic Retinopathy\DR73.jpg,0,Diabetic Retinopathy
E:\eye diesea pred\Dataset 3\Eye Disease Image Dataset\Original Dataset\Original Dataset\Diabetic Retinopathy\DR1440.jpg,0,Diabetic Retinopathy
E:\eye diesea pred\Dataset 3\Eye Disease Image Dataset\Original Dataset\Original Dataset\Diabetic Retinopathy\DR436.jpg,0,Diabetic Retinopathy
E:\eye diesea pred\Dataset 3\Eye Disease Image Dataset\Original Dataset\Original Dataset\Diabetic Retinopathy\DR994.jpg,0,Diabetic Retinopathy
E:\eye diesea pred\Dataset 3\Eye Disease Image Dataset\Original Dataset\Original Dataset\Diabetic Retinopathy\DR1504.jpg,0,Diabetic Retinopathy
E:\eye diesea pred\Dataset 3\Eye Disease Image Dataset\Original Dataset\Original Dataset\Diabetic Retinopathy\DR462.jpg,0,Diabetic Retinopathy
E:\eye diesea pred\Dataset 3\Eye Disease Image Dataset\Original Dataset\Original Dataset\Diabetic Retinopathy\DR801.jpg,0,Diabetic Retinopathy
E:\eye diesea pred\Dataset 3\Eye Disease Image Dataset\Original Dataset\Original Dataset\Diabetic Retinopathy\DR40.jpg,0,Diabetic Retinopathy
E:\eye diesea pred\Dataset 3\Eye Disease Image Dataset\Original Dataset\Original Dataset\Diabetic Retinopathy\DR779.jpg,0,Diabetic Retinopathy
E:\eye diesea pred\Dataset 3\Eye Disease Image Dataset\Original Dataset\Original Dataset\Diabetic Retinopathy\DR670.jpg,0,Diabetic Retinopathy
E:\eye diesea pred\Dataset 3\Eye Disease Image Dataset\Original Dataset\Original Dataset\Diabetic Retinopathy\DR135.jpg,0,Diabetic Retinopathy
E:\eye diesea pred\Dataset 3\Eye Disease Image Dataset\Original Dataset\Original Dataset\Diabetic Retinopathy\DR1384.jpg,0,Diabetic Retinopathy
E:\eye diesea pred\Dataset 3\Eye Disease Image Dataset\Original Dataset\Original Dataset\Diabetic Retinopathy\DR1151.jpg,0,Diabetic Retinopathy
E:\eye diesea pred\Dataset 3\Eye Disease Image Dataset\Original Dataset\Original Dataset\Diabetic Retinopathy\DR1157.jpg,0,Diabetic Retinopathy
E:\eye diesea pred\Dataset 3\Eye Disease Image Dataset\Original Dataset\Original Dataset\Diabetic Retinopathy\DR901.jpg,0,Diabetic Retinopathy
E:\eye diesea pred\Dataset 3\Eye Disease Image Dataset\Original Dataset\Original Dataset\Diabetic Retinopathy\DR1474.jpg,0,Diabetic Retinopathy
E:\eye diesea pred\Dataset 3\Eye Disease Image Dataset\Original Dataset\Original Dataset\Diabetic Retinopathy\DR94.jpg,0,Diabetic Retinopathy
E:\eye diesea pred\Dataset 3\Eye Disease Image Dataset\Original Dataset\Original Dataset\Diabetic Retinopathy\DR1514.jpg,0,Diabetic Retinopathy
E:\eye diesea pred\Dataset 3\Eye Disease Image Dataset\Original Dataset\Original Dataset\Diabetic Retinopathy\DR512.jpg,0,Diabetic Retinopathy
E:\eye diesea pred\Dataset 3\Eye Disease Image Dataset\Original Dataset\Original Dataset\Diabetic Retinopathy\DR89.jpg,0,Diabetic Retinopathy
E:\eye diesea pred\Dataset 3\Eye Disease Image Dataset\Original Dataset\Original Dataset\Diabetic Retinopathy\DR1265.jpg,0,Diabetic Retinopathy
E:\eye diesea pred\Dataset 3\Eye Disease Image Dataset\Original Dataset\Original Dataset\Diabetic Retinopathy\DR1269.jpg,0,Diabetic Retinopathy
E:\eye diesea pred\Dataset 3\Eye Disease Image Dataset\Original Dataset\Original Dataset\Diabetic Retinopathy\DR1498.jpg,0,Diabetic Retinopathy
E:\eye diesea pred\Dataset 3\Eye Disease Image Dataset\Original Dataset\Original Dataset\Diabetic Retinopathy\DR1332.jpg,0,Diabetic Retinopathy
E:\eye diesea pred\Dataset 3\Eye Disease Image Dataset\Original Dataset\Original Dataset\Diabetic Retinopathy\DR1128.jpg,0,Diabetic Retinopathy
E:\eye diesea pred\Dataset 3\Eye Disease Image Dataset\Original Dataset\Original Dataset\Diabetic Retinopathy\DR84.jpg,0,Diabetic Retinopathy
E:\eye diesea pred\Dataset 3\Eye Disease Image Dataset\Original Dataset\Original Dataset\Diabetic Retinopathy\DR283.jpg,0,Diabetic Retinopathy
E:\eye diesea pred\Dataset 3\Eye Disease Image Dataset\Original Dataset\Original Dataset\Diabetic Retinopathy\DR1231.jpg,0,Diabetic Retinopathy
E:\eye diesea pred\Dataset 3\Eye Disease Image Dataset\Original Dataset\Original Dataset\Diabetic Retinopathy\DR375.jpg,0,Diabetic Retinopathy
E:\eye diesea pred\Dataset 3\Eye Disease Image Dataset\Original Dataset\Original Dataset\Diabetic Retinopathy\DR1155.jpg,0,Diabetic Retinopathy
E:\eye diesea pred\Dataset 3\Eye Disease Image Dataset\Original Dataset\Original Dataset\Diabetic Retinopathy\DR139.jpg,0,Diabetic Retinopathy
E:\eye diesea pred\Dataset 3\Eye Disease Image Dataset\Original Dataset\Original Dataset\Diabetic Retinopathy\DR1362.jpg,0,Diabetic Retinopathy
E:\eye diesea pred\Dataset 3\Eye Disease Image Dataset\Original Dataset\Original Dataset\Diabetic Retinopathy\DR830.jpg,0,Diabetic Retinopathy
E:\eye diesea pred\Dataset 3\Eye Disease Image Dataset\Original Dataset\Original Dataset\Diabetic Retinopathy\DR593.jpg,0,Diabetic Retinopathy
E:\eye diesea pred\Dataset 3\Eye Disease Image Dataset\Original Dataset\Original Dataset\Diabetic Retinopathy\DR103.jpg,0,Diabetic Retinopathy
E:\eye diesea pred\Dataset 3\Eye Disease Image Dataset\Original Dataset\Original Dataset\Diabetic Retinopathy\DR1060.jpg,0,Diabetic Retinopathy
E:\eye diesea pred\Dataset 3\Eye Disease Image Dataset\Original Dataset\Original Dataset\Diabetic Retinopathy\DR1342.jpg,0,Diabetic Retinopathy
E:\eye diesea pred\Dataset 3\Eye Disease Image Dataset\Original Dataset\Original Dataset\Diabetic Retinopathy\DR745.jpg,0,Diabetic Retinopathy
E:\eye diesea pred\Dataset 3\Eye Disease Image Dataset\Original Dataset\Original Dataset\Diabetic Retinopathy\DR1274.jpg,0,Diabetic Retinopathy
E:\eye diesea pred\Dataset 3\Eye Disease Image Dataset\Original Dataset\Original Dataset\Diabetic Retinopathy\DR1086.jpg,0,Diabetic Retinopathy
E:\eye diesea pred\Dataset 3\Eye Disease Image Dataset\Original Dataset\Original Dataset\Diabetic Retinopathy\DR21.jpg,0,Diabetic Retinopathy
E:\eye diesea pred\Dataset 3\Eye Disease Image Dataset\Original Dataset\Original Dataset\Diabetic Retinopathy\DR722.jpg,0,Diabetic Retinopathy
E:\eye diesea pred\Dataset 3\Eye Disease Image Dataset\Original Dataset\Original Dataset\Diabetic Retinopathy\DR752.jpg,0,Diabetic Retinopathy
E:\eye diesea pred\Dataset 3\Eye Disease Image Dataset\Original Dataset\Original Dataset\Diabetic Retinopathy\DR1208.jpg,0,Diabetic Retinopathy
E:\eye diesea pred\Dataset 3\Eye Disease Image Dataset\Original Dataset\Original Dataset\Diabetic Retinopathy\DR953.jpg,0,Diabetic Retinopathy
E:\eye diesea pred\Dataset 3\Eye Disease Image Dataset\Original Dataset\Original Dataset\Diabetic Retinopathy\DR1215.jpg,0,Diabetic Retinopathy
E:\eye diesea pred\Dataset 3\Eye Disease Image Dataset\Original Dataset\Original Dataset\Diabetic Retinopathy\DR243.jpg,0,Diabetic Retinopathy
E:\eye diesea pred\Dataset 3\Eye Disease Image Dataset\Original Dataset\Original Dataset\Diabetic Retinopathy\DR1383.jpg,0,Diabetic Retinopathy
E:\eye diesea pred\Dataset 3\Eye Disease Image Dataset\Original Dataset\Original Dataset\Diabetic Retinopathy\DR1521.jpg,0,Diabetic Retinopathy
E:\eye diesea pred\Dataset 3\Eye Disease Image Dataset\Original Dataset\Original Dataset\Diabetic Retinopathy\DR714.jpg,0,Diabetic Retinopathy
E:\eye diesea pred\Dataset 3\Eye Disease Image Dataset\Original Dataset\Original Dataset\Diabetic Retinopathy\DR1323.jpg,0,Diabetic Retinopathy
E:\eye diesea pred\Dataset 3\Eye Disease Image Dataset\Original Dataset\Original Dataset\Diabetic Retinopathy\DR57.jpg,0,Diabetic Retinopathy
E:\eye diesea pred\Dataset 3\Eye Disease Image Dataset\Original Dataset\Original Dataset\Diabetic Retinopathy\DR1132.jpg,0,Diabetic Retinopathy
E:\eye diesea pred\Dataset 3\Eye Disease Image Dataset\Original Dataset\Original Dataset\Diabetic Retinopathy\DR1328.jpg,0,Diabetic Retinopathy
E:\eye diesea pred\Dataset 3\Eye Disease Image Dataset\Original Dataset\Original Dataset\Diabetic Retinopathy\DR273.jpg,0,Diabetic Retinopathy
E:\eye diesea pred\Dataset 3\Eye Disease Image Dataset\Original Dataset\Original Dataset\Diabetic Retinopathy\DR595.jpg,0,Diabetic Retinopathy
E:\eye diesea pred\Dataset 3\Eye Disease Image Dataset\Original Dataset\Original Dataset\Diabetic Retinopathy\DR558.jpg,0,Diabetic Retinopathy
E:\eye diesea pred\Dataset 3\Eye Disease Image Dataset\Original Dataset\Original Dataset\Diabetic Retinopathy\DR1297.jpg,0,Diabetic Retinopathy
E:\eye diesea pred\Dataset 3\Eye Disease Image Dataset\Original Dataset\Original Dataset\Diabetic Retinopathy\DR1052.jpg,0,Diabetic Retinopathy
E:\eye diesea pred\Dataset 3\Eye Disease Image Dataset\Original Dataset\Original Dataset\Diabetic Retinopathy\DR912.jpg,0,Diabetic Retinopathy
E:\eye diesea pred\Dataset 3\Eye Disease Image Dataset\Original Dataset\Original Dataset\Diabetic Retinopathy\DR1050.jpg,0,Diabetic Retinopathy
E:\eye diesea pred\Dataset 3\Eye Disease Image Dataset\Original Dataset\Original Dataset\Diabetic Retinopathy\DR310.jpg,0,Diabetic Retinopathy
E:\eye diesea pred\Dataset 3\Eye Disease Image Dataset\Original Dataset\Original Dataset\Diabetic Retinopathy\DR1101.jpg,0,Diabetic Retinopathy
E:\eye diesea pred\Dataset 3\Eye Disease Image Dataset\Original Dataset\Original Dataset\Diabetic Retinopathy\DR546.jpg,0,Diabetic Retinopathy
E:\eye diesea pred\Dataset 3\Eye Disease Image Dataset\Original Dataset\Original Dataset\Diabetic Retinopathy\DR1186.jpg,0,Diabetic Retinopathy
E:\eye diesea pred\Dataset 3\Eye Disease Image Dataset\Original Dataset\Original Dataset\Diabetic Retinopathy\DR159.jpg,0,Diabetic Retinopathy
E:\eye diesea pred\Dataset 3\Eye Disease Image Dataset\Original Dataset\Original Dataset\Diabetic Retinopathy\DR861.jpg,0,Diabetic Retinopathy
E:\eye diesea pred\Dataset 3\Eye Disease Image Dataset\Original Dataset\Original Dataset\Diabetic Retinopathy\DR52.jpg,0,Diabetic Retinopathy
E:\eye diesea pred\Dataset 3\Eye Disease Image Dataset\Original Dataset\Original Dataset\Diabetic Retinopathy\DR1141.jpg,0,Diabetic Retinopathy
E:\eye diesea pred\Dataset 3\Eye Disease Image Dataset\Original Dataset\Original Dataset\Diabetic Retinopathy\DR636.jpg,0,Diabetic Retinopathy
E:\eye diesea pred\Dataset 3\Eye Disease Image Dataset\Original Dataset\Original Dataset\Diabetic Retinopathy\DR313.jpg,0,Diabetic Retinopathy
E:\eye diesea pred\Dataset 3\Eye Disease Image Dataset\Original Dataset\Original Dataset\Diabetic Retinopathy\DR538.jpg,0,Diabetic Retinopathy
E:\eye diesea pred\Dataset 3\Eye Disease Image Dataset\Original Dataset\Original Dataset\Diabetic Retinopathy\DR499.jpg,0,Diabetic Retinopathy
E:\eye diesea pred\Dataset 3\Eye Disease Image Dataset\Original Dataset\Original Dataset\Diabetic Retinopathy\DR225.jpg,0,Diabetic Retinopathy
E:\eye diesea pred\Dataset 3\Eye Disease Image Dataset\Original Dataset\Original Dataset\Diabetic Retinopathy\DR72.jpg,0,Diabetic Retinopathy
E:\eye diesea pred\Dataset 3\Eye Disease Image Dataset\Original Dataset\Original Dataset\Diabetic Retinopathy\DR276.jpg,0,Diabetic Retinopathy
E:\eye diesea pred\Dataset 3\Eye Disease Image Dataset\Original Dataset\Original Dataset\Diabetic Retinopathy\DR1054.jpg,0,Diabetic Retinopathy
E:\eye diesea pred\Dataset 3\Eye Disease Image Dataset\Original Dataset\Original Dataset\Diabetic Retinopathy\DR305.jpg,0,Diabetic Retinopathy
E:\eye diesea pred\Dataset 3\Eye Disease Image Dataset\Original Dataset\Original Dataset\Diabetic Retinopathy\DR132.jpg,0,Diabetic Retinopathy
E:\eye diesea pred\Dataset 3\Eye Disease Image Dataset\Original Dataset\Original Dataset\Diabetic Retinopathy\DR439.jpg,0,Diabetic Retinopathy
E:\eye diesea pred\Dataset 3\Eye Disease Image Dataset\Original Dataset\Original Dataset\Diabetic Retinopathy\DR391.jpg,0,Diabetic Retinopathy
E:\eye diesea pred\Dataset 3\Eye Disease Image Dataset\Original Dataset\Original Dataset\Diabetic Retinopathy\DR807.jpg,0,Diabetic Retinopathy
E:\eye diesea pred\Dataset 3\Eye Disease Image Dataset\Original Dataset\Original Dataset\Diabetic Retinopathy\DR1059.jpg,0,Diabetic Retinopathy
E:\eye diesea pred\Dataset 3\Eye Disease Image Dataset\Original Dataset\Original Dataset\Diabetic Retinopathy\DR288.jpg,0,Diabetic Retinopathy
E:\eye diesea pred\Dataset 3\Eye Disease Image Dataset\Original Dataset\Original Dataset\Diabetic Retinopathy\DR692.jpg,0,Diabetic Retinopathy
E:\eye diesea pred\Dataset 3\Eye Disease Image Dataset\Original Dataset\Original Dataset\Diabetic Retinopathy\DR304.jpg,0,Diabetic Retinopathy
E:\eye diesea pred\Dataset 3\Eye Disease Image Dataset\Original Dataset\Original Dataset\Diabetic Retinopathy\DR1478.jpg,0,Diabetic Retinopathy
E:\eye diesea pred\Dataset 3\Eye Disease Image Dataset\Original Dataset\Original Dataset\Diabetic Retinopathy\DR706.jpg,0,Diabetic Retinopathy
E:\eye diesea pred\Dataset 3\Eye Disease Image Dataset\Original Dataset\Original Dataset\Diabetic Retinopathy\DR556.jpg,0,Diabetic Retinopathy
E:\eye diesea pred\Dataset 3\Eye Disease Image Dataset\Original Dataset\Original Dataset\Diabetic Retinopathy\DR1287.jpg,0,Diabetic Retinopathy
E:\eye diesea pred\Dataset 3\Eye Disease Image Dataset\Original Dataset\Original Dataset\Diabetic Retinopathy\DR479.jpg,0,Diabetic Retinopathy
E:\eye diesea pred\Dataset 3\Eye Disease Image Dataset\Original Dataset\Original Dataset\Diabetic Retinopathy\DR1347.jpg,0,Diabetic Retinopathy
E:\eye diesea pred\Dataset 3\Eye Disease Image Dataset\Original Dataset\Original Dataset\Diabetic Retinopathy\DR319.jpg,0,Diabetic Retinopathy
E:\eye diesea pred\Dataset 3\Eye Disease Image Dataset\Original Dataset\Original Dataset\Diabetic Retinopathy\DR1469.jpg,0,Diabetic Retinopathy
E:\eye diesea pred\Dataset 3\Eye Disease Image Dataset\Original Dataset\Original Dataset\Diabetic Retinopathy\DR856.jpg,0,Diabetic Retinopathy
E:\eye diesea pred\Dataset 3\Eye Disease Image Dataset\Original Dataset\Original Dataset\Diabetic Retinopathy\DR879.jpg,0,Diabetic Retinopathy
E:\eye diesea pred\Dataset 3\Eye Disease Image Dataset\Original Dataset\Original Dataset\Diabetic Retinopathy\DR982.jpg,0,Diabetic Retinopathy
E:\eye diesea pred\Dataset 3\Eye Disease Image Dataset\Original Dataset\Original Dataset\Diabetic Retinopathy\DR415.jpg,0,Diabetic Retinopathy
E:\eye diesea pred\Dataset 3\Eye Disease Image Dataset\Original Dataset\Original Dataset\Diabetic Retinopathy\DR447.jpg,0,Diabetic Retinopathy
E:\eye diesea pred\Dataset 3\Eye Disease Image Dataset\Original Dataset\Original Dataset\Diabetic Retinopathy\DR219.jpg,0,Diabetic Retinopathy
E:\eye diesea pred\Dataset 3\Eye Disease Image Dataset\Original Dataset\Original Dataset\Diabetic Retinopathy\DR580.jpg,0,Diabetic Retinopathy
E:\eye diesea pred\Dataset 3\Eye Disease Image Dataset\Original Dataset\Original Dataset\Diabetic Retinopathy\DR1300.jpg,0,Diabetic Retinopathy
E:\eye diesea pred\Dataset 3\Eye Disease Image Dataset\Original Dataset\Original Dataset\Diabetic Retinopathy\DR853.jpg,0,Diabetic Retinopathy
E:\eye diesea pred\Dataset 3\Eye Disease Image Dataset\Original Dataset\Original Dataset\Diabetic Retinopathy\DR1379.jpg,0,Diabetic Retinopathy
E:\eye diesea pred\Dataset 3\Eye Disease Image Dataset\Original Dataset\Original Dataset\Diabetic Retinopathy\DR1235.jpg,0,Diabetic Retinopathy
E:\eye diesea pred\Dataset 3\Eye Disease Image Dataset\Original Dataset\Original Dataset\Diabetic Retinopathy\DR161.jpg,0,Diabetic Retinopathy
E:\eye diesea pred\Dataset 3\Eye Disease Image Dataset\Original Dataset\Original Dataset\Diabetic Retinopathy\DR935.jpg,0,Diabetic Retinopathy
E:\eye diesea pred\Dataset 3\Eye Disease Image Dataset\Original Dataset\Original Dataset\Diabetic Retinopathy\DR608.jpg,0,Diabetic Retinopathy
E:\eye diesea pred\Dataset 3\Eye Disease Image Dataset\Original Dataset\Original Dataset\Diabetic Retinopathy\DR1051.jpg,0,Diabetic Retinopathy
E:\eye diesea pred\Dataset 3\Eye Disease Image Dataset\Original Dataset\Original Dataset\Diabetic Retinopathy\DR1147.jpg,0,Diabetic Retinopathy
E:\eye diesea pred\Dataset 3\Eye Disease Image Dataset\Original Dataset\Original Dataset\Diabetic Retinopathy\DR562.jpg,0,Diabetic Retinopathy
E:\eye diesea pred\Dataset 3\Eye Disease Image Dataset\Original Dataset\Original Dataset\Diabetic Retinopathy\DR829.jpg,0,Diabetic Retinopathy
E:\eye diesea pred\Dataset 3\Eye Disease Image Dataset\Original Dataset\Original Dataset\Diabetic Retinopathy\DR1039.jpg,0,Diabetic Retinopathy
E:\eye diesea pred\Dataset 3\Eye Disease Image Dataset\Original Dataset\Original Dataset\Diabetic Retinopathy\DR734.jpg,0,Diabetic Retinopathy
E:\eye diesea pred\Dataset 3\Eye Disease Image Dataset\Original Dataset\Original Dataset\Diabetic Retinopathy\DR1014.jpg,0,Diabetic Retinopathy
E:\eye diesea pred\Dataset 3\Eye Disease Image Dataset\Original Dataset\Original Dataset\Diabetic Retinopathy\DR44.jpg,0,Diabetic Retinopathy
E:\eye diesea pred\Dataset 3\Eye Disease Image Dataset\Original Dataset\Original Dataset\Diabetic Retinopathy\DR441.jpg,0,Diabetic Retinopathy
E:\eye diesea pred\Dataset 3\Eye Disease Image Dataset\Original Dataset\Original Dataset\Diabetic Retinopathy\DR242.jpg,0,Diabetic Retinopathy
E:\eye diesea pred\Dataset 3\Eye Disease Image Dataset\Original Dataset\Original Dataset\Diabetic Retinopathy\DR1183.jpg,0,Diabetic Retinopathy
E:\eye diesea pred\Dataset 3\Eye Disease Image Dataset\Original Dataset\Original Dataset\Diabetic Retinopathy\DR1433.jpg,0,Diabetic Retinopathy
E:\eye diesea pred\Dataset 3\Eye Disease Image Dataset\Original Dataset\Original Dataset\Diabetic Retinopathy\DR1303.jpg,0,Diabetic Retinopathy
E:\eye diesea pred\Dataset 3\Eye Disease Image Dataset\Original Dataset\Original Dataset\Diabetic Retinopathy\DR1130.jpg,0,Diabetic Retinopathy
E:\eye diesea pred\Dataset 3\Eye Disease Image Dataset\Original Dataset\Original Dataset\Diabetic Retinopathy\DR34.jpg,0,Diabetic Retinopathy
E:\eye diesea pred\Dataset 3\Eye Disease Image Dataset\Original Dataset\Original Dataset\Diabetic Retinopathy\DR298.jpg,0,Diabetic Retinopathy
E:\eye diesea pred\Dataset 3\Eye Disease Image Dataset\Original Dataset\Original Dataset\Diabetic Retinopathy\DR632.jpg,0,Diabetic Retinopathy
E:\eye diesea pred\Dataset 3\Eye Disease Image Dataset\Original Dataset\Original Dataset\Diabetic Retinopathy\DR742.jpg,0,Diabetic Retinopathy
E:\eye diesea pred\Dataset 3\Eye Disease Image Dataset\Original Dataset\Original Dataset\Diabetic Retinopathy\DR723.jpg,0,Diabetic Retinopathy
E:\eye diesea pred\Dataset 3\Eye Disease Image Dataset\Original Dataset\Original Dataset\Diabetic Retinopathy\DR1095.jpg,0,Diabetic Retinopathy
E:\eye diesea pred\Dataset 3\Eye Disease Image Dataset\Original Dataset\Original Dataset\Diabetic Retinopathy\DR1294.jpg,0,Diabetic Retinopathy
E:\eye diesea pred\Dataset 3\Eye Disease Image Dataset\Original Dataset\Original Dataset\Diabetic Retinopathy\DR1305.jpg,0,Diabetic Retinopathy
E:\eye diesea pred\Dataset 3\Eye Disease Image Dataset\Original Dataset\Original Dataset\Diabetic Retinopathy\DR48.jpg,0,Diabetic Retinopathy
E:\eye diesea pred\Dataset 3\Eye Disease Image Dataset\Original Dataset\Original Dataset\Diabetic Retinopathy\DR566.jpg,0,Diabetic Retinopathy
E:\eye diesea pred\Dataset 3\Eye Disease Image Dataset\Original Dataset\Original Dataset\Diabetic Retinopathy\DR1471.jpg,0,Diabetic Retinopathy
E:\eye diesea pred\Dataset 3\Eye Disease Image Dataset\Original Dataset\Original Dataset\Diabetic Retinopathy\DR1477.jpg,0,Diabetic Retinopathy
E:\eye diesea pred\Dataset 3\Eye Disease Image Dataset\Original Dataset\Original Dataset\Diabetic Retinopathy\DR570.jpg,0,Diabetic Retinopathy
E:\eye diesea pred\Dataset 3\Eye Disease Image Dataset\Original Dataset\Original Dataset\Diabetic Retinopathy\DR684.jpg,0,Diabetic Retinopathy
E:\eye diesea pred\Dataset 3\Eye Disease Image Dataset\Original Dataset\Original Dataset\Diabetic Retinopathy\DR1165.jpg,0,Diabetic Retinopathy
E:\eye diesea pred\Dataset 3\Eye Disease Image Dataset\Original Dataset\Original Dataset\Diabetic Retinopathy\DR356.jpg,0,Diabetic Retinopathy
E:\eye diesea pred\Dataset 3\Eye Disease Image Dataset\Original Dataset\Original Dataset\Diabetic Retinopathy\DR552.jpg,0,Diabetic Retinopathy
E:\eye diesea pred\Dataset 3\Eye Disease Image Dataset\Original Dataset\Original Dataset\Diabetic Retinopathy\DR539.jpg,0,Diabetic Retinopathy
E:\eye diesea pred\Dataset 3\Eye Disease Image Dataset\Original Dataset\Original Dataset\Diabetic Retinopathy\DR116.jpg,0,Diabetic Retinopathy
E:\eye diesea pred\Dataset 3\Eye Disease Image Dataset\Original Dataset\Original Dataset\Diabetic Retinopathy\DR342.jpg,0,Diabetic Retinopathy
E:\eye diesea pred\Dataset 3\Eye Disease Image Dataset\Original Dataset\Original Dataset\Diabetic Retinopathy\DR671.jpg,0,Diabetic Retinopathy
E:\eye diesea pred\Dataset 3\Eye Disease Image Dataset\Original Dataset\Original Dataset\Diabetic Retinopathy\DR1017.jpg,0,Diabetic Retinopathy
E:\eye diesea pred\Dataset 3\Eye Disease Image Dataset\Original Dataset\Original Dataset\Diabetic Retinopathy\DR864.jpg,0,Diabetic Retinopathy
E:\eye diesea pred\Dataset 3\Eye Disease Image Dataset\Original Dataset\Original Dataset\Diabetic Retinopathy\DR940.jpg,0,Diabetic Retinopathy
E:\eye diesea pred\Dataset 3\Eye Disease Image Dataset\Original Dataset\Original Dataset\Diabetic Retinopathy\DR316.jpg,0,Diabetic Retinopathy
E:\eye diesea pred\Dataset 3\Eye Disease Image Dataset\Original Dataset\Original Dataset\Diabetic Retinopathy\DR1229.jpg,0,Diabetic Retinopathy
E:\eye diesea pred\Dataset 3\Eye Disease Image Dataset\Original Dataset\Original Dataset\Diabetic Retinopathy\DR27.jpg,0,Diabetic Retinopathy
E:\eye diesea pred\Dataset 3\Eye Disease Image Dataset\Original Dataset\Original Dataset\Diabetic Retinopathy\DR1397.jpg,0,Diabetic Retinopathy
E:\eye diesea pred\Dataset 3\Eye Disease Image Dataset\Original Dataset\Original Dataset\Diabetic Retinopathy\DR1034.jpg,0,Diabetic Retinopathy
E:\eye diesea pred\Dataset 3\Eye Disease Image Dataset\Original Dataset\Original Dataset\Diabetic Retinopathy\DR858.jpg,0,Diabetic Retinopathy
E:\eye diesea pred\Dataset 3\Eye Disease Image Dataset\Original Dataset\Original Dataset\Diabetic Retinopathy\DR1401.jpg,0,Diabetic Retinopathy
E:\eye diesea pred\Dataset 3\Eye Disease Image Dataset\Original Dataset\Original Dataset\Diabetic Retinopathy\DR891.jpg,0,Diabetic Retinopathy
E:\eye diesea pred\Dataset 3\Eye Disease Image Dataset\Original Dataset\Original Dataset\Diabetic Retinopathy\DR146.jpg,0,Diabetic Retinopathy
E:\eye diesea pred\Dataset 3\Eye Disease Image Dataset\Original Dataset\Original Dataset\Diabetic Retinopathy\DR434.jpg,0,Diabetic Retinopathy
E:\eye diesea pred\Dataset 3\Eye Disease Image Dataset\Original Dataset\Original Dataset\Diabetic Retinopathy\DR137.jpg,0,Diabetic Retinopathy
E:\eye diesea pred\Dataset 3\Eye Disease Image Dataset\Original Dataset\Original Dataset\Diabetic Retinopathy\DR477.jpg,0,Diabetic Retinopathy
E:\eye diesea pred\Dataset 3\Eye Disease Image Dataset\Original Dataset\Original Dataset\Diabetic Retinopathy\DR143.jpg,0,Diabetic Retinopathy
E:\eye diesea pred\Dataset 3\Eye Disease Image Dataset\Original Dataset\Original Dataset\Diabetic Retinopathy\DR1112.jpg,0,Diabetic Retinopathy
E:\eye diesea pred\Dataset 3\Eye Disease Image Dataset\Original Dataset\Original Dataset\Diabetic Retinopathy\DR883.jpg,0,Diabetic Retinopathy
E:\eye diesea pred\Dataset 3\Eye Disease Image Dataset\Original Dataset\Original Dataset\Diabetic Retinopathy\DR1506.jpg,0,Diabetic Retinopathy
E:\eye diesea pred\Dataset 3\Eye Disease Image Dataset\Original Dataset\Original Dataset\Diabetic Retinopathy\DR1281.jpg,0,Diabetic Retinopathy
E:\eye diesea pred\Dataset 3\Eye Disease Image Dataset\Original Dataset\Original Dataset\Diabetic Retinopathy\DR463.jpg,0,Diabetic Retinopathy
E:\eye diesea pred\Dataset 3\Eye Disease Image Dataset\Original Dataset\Original Dataset\Diabetic Retinopathy\DR495.jpg,0,Diabetic Retinopathy
E:\eye diesea pred\Dataset 3\Eye Disease Image Dataset\Original Dataset\Original Dataset\Diabetic Retinopathy\DR643.jpg,0,Diabetic Retinopathy
E:\eye diesea pred\Dataset 3\Eye Disease Image Dataset\Original Dataset\Original Dataset\Diabetic Retinopathy\DR792.jpg,0,Diabetic Retinopathy
E:\eye diesea pred\Dataset 3\Eye Disease Image Dataset\Original Dataset\Original Dataset\Diabetic Retinopathy\DR1243.jpg,0,Diabetic Retinopathy
E:\eye diesea pred\Dataset 3\Eye Disease Image Dataset\Original Dataset\Original Dataset\Diabetic Retinopathy\DR948.jpg,0,Diabetic Retinopathy
E:\eye diesea pred\Dataset 3\Eye Disease Image Dataset\Original Dataset\Original Dataset\Diabetic Retinopathy\DR518.jpg,0,Diabetic Retinopathy
E:\eye diesea pred\Dataset 3\Eye Disease Image Dataset\Original Dataset\Original Dataset\Diabetic Retinopathy\DR869.jpg,0,Diabetic Retinopathy
E:\eye diesea pred\Dataset 3\Eye Disease Image Dataset\Original Dataset\Original Dataset\Diabetic Retinopathy\DR223.jpg,0,Diabetic Retinopathy
E:\eye diesea pred\Dataset 3\Eye Disease Image Dataset\Original Dataset\Original Dataset\Diabetic Retinopathy\DR1180.jpg,0,Diabetic Retinopathy
E:\eye diesea pred\Dataset 3\Eye Disease Image Dataset\Original Dataset\Original Dataset\Diabetic Retinopathy\DR3.jpg,0,Diabetic Retinopathy
E:\eye diesea pred\Dataset 3\Eye Disease Image Dataset\Original Dataset\Original Dataset\Diabetic Retinopathy\DR1213.jpg,0,Diabetic Retinopathy
E:\eye diesea pred\Dataset 3\Eye Disease Image Dataset\Original Dataset\Original Dataset\Diabetic Retinopathy\DR1063.jpg,0,Diabetic Retinopathy
E:\eye diesea pred\Dataset 3\Eye Disease Image Dataset\Original Dataset\Original Dataset\Diabetic Retinopathy\DR22.jpg,0,Diabetic Retinopathy
E:\eye diesea pred\Dataset 3\Eye Disease Image Dataset\Original Dataset\Original Dataset\Diabetic Retinopathy\DR813.jpg,0,Diabetic Retinopathy
E:\eye diesea pred\Dataset 3\Eye Disease Image Dataset\Original Dataset\Original Dataset\Diabetic Retinopathy\DR1264.jpg,0,Diabetic Retinopathy
E:\eye diesea pred\Dataset 3\Eye Disease Image Dataset\Original Dataset\Original Dataset\Diabetic Retinopathy\DR1211.jpg,0,Diabetic Retinopathy
E:\eye diesea pred\Dataset 3\Eye Disease Image Dataset\Original Dataset\Original Dataset\Diabetic Retinopathy\DR1028.jpg,0,Diabetic Retinopathy
E:\eye diesea pred\Dataset 3\Eye Disease Image Dataset\Original Dataset\Original Dataset\Diabetic Retinopathy\DR1267.jpg,0,Diabetic Retinopathy
E:\eye diesea pred\Dataset 3\Eye Disease Image Dataset\Original Dataset\Original Dataset\Diabetic Retinopathy\DR351.jpg,0,Diabetic Retinopathy
E:\eye diesea pred\Dataset 3\Eye Disease Image Dataset\Original Dataset\Original Dataset\Diabetic Retinopathy\DR454.jpg,0,Diabetic Retinopathy
E:\eye diesea pred\Dataset 3\Eye Disease Image Dataset\Original Dataset\Original Dataset\Diabetic Retinopathy\DR701.jpg,0,Diabetic Retinopathy
E:\eye diesea pred\Dataset 3\Eye Disease Image Dataset\Original Dataset\Original Dataset\Diabetic Retinopathy\DR100.jpg,0,Diabetic Retinopathy
E:\eye diesea pred\Dataset 3\Eye Disease Image Dataset\Original Dataset\Original Dataset\Diabetic Retinopathy\DR358.jpg,0,Diabetic Retinopathy
E:\eye diesea pred\Dataset 3\Eye Disease Image Dataset\Original Dataset\Original Dataset\Diabetic Retinopathy\DR1067.jpg,0,Diabetic Retinopathy
E:\eye diesea pred\Dataset 3\Eye Disease Image Dataset\Original Dataset\Original Dataset\Diabetic Retinopathy\DR1507.jpg,0,Diabetic Retinopathy
E:\eye diesea pred\Dataset 3\Eye Disease Image Dataset\Original Dataset\Original Dataset\Diabetic Retinopathy\DR1158.jpg,0,Diabetic Retinopathy
E:\eye diesea pred\Dataset 3\Eye Disease Image Dataset\Original Dataset\Original Dataset\Diabetic Retinopathy\DR711.jpg,0,Diabetic Retinopathy
E:\eye diesea pred\Dataset 3\Eye Disease Image Dataset\Original Dataset\Original Dataset\Diabetic Retinopathy\DR1142.jpg,0,Diabetic Retinopathy
E:\eye diesea pred\Dataset 3\Eye Disease Image Dataset\Original Dataset\Original Dataset\Diabetic Retinopathy\DR352.jpg,0,Diabetic Retinopathy
E:\eye diesea pred\Dataset 3\Eye Disease Image Dataset\Original Dataset\Original Dataset\Diabetic Retinopathy\DR786.jpg,0,Diabetic Retinopathy
E:\eye diesea pred\Dataset 3\Eye Disease Image Dataset\Original Dataset\Original Dataset\Diabetic Retinopathy\DR361.jpg,0,Diabetic Retinopathy
E:\eye diesea pred\Dataset 3\Eye Disease Image Dataset\Original Dataset\Original Dataset\Diabetic Retinopathy\DR672.jpg,0,Diabetic Retinopathy
E:\eye diesea pred\Dataset 3\Eye Disease Image Dataset\Original Dataset\Original Dataset\Diabetic Retinopathy\DR109.jpg,0,Diabetic Retinopathy
E:\eye diesea pred\Dataset 3\Eye Disease Image Dataset\Original Dataset\Original Dataset\Diabetic Retinopathy\DR986.jpg,0,Diabetic Retinopathy
E:\eye diesea pred\Dataset 3\Eye Disease Image Dataset\Original Dataset\Original Dataset\Diabetic Retinopathy\DR153.jpg,0,Diabetic Retinopathy
E:\eye diesea pred\Dataset 3\Eye Disease Image Dataset\Original Dataset\Original Dataset\Diabetic Retinopathy\DR128.jpg,0,Diabetic Retinopathy
E:\eye diesea pred\Dataset 3\Eye Disease Image Dataset\Original Dataset\Original Dataset\Diabetic Retinopathy\DR1394.jpg,0,Diabetic Retinopathy
E:\eye diesea pred\Dataset 3\Eye Disease Image Dataset\Original Dataset\Original Dataset\Diabetic Retinopathy\DR1272.jpg,0,Diabetic Retinopathy
E:\eye diesea pred\Dataset 3\Eye Disease Image Dataset\Original Dataset\Original Dataset\Diabetic Retinopathy\DR932.jpg,0,Diabetic Retinopathy
E:\eye diesea pred\Dataset 3\Eye Disease Image Dataset\Original Dataset\Original Dataset\Diabetic Retinopathy\DR544.jpg,0,Diabetic Retinopathy
E:\eye diesea pred\Dataset 3\Eye Disease Image Dataset\Original Dataset\Original Dataset\Diabetic Retinopathy\DR406.jpg,0,Diabetic Retinopathy
E:\eye diesea pred\Dataset 3\Eye Disease Image Dataset\Original Dataset\Original Dataset\Diabetic Retinopathy\DR1480.jpg,0,Diabetic Retinopathy
E:\eye diesea pred\Dataset 3\Eye Disease Image Dataset\Original Dataset\Original Dataset\Diabetic Retinopathy\DR1206.jpg,0,Diabetic Retinopathy
E:\eye diesea pred\Dataset 3\Eye Disease Image Dataset\Original Dataset\Original Dataset\Diabetic Retinopathy\DR1382.jpg,0,Diabetic Retinopathy
E:\eye diesea pred\Dataset 3\Eye Disease Image Dataset\Original Dataset\Original Dataset\Diabetic Retinopathy\DR944.jpg,0,Diabetic Retinopathy
E:\eye diesea pred\Dataset 3\Eye Disease Image Dataset\Original Dataset\Original Dataset\Diabetic Retinopathy\DR1107.jpg,0,Diabetic Retinopathy
E:\eye diesea pred\Dataset 3\Eye Disease Image Dataset\Original Dataset\Original Dataset\Diabetic Retinopathy\DR1227.jpg,0,Diabetic Retinopathy
E:\eye diesea pred\Dataset 3\Eye Disease Image Dataset\Original Dataset\Original Dataset\Diabetic Retinopathy\DR471.jpg,0,Diabetic Retinopathy
E:\eye diesea pred\Dataset 3\Eye Disease Image Dataset\Original Dataset\Original Dataset\Diabetic Retinopathy\DR1279.jpg,0,Diabetic Retinopathy
E:\eye diesea pred\Dataset 3\Eye Disease Image Dataset\Original Dataset\Original Dataset\Diabetic Retinopathy\DR1517.jpg,0,Diabetic Retinopathy
E:\eye diesea pred\Dataset 3\Eye Disease Image Dataset\Original Dataset\Original Dataset\Diabetic Retinopathy\DR1135.jpg,0,Diabetic Retinopathy
E:\eye diesea pred\Dataset 3\Eye Disease Image Dataset\Original Dataset\Original Dataset\Diabetic Retinopathy\DR1138.jpg,0,Diabetic Retinopathy
E:\eye diesea pred\Dataset 3\Eye Disease Image Dataset\Original Dataset\Original Dataset\Diabetic Retinopathy\DR980.jpg,0,Diabetic Retinopathy
E:\eye diesea pred\Dataset 3\Eye Disease Image Dataset\Original Dataset\Original Dataset\Diabetic Retinopathy\DR160.jpg,0,Diabetic Retinopathy
E:\eye diesea pred\Dataset 3\Eye Disease Image Dataset\Original Dataset\Original Dataset\Diabetic Retinopathy\DR1066.jpg,0,Diabetic Retinopathy
E:\eye diesea pred\Dataset 3\Eye Disease Image Dataset\Original Dataset\Original Dataset\Diabetic Retinopathy\DR1451.jpg,0,Diabetic Retinopathy
E:\eye diesea pred\Dataset 3\Eye Disease Image Dataset\Original Dataset\Original Dataset\Diabetic Retinopathy\DR1368.jpg,0,Diabetic Retinopathy
E:\eye diesea pred\Dataset 3\Eye Disease Image Dataset\Original Dataset\Original Dataset\Diabetic Retinopathy\DR1058.jpg,0,Diabetic Retinopathy
E:\eye diesea pred\Dataset 3\Eye Disease Image Dataset\Original Dataset\Original Dataset\Diabetic Retinopathy\DR719.jpg,0,Diabetic Retinopathy
E:\eye diesea pred\Dataset 3\Eye Disease Image Dataset\Original Dataset\Original Dataset\Diabetic Retinopathy\DR1439.jpg,0,Diabetic Retinopathy
E:\eye diesea pred\Dataset 3\Eye Disease Image Dataset\Original Dataset\Original Dataset\Diabetic Retinopathy\DR559.jpg,0,Diabetic Retinopathy
E:\eye diesea pred\Dataset 3\Eye Disease Image Dataset\Original Dataset\Original Dataset\Diabetic Retinopathy\DR1045.jpg,0,Diabetic Retinopathy
E:\eye diesea pred\Dataset 3\Eye Disease Image Dataset\Original Dataset\Original Dataset\Diabetic Retinopathy\DR1168.jpg,0,Diabetic Retinopathy
E:\eye diesea pred\Dataset 3\Eye Disease Image Dataset\Original Dataset\Original Dataset\Diabetic Retinopathy\DR551.jpg,0,Diabetic Retinopathy
E:\eye diesea pred\Dataset 3\Eye Disease Image Dataset\Original Dataset\Original Dataset\Diabetic Retinopathy\DR947.jpg,0,Diabetic Retinopathy
E:\eye diesea pred\Dataset 3\Eye Disease Image Dataset\Original Dataset\Original Dataset\Diabetic Retinopathy\DR832.jpg,0,Diabetic Retinopathy
E:\eye diesea pred\Dataset 3\Eye Disease Image Dataset\Original Dataset\Original Dataset\Diabetic Retinopathy\DR1430.jpg,0,Diabetic Retinopathy
E:\eye diesea pred\Dataset 3\Eye Disease Image Dataset\Original Dataset\Original Dataset\Diabetic Retinopathy\DR1260.jpg,0,Diabetic Retinopathy
E:\eye diesea pred\Dataset 3\Eye Disease Image Dataset\Original Dataset\Original Dataset\Diabetic Retinopathy\DR561.jpg,0,Diabetic Retinopathy
E:\eye diesea pred\Dataset 3\Eye Disease Image Dataset\Original Dataset\Original Dataset\Diabetic Retinopathy\DR29.jpg,0,Diabetic Retinopathy
E:\eye diesea pred\Dataset 3\Eye Disease Image Dataset\Original Dataset\Original Dataset\Diabetic Retinopathy\DR1093.jpg,0,Diabetic Retinopathy
E:\eye diesea pred\Dataset 3\Eye Disease Image Dataset\Original Dataset\Original Dataset\Diabetic Retinopathy\DR237.jpg,0,Diabetic Retinopathy
E:\eye diesea pred\Dataset 3\Eye Disease Image Dataset\Original Dataset\Original Dataset\Diabetic Retinopathy\DR195.jpg,0,Diabetic Retinopathy
E:\eye diesea pred\Dataset 3\Eye Disease Image Dataset\Original Dataset\Original Dataset\Diabetic Retinopathy\DR1268.jpg,0,Diabetic Retinopathy
E:\eye diesea pred\Dataset 3\Eye Disease Image Dataset\Original Dataset\Original Dataset\Diabetic Retinopathy\DR45.jpg,0,Diabetic Retinopathy
E:\eye diesea pred\Dataset 3\Eye Disease Image Dataset\Original Dataset\Original Dataset\Diabetic Retinopathy\DR1048.jpg,0,Diabetic Retinopathy
E:\eye diesea pred\Dataset 3\Eye Disease Image Dataset\Original Dataset\Original Dataset\Diabetic Retinopathy\DR104.jpg,0,Diabetic Retinopathy
E:\eye diesea pred\Dataset 3\Eye Disease Image Dataset\Original Dataset\Original Dataset\Diabetic Retinopathy\DR1250.jpg,0,Diabetic Retinopathy
E:\eye diesea pred\Dataset 3\Eye Disease Image Dataset\Original Dataset\Original Dataset\Diabetic Retinopathy\DR967.jpg,0,Diabetic Retinopathy
E:\eye diesea pred\Dataset 3\Eye Disease Image Dataset\Original Dataset\Original Dataset\Diabetic Retinopathy\DR377.jpg,0,Diabetic Retinopathy
E:\eye diesea pred\Dataset 3\Eye Disease Image Dataset\Original Dataset\Original Dataset\Diabetic Retinopathy\DR799.jpg,0,Diabetic Retinopathy
E:\eye diesea pred\Dataset 3\Eye Disease Image Dataset\Original Dataset\Original Dataset\Diabetic Retinopathy\DR1277.jpg,0,Diabetic Retinopathy
E:\eye diesea pred\Dataset 3\Eye Disease Image Dataset\Original Dataset\Original Dataset\Diabetic Retinopathy\DR1163.jpg,0,Diabetic Retinopathy
E:\eye diesea pred\Dataset 3\Eye Disease Image Dataset\Original Dataset\Original Dataset\Diabetic Retinopathy\DR1330.jpg,0,Diabetic Retinopathy
E:\eye diesea pred\Dataset 3\Eye Disease Image Dataset\Original Dataset\Original Dataset\Diabetic Retinopathy\DR1207.jpg,0,Diabetic Retinopathy
E:\eye diesea pred\Dataset 3\Eye Disease Image Dataset\Original Dataset\Original Dataset\Diabetic Retinopathy\DR678.jpg,0,Diabetic Retinopathy
E:\eye diesea pred\Dataset 3\Eye Disease Image Dataset\Original Dataset\Original Dataset\Diabetic Retinopathy\DR778.jpg,0,Diabetic Retinopathy
E:\eye diesea pred\Dataset 3\Eye Disease Image Dataset\Original Dataset\Original Dataset\Diabetic Retinopathy\DR802.jpg,0,Diabetic Retinopathy
E:\eye diesea pred\Dataset 3\Eye Disease Image Dataset\Original Dataset\Original Dataset\Diabetic Retinopathy\DR1259.jpg,0,Diabetic Retinopathy
E:\eye diesea pred\Dataset 3\Eye Disease Image Dataset\Original Dataset\Original Dataset\Diabetic Retinopathy\DR899.jpg,0,Diabetic Retinopathy
E:\eye diesea pred\Dataset 3\Eye Disease Image Dataset\Original Dataset\Original Dataset\Diabetic Retinopathy\DR1482.jpg,0,Diabetic Retinopathy
E:\eye diesea pred\Dataset 3\Eye Disease Image Dataset\Original Dataset\Original Dataset\Diabetic Retinopathy\DR172.jpg,0,Diabetic Retinopathy
E:\eye diesea pred\Dataset 3\Eye Disease Image Dataset\Original Dataset\Original Dataset\Diabetic Retinopathy\DR822.jpg,0,Diabetic Retinopathy
E:\eye diesea pred\Dataset 3\Eye Disease Image Dataset\Original Dataset\Original Dataset\Diabetic Retinopathy\DR721.jpg,0,Diabetic Retinopathy
E:\eye diesea pred\Dataset 3\Eye Disease Image Dataset\Original Dataset\Original Dataset\Diabetic Retinopathy\DR720.jpg,0,Diabetic Retinopathy
E:\eye diesea pred\Dataset 3\Eye Disease Image Dataset\Original Dataset\Original Dataset\Diabetic Retinopathy\DR1175.jpg,0,Diabetic Retinopathy
E:\eye diesea pred\Dataset 3\Eye Disease Image Dataset\Original Dataset\Original Dataset\Diabetic Retinopathy\DR657.jpg,0,Diabetic Retinopathy
E:\eye diesea pred\Dataset 3\Eye Disease Image Dataset\Original Dataset\Original Dataset\Diabetic Retinopathy\DR903.jpg,0,Diabetic Retinopathy
E:\eye diesea pred\Dataset 3\Eye Disease Image Dataset\Original Dataset\Original Dataset\Diabetic Retinopathy\DR1108.jpg,0,Diabetic Retinopathy
E:\eye diesea pred\Dataset 3\Eye Disease Image Dataset\Original Dataset\Original Dataset\Diabetic Retinopathy\DR68.jpg,0,Diabetic Retinopathy
E:\eye diesea pred\Dataset 3\Eye Disease Image Dataset\Original Dataset\Original Dataset\Diabetic Retinopathy\DR1176.jpg,0,Diabetic Retinopathy
E:\eye diesea pred\Dataset 3\Eye Disease Image Dataset\Original Dataset\Original Dataset\Diabetic Retinopathy\DR581.jpg,0,Diabetic Retinopathy
E:\eye diesea pred\Dataset 3\Eye Disease Image Dataset\Original Dataset\Original Dataset\Diabetic Retinopathy\DR428.jpg,0,Diabetic Retinopathy
E:\eye diesea pred\Dataset 3\Eye Disease Image Dataset\Original Dataset\Original Dataset\Diabetic Retinopathy\DR824.jpg,0,Diabetic Retinopathy
E:\eye diesea pred\Dataset 3\Eye Disease Image Dataset\Original Dataset\Original Dataset\Diabetic Retinopathy\DR343.jpg,0,Diabetic Retinopathy
E:\eye diesea pred\Dataset 3\Eye Disease Image Dataset\Original Dataset\Original Dataset\Diabetic Retinopathy\DR1248.jpg,0,Diabetic Retinopathy
E:\eye diesea pred\Dataset 3\Eye Disease Image Dataset\Original Dataset\Original Dataset\Diabetic Retinopathy\DR1416.jpg,0,Diabetic Retinopathy
E:\eye diesea pred\Dataset 3\Eye Disease Image Dataset\Original Dataset\Original Dataset\Diabetic Retinopathy\DR448.jpg,0,Diabetic Retinopathy
E:\eye diesea pred\Dataset 3\Eye Disease Image Dataset\Original Dataset\Original Dataset\Diabetic Retinopathy\DR42.jpg,0,Diabetic Retinopathy
E:\eye diesea pred\Dataset 3\Eye Disease Image Dataset\Original Dataset\Original Dataset\Diabetic Retinopathy\DR996.jpg,0,Diabetic Retinopathy
E:\eye diesea pred\Dataset 3\Eye Disease Image Dataset\Original Dataset\Original Dataset\Diabetic Retinopathy\DR487.jpg,0,Diabetic Retinopathy
E:\eye diesea pred\Dataset 3\Eye Disease Image Dataset\Original Dataset\Original Dataset\Diabetic Retinopathy\DR1315.jpg,0,Diabetic Retinopathy
E:\eye diesea pred\Dataset 3\Eye Disease Image Dataset\Original Dataset\Original Dataset\Diabetic Retinopathy\DR470.jpg,0,Diabetic Retinopathy
E:\eye diesea pred\Dataset 3\Eye Disease Image Dataset\Original Dataset\Original Dataset\Diabetic Retinopathy\DR755.jpg,0,Diabetic Retinopathy
E:\eye diesea pred\Dataset 3\Eye Disease Image Dataset\Original Dataset\Original Dataset\Diabetic Retinopathy\DR333.jpg,0,Diabetic Retinopathy
E:\eye diesea pred\Dataset 3\Eye Disease Image Dataset\Original Dataset\Original Dataset\Diabetic Retinopathy\DR326.jpg,0,Diabetic Retinopathy
E:\eye diesea pred\Dataset 3\Eye Disease Image Dataset\Original Dataset\Original Dataset\Diabetic Retinopathy\DR165.jpg,0,Diabetic Retinopathy
E:\eye diesea pred\Dataset 3\Eye Disease Image Dataset\Original Dataset\Original Dataset\Diabetic Retinopathy\DR844.jpg,0,Diabetic Retinopathy
E:\eye diesea pred\Dataset 3\Eye Disease Image Dataset\Original Dataset\Original Dataset\Diabetic Retinopathy\DR265.jpg,0,Diabetic Retinopathy
E:\eye diesea pred\Dataset 3\Eye Disease Image Dataset\Original Dataset\Original Dataset\Diabetic Retinopathy\DR687.jpg,0,Diabetic Retinopathy
E:\eye diesea pred\Dataset 3\Eye Disease Image Dataset\Original Dataset\Original Dataset\Diabetic Retinopathy\DR1201.jpg,0,Diabetic Retinopathy
E:\eye diesea pred\Dataset 3\Eye Disease Image Dataset\Original Dataset\Original Dataset\Diabetic Retinopathy\DR127.jpg,0,Diabetic Retinopathy
E:\eye diesea pred\Dataset 3\Eye Disease Image Dataset\Original Dataset\Original Dataset\Diabetic Retinopathy\DR747.jpg,0,Diabetic Retinopathy
E:\eye diesea pred\Dataset 3\Eye Disease Image Dataset\Original Dataset\Original Dataset\Diabetic Retinopathy\DR1013.jpg,0,Diabetic Retinopathy
E:\eye diesea pred\Dataset 3\Eye Disease Image Dataset\Original Dataset\Original Dataset\Diabetic Retinopathy\DR1410.jpg,0,Diabetic Retinopathy
E:\eye diesea pred\Dataset 3\Eye Disease Image Dataset\Original Dataset\Original Dataset\Diabetic Retinopathy\DR1450.jpg,0,Diabetic Retinopathy
E:\eye diesea pred\Dataset 3\Eye Disease Image Dataset\Original Dataset\Original Dataset\Diabetic Retinopathy\DR224.jpg,0,Diabetic Retinopathy
E:\eye diesea pred\Dataset 3\Eye Disease Image Dataset\Original Dataset\Original Dataset\Diabetic Retinopathy\DR790.jpg,0,Diabetic Retinopathy
E:\eye diesea pred\Dataset 3\Eye Disease Image Dataset\Original Dataset\Original Dataset\Diabetic Retinopathy\DR122.jpg,0,Diabetic Retinopathy
E:\eye diesea pred\Dataset 3\Eye Disease Image Dataset\Original Dataset\Original Dataset\Diabetic Retinopathy\DR151.jpg,0,Diabetic Retinopathy
E:\eye diesea pred\Dataset 3\Eye Disease Image Dataset\Original Dataset\Original Dataset\Diabetic Retinopathy\DR705.jpg,0,Diabetic Retinopathy
E:\eye diesea pred\Dataset 3\Eye Disease Image Dataset\Original Dataset\Original Dataset\Diabetic Retinopathy\DR674.jpg,0,Diabetic Retinopathy
E:\eye diesea pred\Dataset 3\Eye Disease Image Dataset\Original Dataset\Original Dataset\Diabetic Retinopathy\DR808.jpg,0,Diabetic Retinopathy
E:\eye diesea pred\Dataset 3\Eye Disease Image Dataset\Original Dataset\Original Dataset\Diabetic Retinopathy\DR1077.jpg,0,Diabetic Retinopathy
E:\eye diesea pred\Dataset 3\Eye Disease Image Dataset\Original Dataset\Original Dataset\Diabetic Retinopathy\DR1174.jpg,0,Diabetic Retinopathy
E:\eye diesea pred\Dataset 3\Eye Disease Image Dataset\Original Dataset\Original Dataset\Diabetic Retinopathy\DR1475.jpg,0,Diabetic Retinopathy
E:\eye diesea pred\Dataset 3\Eye Disease Image Dataset\Original Dataset\Original Dataset\Diabetic Retinopathy\DR1007.jpg,0,Diabetic Retinopathy
E:\eye diesea pred\Dataset 3\Eye Disease Image Dataset\Original Dataset\Original Dataset\Diabetic Retinopathy\DR976.jpg,0,Diabetic Retinopathy
E:\eye diesea pred\Dataset 3\Eye Disease Image Dataset\Original Dataset\Original Dataset\Diabetic Retinopathy\DR1252.jpg,0,Diabetic Retinopathy
E:\eye diesea pred\Dataset 3\Eye Disease Image Dataset\Original Dataset\Original Dataset\Diabetic Retinopathy\DR179.jpg,0,Diabetic Retinopathy
E:\eye diesea pred\Dataset 3\Eye Disease Image Dataset\Original Dataset\Original Dataset\Diabetic Retinopathy\DR1256.jpg,0,Diabetic Retinopathy
E:\eye diesea pred\Dataset 3\Eye Disease Image Dataset\Original Dataset\Original Dataset\Diabetic Retinopathy\DR1311.jpg,0,Diabetic Retinopathy
E:\eye diesea pred\Dataset 3\Eye Disease Image Dataset\Original Dataset\Original Dataset\Diabetic Retinopathy\DR1236.jpg,0,Diabetic Retinopathy
E:\eye diesea pred\Dataset 3\Eye Disease Image Dataset\Original Dataset\Original Dataset\Diabetic Retinopathy\DR1325.jpg,0,Diabetic Retinopathy
E:\eye diesea pred\Dataset 3\Eye Disease Image Dataset\Original Dataset\Original Dataset\Diabetic Retinopathy\DR850.jpg,0,Diabetic Retinopathy
E:\eye diesea pred\Dataset 3\Eye Disease Image Dataset\Original Dataset\Original Dataset\Diabetic Retinopathy\DR392.jpg,0,Diabetic Retinopathy
E:\eye diesea pred\Dataset 3\Eye Disease Image Dataset\Original Dataset\Original Dataset\Diabetic Retinopathy\DR600.jpg,0,Diabetic Retinopathy
E:\eye diesea pred\Dataset 3\Eye Disease Image Dataset\Original Dataset\Original Dataset\Diabetic Retinopathy\DR628.jpg,0,Diabetic Retinopathy
E:\eye diesea pred\Dataset 3\Eye Disease Image Dataset\Original Dataset\Original Dataset\Diabetic Retinopathy\DR5.jpg,0,Diabetic Retinopathy
E:\eye diesea pred\Dataset 3\Eye Disease Image Dataset\Original Dataset\Original Dataset\Diabetic Retinopathy\DR388.jpg,0,Diabetic Retinopathy
E:\eye diesea pred\Dataset 3\Eye Disease Image Dataset\Original Dataset\Original Dataset\Diabetic Retinopathy\DR386.jpg,0,Diabetic Retinopathy
E:\eye diesea pred\Dataset 3\Eye Disease Image Dataset\Original Dataset\Original Dataset\Diabetic Retinopathy\DR357.jpg,0,Diabetic Retinopathy
E:\eye diesea pred\Dataset 3\Eye Disease Image Dataset\Original Dataset\Original Dataset\Diabetic Retinopathy\DR385.jpg,0,Diabetic Retinopathy
E:\eye diesea pred\Dataset 3\Eye Disease Image Dataset\Original Dataset\Original Dataset\Diabetic Retinopathy\DR191.jpg,0,Diabetic Retinopathy
E:\eye diesea pred\Dataset 3\Eye Disease Image Dataset\Original Dataset\Original Dataset\Diabetic Retinopathy\DR680.jpg,0,Diabetic Retinopathy
E:\eye diesea pred\Dataset 3\Eye Disease Image Dataset\Original Dataset\Original Dataset\Diabetic Retinopathy\DR696.jpg,0,Diabetic Retinopathy
E:\eye diesea pred\Dataset 3\Eye Disease Image Dataset\Original Dataset\Original Dataset\Diabetic Retinopathy\DR498.jpg,0,Diabetic Retinopathy
E:\eye diesea pred\Dataset 3\Eye Disease Image Dataset\Original Dataset\Original Dataset\Diabetic Retinopathy\DR1413.jpg,0,Diabetic Retinopathy
E:\eye diesea pred\Dataset 3\Eye Disease Image Dataset\Original Dataset\Original Dataset\Diabetic Retinopathy\DR892.jpg,0,Diabetic Retinopathy
E:\eye diesea pred\Dataset 3\Eye Disease Image Dataset\Original Dataset\Original Dataset\Diabetic Retinopathy\DR954.jpg,0,Diabetic Retinopathy
E:\eye diesea pred\Dataset 3\Eye Disease Image Dataset\Original Dataset\Original Dataset\Diabetic Retinopathy\DR1224.jpg,0,Diabetic Retinopathy
E:\eye diesea pred\Dataset 3\Eye Disease Image Dataset\Original Dataset\Original Dataset\Diabetic Retinopathy\DR65.jpg,0,Diabetic Retinopathy
E:\eye diesea pred\Dataset 3\Eye Disease Image Dataset\Original Dataset\Original Dataset\Diabetic Retinopathy\DR1245.jpg,0,Diabetic Retinopathy
E:\eye diesea pred\Dataset 3\Eye Disease Image Dataset\Original Dataset\Original Dataset\Diabetic Retinopathy\DR308.jpg,0,Diabetic Retinopathy
E:\eye diesea pred\Dataset 3\Eye Disease Image Dataset\Original Dataset\Original Dataset\Diabetic Retinopathy\DR626.jpg,0,Diabetic Retinopathy
E:\eye diesea pred\Dataset 3\Eye Disease Image Dataset\Original Dataset\Original Dataset\Diabetic Retinopathy\DR915.jpg,0,Diabetic Retinopathy
E:\eye diesea pred\Dataset 3\Eye Disease Image Dataset\Original Dataset\Original Dataset\Diabetic Retinopathy\DR1444.jpg,0,Diabetic Retinopathy
E:\eye diesea pred\Dataset 3\Eye Disease Image Dataset\Original Dataset\Original Dataset\Diabetic Retinopathy\DR399.jpg,0,Diabetic Retinopathy
E:\eye diesea pred\Dataset 3\Eye Disease Image Dataset\Original Dataset\Original Dataset\Diabetic Retinopathy\DR197.jpg,0,Diabetic Retinopathy
E:\eye diesea pred\Dataset 3\Eye Disease Image Dataset\Original Dataset\Original Dataset\Diabetic Retinopathy\DR1247.jpg,0,Diabetic Retinopathy
E:\eye diesea pred\Dataset 3\Eye Disease Image Dataset\Original Dataset\Original Dataset\Diabetic Retinopathy\DR229.jpg,0,Diabetic Retinopathy
E:\eye diesea pred\Dataset 3\Eye Disease Image Dataset\Original Dataset\Original Dataset\Diabetic Retinopathy\DR598.jpg,0,Diabetic Retinopathy
E:\eye diesea pred\Dataset 3\Eye Disease Image Dataset\Original Dataset\Original Dataset\Diabetic Retinopathy\DR485.jpg,0,Diabetic Retinopathy
E:\eye diesea pred\Dataset 3\Eye Disease Image Dataset\Original Dataset\Original Dataset\Diabetic Retinopathy\DR730.jpg,0,Diabetic Retinopathy
E:\eye diesea pred\Dataset 3\Eye Disease Image Dataset\Original Dataset\Original Dataset\Diabetic Retinopathy\DR336.jpg,0,Diabetic Retinopathy
E:\eye diesea pred\Dataset 3\Eye Disease Image Dataset\Original Dataset\Original Dataset\Diabetic Retinopathy\DR689.jpg,0,Diabetic Retinopathy
E:\eye diesea pred\Dataset 3\Eye Disease Image Dataset\Original Dataset\Original Dataset\Diabetic Retinopathy\DR1421.jpg,0,Diabetic Retinopathy
E:\eye diesea pred\Dataset 3\Eye Disease Image Dataset\Original Dataset\Original Dataset\Diabetic Retinopathy\DR214.jpg,0,Diabetic Retinopathy
E:\eye diesea pred\Dataset 3\Eye Disease Image Dataset\Original Dataset\Original Dataset\Diabetic Retinopathy\DR1331.jpg,0,Diabetic Retinopathy
E:\eye diesea pred\Dataset 3\Eye Disease Image Dataset\Original Dataset\Original Dataset\Diabetic Retinopathy\DR1398.jpg,0,Diabetic Retinopathy
E:\eye diesea pred\Dataset 3\Eye Disease Image Dataset\Original Dataset\Original Dataset\Diabetic Retinopathy\DR1096.jpg,0,Diabetic Retinopathy
E:\eye diesea pred\Dataset 3\Eye Disease Image Dataset\Original Dataset\Original Dataset\Diabetic Retinopathy\DR918.jpg,0,Diabetic Retinopathy
E:\eye diesea pred\Dataset 3\Eye Disease Image Dataset\Original Dataset\Original Dataset\Diabetic Retinopathy\DR413.jpg,0,Diabetic Retinopathy
E:\eye diesea pred\Dataset 3\Eye Disease Image Dataset\Original Dataset\Original Dataset\Diabetic Retinopathy\DR1009.jpg,0,Diabetic Retinopathy
E:\eye diesea pred\Dataset 3\Eye Disease Image Dataset\Original Dataset\Original Dataset\Diabetic Retinopathy\DR1312.jpg,0,Diabetic Retinopathy
E:\eye diesea pred\Dataset 3\Eye Disease Image Dataset\Original Dataset\Original Dataset\Diabetic Retinopathy\DR977.jpg,0,Diabetic Retinopathy
E:\eye diesea pred\Dataset 3\Eye Disease Image Dataset\Original Dataset\Original Dataset\Diabetic Retinopathy\DR1465.jpg,0,Diabetic Retinopathy
E:\eye diesea pred\Dataset 3\Eye Disease Image Dataset\Original Dataset\Original Dataset\Diabetic Retinopathy\DR344.jpg,0,Diabetic Retinopathy
E:\eye diesea pred\Dataset 3\Eye Disease Image Dataset\Original Dataset\Original Dataset\Diabetic Retinopathy\DR134.jpg,0,Diabetic Retinopathy
E:\eye diesea pred\Dataset 3\Eye Disease Image Dataset\Original Dataset\Original Dataset\Diabetic Retinopathy\DR239.jpg,0,Diabetic Retinopathy
E:\eye diesea pred\Dataset 3\Eye Disease Image Dataset\Original Dataset\Original Dataset\Diabetic Retinopathy\DR839.jpg,0,Diabetic Retinopathy
E:\eye diesea pred\Dataset 3\Eye Disease Image Dataset\Original Dataset\Original Dataset\Diabetic Retinopathy\DR149.jpg,0,Diabetic Retinopathy
E:\eye diesea pred\Dataset 3\Eye Disease Image Dataset\Original Dataset\Original Dataset\Diabetic Retinopathy\DR1318.jpg,0,Diabetic Retinopathy
E:\eye diesea pred\Dataset 3\Eye Disease Image Dataset\Original Dataset\Original Dataset\Diabetic Retinopathy\DR1036.jpg,0,Diabetic Retinopathy
E:\eye diesea pred\Dataset 3\Eye Disease Image Dataset\Original Dataset\Original Dataset\Diabetic Retinopathy\DR152.jpg,0,Diabetic Retinopathy
E:\eye diesea pred\Dataset 3\Eye Disease Image Dataset\Original Dataset\Original Dataset\Diabetic Retinopathy\DR1109.jpg,0,Diabetic Retinopathy
E:\eye diesea pred\Dataset 3\Eye Disease Image Dataset\Original Dataset\Original Dataset\Diabetic Retinopathy\DR697.jpg,0,Diabetic Retinopathy
E:\eye diesea pred\Dataset 3\Eye Disease Image Dataset\Original Dataset\Original Dataset\Diabetic Retinopathy\DR26.jpg,0,Diabetic Retinopathy
E:\eye diesea pred\Dataset 3\Eye Disease Image Dataset\Original Dataset\Original Dataset\Diabetic Retinopathy\DR1276.jpg,0,Diabetic Retinopathy
E:\eye diesea pred\Dataset 3\Eye Disease Image Dataset\Original Dataset\Original Dataset\Diabetic Retinopathy\DR781.jpg,0,Diabetic Retinopathy
E:\eye diesea pred\Dataset 3\Eye Disease Image Dataset\Original Dataset\Original Dataset\Diabetic Retinopathy\DR949.jpg,0,Diabetic Retinopathy
E:\eye diesea pred\Dataset 3\Eye Disease Image Dataset\Original Dataset\Original Dataset\Diabetic Retinopathy\DR1221.jpg,0,Diabetic Retinopathy
E:\eye diesea pred\Dataset 3\Eye Disease Image Dataset\Original Dataset\Original Dataset\Diabetic Retinopathy\DR578.jpg,0,Diabetic Retinopathy
E:\eye diesea pred\Dataset 3\Eye Disease Image Dataset\Original Dataset\Original Dataset\Diabetic Retinopathy\DR592.jpg,0,Diabetic Retinopathy
E:\eye diesea pred\Dataset 3\Eye Disease Image Dataset\Original Dataset\Original Dataset\Diabetic Retinopathy\DR374.jpg,0,Diabetic Retinopathy
E:\eye diesea pred\Dataset 3\Eye Disease Image Dataset\Original Dataset\Original Dataset\Diabetic Retinopathy\DR1068.jpg,0,Diabetic Retinopathy
E:\eye diesea pred\Dataset 3\Eye Disease Image Dataset\Original Dataset\Original Dataset\Diabetic Retinopathy\DR746.jpg,0,Diabetic Retinopathy
E:\eye diesea pred\Dataset 3\Eye Disease Image Dataset\Original Dataset\Original Dataset\Diabetic Retinopathy\DR635.jpg,0,Diabetic Retinopathy
E:\eye diesea pred\Dataset 3\Eye Disease Image Dataset\Original Dataset\Original Dataset\Diabetic Retinopathy\DR1364.jpg,0,Diabetic Retinopathy
E:\eye diesea pred\Dataset 3\Eye Disease Image Dataset\Original Dataset\Original Dataset\Diabetic Retinopathy\DR1344.jpg,0,Diabetic Retinopathy
E:\eye diesea pred\Dataset 3\Eye Disease Image Dataset\Original Dataset\Original Dataset\Diabetic Retinopathy\DR253.jpg,0,Diabetic Retinopathy
E:\eye diesea pred\Dataset 3\Eye Disease Image Dataset\Original Dataset\Original Dataset\Diabetic Retinopathy\DR761.jpg,0,Diabetic Retinopathy
E:\eye diesea pred\Dataset 3\Eye Disease Image Dataset\Original Dataset\Original Dataset\Diabetic Retinopathy\DR1286.jpg,0,Diabetic Retinopathy
E:\eye diesea pred\Dataset 3\Eye Disease Image Dataset\Original Dataset\Original Dataset\Diabetic Retinopathy\DR1021.jpg,0,Diabetic Retinopathy
E:\eye diesea pred\Dataset 3\Eye Disease Image Dataset\Original Dataset\Original Dataset\Diabetic Retinopathy\DR938.jpg,0,Diabetic Retinopathy
E:\eye diesea pred\Dataset 3\Eye Disease Image Dataset\Original Dataset\Original Dataset\Diabetic Retinopathy\DR772.jpg,0,Diabetic Retinopathy
E:\eye diesea pred\Dataset 3\Eye Disease Image Dataset\Original Dataset\Original Dataset\Diabetic Retinopathy\DR911.jpg,0,Diabetic Retinopathy
E:\eye diesea pred\Dataset 3\Eye Disease Image Dataset\Original Dataset\Original Dataset\Diabetic Retinopathy\DR709.jpg,0,Diabetic Retinopathy
E:\eye diesea pred\Dataset 3\Eye Disease Image Dataset\Original Dataset\Original Dataset\Diabetic Retinopathy\DR331.jpg,0,Diabetic Retinopathy
E:\eye diesea pred\Dataset 3\Eye Disease Image Dataset\Original Dataset\Original Dataset\Diabetic Retinopathy\DR501.jpg,0,Diabetic Retinopathy
E:\eye diesea pred\Dataset 3\Eye Disease Image Dataset\Original Dataset\Original Dataset\Diabetic Retinopathy\DR398.jpg,0,Diabetic Retinopathy
E:\eye diesea pred\Dataset 3\Eye Disease Image Dataset\Original Dataset\Original Dataset\Diabetic Retinopathy\DR557.jpg,0,Diabetic Retinopathy
E:\eye diesea pred\Dataset 3\Eye Disease Image Dataset\Original Dataset\Original Dataset\Diabetic Retinopathy\DR188.jpg,0,Diabetic Retinopathy
E:\eye diesea pred\Dataset 3\Eye Disease Image Dataset\Original Dataset\Original Dataset\Diabetic Retinopathy\DR1152.jpg,0,Diabetic Retinopathy
E:\eye diesea pred\Dataset 3\Eye Disease Image Dataset\Original Dataset\Original Dataset\Diabetic Retinopathy\DR1338.jpg,0,Diabetic Retinopathy
E:\eye diesea pred\Dataset 3\Eye Disease Image Dataset\Original Dataset\Original Dataset\Diabetic Retinopathy\DR823.jpg,0,Diabetic Retinopathy
E:\eye diesea pred\Dataset 3\Eye Disease Image Dataset\Original Dataset\Original Dataset\Diabetic Retinopathy\DR999.jpg,0,Diabetic Retinopathy
E:\eye diesea pred\Dataset 3\Eye Disease Image Dataset\Original Dataset\Original Dataset\Diabetic Retinopathy\DR554.jpg,0,Diabetic Retinopathy
E:\eye diesea pred\Dataset 3\Eye Disease Image Dataset\Original Dataset\Original Dataset\Diabetic Retinopathy\DR768.jpg,0,Diabetic Retinopathy
E:\eye diesea pred\Dataset 3\Eye Disease Image Dataset\Original Dataset\Original Dataset\Diabetic Retinopathy\DR712.jpg,0,Diabetic Retinopathy
E:\eye diesea pred\Dataset 3\Eye Disease Image Dataset\Original Dataset\Original Dataset\Diabetic Retinopathy\DR80.jpg,0,Diabetic Retinopathy
E:\eye diesea pred\Dataset 3\Eye Disease Image Dataset\Original Dataset\Original Dataset\Diabetic Retinopathy\DR246.jpg,0,Diabetic Retinopathy
E:\eye diesea pred\Dataset 3\Eye Disease Image Dataset\Original Dataset\Original Dataset\Diabetic Retinopathy\DR549.jpg,0,Diabetic Retinopathy
E:\eye diesea pred\Dataset 3\Eye Disease Image Dataset\Original Dataset\Original Dataset\Diabetic Retinopathy\DR1114.jpg,0,Diabetic Retinopathy
E:\eye diesea pred\Dataset 3\Eye Disease Image Dataset\Original Dataset\Original Dataset\Diabetic Retinopathy\DR440.jpg,0,Diabetic Retinopathy
E:\eye diesea pred\Dataset 3\Eye Disease Image Dataset\Original Dataset\Original Dataset\Diabetic Retinopathy\DR425.jpg,0,Diabetic Retinopathy
E:\eye diesea pred\Dataset 3\Eye Disease Image Dataset\Original Dataset\Original Dataset\Diabetic Retinopathy\DR201.jpg,0,Diabetic Retinopathy
E:\eye diesea pred\Dataset 3\Eye Disease Image Dataset\Original Dataset\Original Dataset\Diabetic Retinopathy\DR736.jpg,0,Diabetic Retinopathy
E:\eye diesea pred\Dataset 3\Eye Disease Image Dataset\Original Dataset\Original Dataset\Diabetic Retinopathy\DR710.jpg,0,Diabetic Retinopathy
E:\eye diesea pred\Dataset 3\Eye Disease Image Dataset\Original Dataset\Original Dataset\Diabetic Retinopathy\DR449.jpg,0,Diabetic Retinopathy
E:\eye diesea pred\Dataset 3\Eye Disease Image Dataset\Original Dataset\Original Dataset\Diabetic Retinopathy\DR1026.jpg,0,Diabetic Retinopathy
E:\eye diesea pred\Dataset 3\Eye Disease Image Dataset\Original Dataset\Original Dataset\Diabetic Retinopathy\DR324.jpg,0,Diabetic Retinopathy
E:\eye diesea pred\Dataset 3\Eye Disease Image Dataset\Original Dataset\Original Dataset\Diabetic Retinopathy\DR1035.jpg,0,Diabetic Retinopathy
E:\eye diesea pred\Dataset 3\Eye Disease Image Dataset\Original Dataset\Original Dataset\Diabetic Retinopathy\DR23.jpg,0,Diabetic Retinopathy
E:\eye diesea pred\Dataset 3\Eye Disease Image Dataset\Original Dataset\Original Dataset\Diabetic Retinopathy\DR1061.jpg,0,Diabetic Retinopathy
E:\eye diesea pred\Dataset 3\Eye Disease Image Dataset\Original Dataset\Original Dataset\Diabetic Retinopathy\DR228.jpg,0,Diabetic Retinopathy
E:\eye diesea pred\Dataset 3\Eye Disease Image Dataset\Original Dataset\Original Dataset\Diabetic Retinopathy\DR646.jpg,0,Diabetic Retinopathy
E:\eye diesea pred\Dataset 3\Eye Disease Image Dataset\Original Dataset\Original Dataset\Diabetic Retinopathy\DR1320.jpg,0,Diabetic Retinopathy
E:\eye diesea pred\Dataset 3\Eye Disease Image Dataset\Original Dataset\Original Dataset\Diabetic Retinopathy\DR1046.jpg,0,Diabetic Retinopathy
E:\eye diesea pred\Dataset 3\Eye Disease Image Dataset\Original Dataset\Original Dataset\Diabetic Retinopathy\DR914.jpg,0,Diabetic Retinopathy
E:\eye diesea pred\Dataset 3\Eye Disease Image Dataset\Original Dataset\Original Dataset\Diabetic Retinopathy\DR32.jpg,0,Diabetic Retinopathy
E:\eye diesea pred\Dataset 3\Eye Disease Image Dataset\Original Dataset\Original Dataset\Diabetic Retinopathy\DR647.jpg,0,Diabetic Retinopathy
E:\eye diesea pred\Dataset 3\Eye Disease Image Dataset\Original Dataset\Original Dataset\Diabetic Retinopathy\DR713.jpg,0,Diabetic Retinopathy
E:\eye diesea pred\Dataset 3\Eye Disease Image Dataset\Original Dataset\Original Dataset\Diabetic Retinopathy\DR1073.jpg,0,Diabetic Retinopathy
E:\eye diesea pred\Dataset 3\Eye Disease Image Dataset\Original Dataset\Original Dataset\Diabetic Retinopathy\DR1230.jpg,0,Diabetic Retinopathy
E:\eye diesea pred\Dataset 3\Eye Disease Image Dataset\Original Dataset\Original Dataset\Diabetic Retinopathy\DR664.jpg,0,Diabetic Retinopathy
E:\eye diesea pred\Dataset 3\Eye Disease Image Dataset\Original Dataset\Original Dataset\Diabetic Retinopathy\DR322.jpg,0,Diabetic Retinopathy
E:\eye diesea pred\Dataset 3\Eye Disease Image Dataset\Original Dataset\Original Dataset\Diabetic Retinopathy\DR1254.jpg,0,Diabetic Retinopathy
E:\eye diesea pred\Dataset 3\Eye Disease Image Dataset\Original Dataset\Original Dataset\Diabetic Retinopathy\DR545.jpg,0,Diabetic Retinopathy
E:\eye diesea pred\Dataset 3\Eye Disease Image Dataset\Original Dataset\Original Dataset\Diabetic Retinopathy\DR330.jpg,0,Diabetic Retinopathy
E:\eye diesea pred\Dataset 3\Eye Disease Image Dataset\Original Dataset\Original Dataset\Diabetic Retinopathy\DR1309.jpg,0,Diabetic Retinopathy
E:\eye diesea pred\Dataset 3\Eye Disease Image Dataset\Original Dataset\Original Dataset\Diabetic Retinopathy\DR917.jpg,0,Diabetic Retinopathy
E:\eye diesea pred\Dataset 3\Eye Disease Image Dataset\Original Dataset\Original Dataset\Diabetic Retinopathy\DR1417.jpg,0,Diabetic Retinopathy
E:\eye diesea pred\Dataset 3\Eye Disease Image Dataset\Original Dataset\Original Dataset\Diabetic Retinopathy\DR1193.jpg,0,Diabetic Retinopathy
E:\eye diesea pred\Dataset 3\Eye Disease Image Dataset\Original Dataset\Original Dataset\Diabetic Retinopathy\DR130.jpg,0,Diabetic Retinopathy
E:\eye diesea pred\Dataset 3\Eye Disease Image Dataset\Original Dataset\Original Dataset\Diabetic Retinopathy\DR732.jpg,0,Diabetic Retinopathy
E:\eye diesea pred\Dataset 3\Eye Disease Image Dataset\Original Dataset\Original Dataset\Diabetic Retinopathy\DR1238.jpg,0,Diabetic Retinopathy
E:\eye diesea pred\Dataset 3\Eye Disease Image Dataset\Original Dataset\Original Dataset\Diabetic Retinopathy\DR480.jpg,0,Diabetic Retinopathy
E:\eye diesea pred\Dataset 3\Eye Disease Image Dataset\Original Dataset\Original Dataset\Diabetic Retinopathy\DR88.jpg,0,Diabetic Retinopathy
E:\eye diesea pred\Dataset 3\Eye Disease Image Dataset\Original Dataset\Original Dataset\Diabetic Retinopathy\DR1423.jpg,0,Diabetic Retinopathy
E:\eye diesea pred\Dataset 3\Eye Disease Image Dataset\Original Dataset\Original Dataset\Diabetic Retinopathy\DR795.jpg,0,Diabetic Retinopathy
E:\eye diesea pred\Dataset 3\Eye Disease Image Dataset\Original Dataset\Original Dataset\Diabetic Retinopathy\DR788.jpg,0,Diabetic Retinopathy
E:\eye diesea pred\Dataset 3\Eye Disease Image Dataset\Original Dataset\Original Dataset\Diabetic Retinopathy\DR221.jpg,0,Diabetic Retinopathy
E:\eye diesea pred\Dataset 3\Eye Disease Image Dataset\Original Dataset\Original Dataset\Diabetic Retinopathy\DR639.jpg,0,Diabetic Retinopathy
E:\eye diesea pred\Dataset 3\Eye Disease Image Dataset\Original Dataset\Original Dataset\Diabetic Retinopathy\DR376.jpg,0,Diabetic Retinopathy
E:\eye diesea pred\Dataset 3\Eye Disease Image Dataset\Original Dataset\Original Dataset\Diabetic Retinopathy\DR60.jpg,0,Diabetic Retinopathy
E:\eye diesea pred\Dataset 3\Eye Disease Image Dataset\Original Dataset\Original Dataset\Diabetic Retinopathy\DR735.jpg,0,Diabetic Retinopathy
E:\eye diesea pred\Dataset 3\Eye Disease Image Dataset\Original Dataset\Original Dataset\Diabetic Retinopathy\DR175.jpg,0,Diabetic Retinopathy
E:\eye diesea pred\Dataset 3\Eye Disease Image Dataset\Original Dataset\Original Dataset\Diabetic Retinopathy\DR582.jpg,0,Diabetic Retinopathy
E:\eye diesea pred\Dataset 3\Eye Disease Image Dataset\Original Dataset\Original Dataset\Diabetic Retinopathy\DR1022.jpg,0,Diabetic Retinopathy
E:\eye diesea pred\Dataset 3\Eye Disease Image Dataset\Original Dataset\Original Dataset\Diabetic Retinopathy\DR620.jpg,0,Diabetic Retinopathy
E:\eye diesea pred\Dataset 3\Eye Disease Image Dataset\Original Dataset\Original Dataset\Diabetic Retinopathy\DR202.jpg,0,Diabetic Retinopathy
E:\eye diesea pred\Dataset 3\Eye Disease Image Dataset\Original Dataset\Original Dataset\Diabetic Retinopathy\DR872.jpg,0,Diabetic Retinopathy
E:\eye diesea pred\Dataset 3\Eye Disease Image Dataset\Original Dataset\Original Dataset\Diabetic Retinopathy\DR1429.jpg,0,Diabetic Retinopathy
E:\eye diesea pred\Dataset 3\Eye Disease Image Dataset\Original Dataset\Original Dataset\Diabetic Retinopathy\DR1150.jpg,0,Diabetic Retinopathy
E:\eye diesea pred\Dataset 3\Eye Disease Image Dataset\Original Dataset\Original Dataset\Diabetic Retinopathy\DR884.jpg,0,Diabetic Retinopathy
E:\eye diesea pred\Dataset 3\Eye Disease Image Dataset\Original Dataset\Original Dataset\Diabetic Retinopathy\DR1371.jpg,0,Diabetic Retinopathy
E:\eye diesea pred\Dataset 3\Eye Disease Image Dataset\Original Dataset\Original Dataset\Diabetic Retinopathy\DR812.jpg,0,Diabetic Retinopathy
E:\eye diesea pred\Dataset 3\Eye Disease Image Dataset\Original Dataset\Original Dataset\Diabetic Retinopathy\DR255.jpg,0,Diabetic Retinopathy
E:\eye diesea pred\Dataset 3\Eye Disease Image Dataset\Original Dataset\Original Dataset\Diabetic Retinopathy\DR245.jpg,0,Diabetic Retinopathy
E:\eye diesea pred\Dataset 3\Eye Disease Image Dataset\Original Dataset\Original Dataset\Diabetic Retinopathy\DR1308.jpg,0,Diabetic Retinopathy
E:\eye diesea pred\Dataset 3\Eye Disease Image Dataset\Original Dataset\Original Dataset\Diabetic Retinopathy\DR51.jpg,0,Diabetic Retinopathy
E:\eye diesea pred\Dataset 3\Eye Disease Image Dataset\Original Dataset\Original Dataset\Diabetic Retinopathy\DR1024.jpg,0,Diabetic Retinopathy
E:\eye diesea pred\Dataset 3\Eye Disease Image Dataset\Original Dataset\Original Dataset\Diabetic Retinopathy\DR782.jpg,0,Diabetic Retinopathy
E:\eye diesea pred\Dataset 3\Eye Disease Image Dataset\Original Dataset\Original Dataset\Diabetic Retinopathy\DR140.jpg,0,Diabetic Retinopathy
E:\eye diesea pred\Dataset 3\Eye Disease Image Dataset\Original Dataset\Original Dataset\Diabetic Retinopathy\DR125.jpg,0,Diabetic Retinopathy
E:\eye diesea pred\Dataset 3\Eye Disease Image Dataset\Original Dataset\Original Dataset\Diabetic Retinopathy\DR486.jpg,0,Diabetic Retinopathy
E:\eye diesea pred\Dataset 3\Eye Disease Image Dataset\Original Dataset\Original Dataset\Diabetic Retinopathy\DR1448.jpg,0,Diabetic Retinopathy
E:\eye diesea pred\Dataset 3\Eye Disease Image Dataset\Original Dataset\Original Dataset\Diabetic Retinopathy\DR1200.jpg,0,Diabetic Retinopathy
E:\eye diesea pred\Dataset 3\Eye Disease Image Dataset\Original Dataset\Original Dataset\Diabetic Retinopathy\DR185.jpg,0,Diabetic Retinopathy
E:\eye diesea pred\Dataset 3\Eye Disease Image Dataset\Original Dataset\Original Dataset\Diabetic Retinopathy\DR367.jpg,0,Diabetic Retinopathy
E:\eye diesea pred\Dataset 3\Eye Disease Image Dataset\Original Dataset\Original Dataset\Diabetic Retinopathy\DR1501.jpg,0,Diabetic Retinopathy
E:\eye diesea pred\Dataset 3\Eye Disease Image Dataset\Original Dataset\Original Dataset\Diabetic Retinopathy\DR306.jpg,0,Diabetic Retinopathy
E:\eye diesea pred\Dataset 3\Eye Disease Image Dataset\Original Dataset\Original Dataset\Diabetic Retinopathy\DR843.jpg,0,Diabetic Retinopathy
E:\eye diesea pred\Dataset 3\Eye Disease Image Dataset\Original Dataset\Original Dataset\Diabetic Retinopathy\DR1495.jpg,0,Diabetic Retinopathy
E:\eye diesea pred\Dataset 3\Eye Disease Image Dataset\Original Dataset\Original Dataset\Diabetic Retinopathy\DR968.jpg,0,Diabetic Retinopathy
E:\eye diesea pred\Dataset 3\Eye Disease Image Dataset\Original Dataset\Original Dataset\Diabetic Retinopathy\DR4.jpg,0,Diabetic Retinopathy
E:\eye diesea pred\Dataset 3\Eye Disease Image Dataset\Original Dataset\Original Dataset\Diabetic Retinopathy\DR1358.jpg,0,Diabetic Retinopathy
E:\eye diesea pred\Dataset 3\Eye Disease Image Dataset\Original Dataset\Original Dataset\Diabetic Retinopathy\DR323.jpg,0,Diabetic Retinopathy
E:\eye diesea pred\Dataset 3\Eye Disease Image Dataset\Original Dataset\Original Dataset\Diabetic Retinopathy\DR644.jpg,0,Diabetic Retinopathy
E:\eye diesea pred\Dataset 3\Eye Disease Image Dataset\Original Dataset\Original Dataset\Diabetic Retinopathy\DR1322.jpg,0,Diabetic Retinopathy
E:\eye diesea pred\Dataset 3\Eye Disease Image Dataset\Original Dataset\Original Dataset\Diabetic Retinopathy\DR855.jpg,0,Diabetic Retinopathy
E:\eye diesea pred\Dataset 3\Eye Disease Image Dataset\Original Dataset\Original Dataset\Diabetic Retinopathy\DR70.jpg,0,Diabetic Retinopathy
E:\eye diesea pred\Dataset 3\Eye Disease Image Dataset\Original Dataset\Original Dataset\Diabetic Retinopathy\DR587.jpg,0,Diabetic Retinopathy
E:\eye diesea pred\Dataset 3\Eye Disease Image Dataset\Original Dataset\Original Dataset\Diabetic Retinopathy\DR503.jpg,0,Diabetic Retinopathy
E:\eye diesea pred\Dataset 3\Eye Disease Image Dataset\Original Dataset\Original Dataset\Diabetic Retinopathy\DR840.jpg,0,Diabetic Retinopathy
E:\eye diesea pred\Dataset 3\Eye Disease Image Dataset\Original Dataset\Original Dataset\Diabetic Retinopathy\DR1016.jpg,0,Diabetic Retinopathy
E:\eye diesea pred\Dataset 3\Eye Disease Image Dataset\Original Dataset\Original Dataset\Diabetic Retinopathy\DR483.jpg,0,Diabetic Retinopathy
E:\eye diesea pred\Dataset 3\Eye Disease Image Dataset\Original Dataset\Original Dataset\Diabetic Retinopathy\DR168.jpg,0,Diabetic Retinopathy
E:\eye diesea pred\Dataset 3\Eye Disease Image Dataset\Original Dataset\Original Dataset\Diabetic Retinopathy\DR773.jpg,0,Diabetic Retinopathy
E:\eye diesea pred\Dataset 3\Eye Disease Image Dataset\Original Dataset\Original Dataset\Diabetic Retinopathy\DR1357.jpg,0,Diabetic Retinopathy
E:\eye diesea pred\Dataset 3\Eye Disease Image Dataset\Original Dataset\Original Dataset\Diabetic Retinopathy\DR787.jpg,0,Diabetic Retinopathy
E:\eye diesea pred\Dataset 3\Eye Disease Image Dataset\Original Dataset\Original Dataset\Diabetic Retinopathy\DR397.jpg,0,Diabetic Retinopathy
E:\eye diesea pred\Dataset 3\Eye Disease Image Dataset\Original Dataset\Original Dataset\Diabetic Retinopathy\DR1189.jpg,0,Diabetic Retinopathy
E:\eye diesea pred\Dataset 3\Eye Disease Image Dataset\Original Dataset\Original Dataset\Diabetic Retinopathy\DR1055.jpg,0,Diabetic Retinopathy
E:\eye diesea pred\Dataset 3\Eye Disease Image Dataset\Original Dataset\Original Dataset\Diabetic Retinopathy\DR1381.jpg,0,Diabetic Retinopathy
E:\eye diesea pred\Dataset 3\Eye Disease Image Dataset\Original Dataset\Original Dataset\Diabetic Retinopathy\DR1428.jpg,0,Diabetic Retinopathy
E:\eye diesea pred\Dataset 3\Eye Disease Image Dataset\Original Dataset\Original Dataset\Diabetic Retinopathy\DR1499.jpg,0,Diabetic Retinopathy
E:\eye diesea pred\Dataset 3\Eye Disease Image Dataset\Original Dataset\Original Dataset\Diabetic Retinopathy\DR820.jpg,0,Diabetic Retinopathy
E:\eye diesea pred\Dataset 3\Eye Disease Image Dataset\Original Dataset\Original Dataset\Diabetic Retinopathy\DR1374.jpg,0,Diabetic Retinopathy
E:\eye diesea pred\Dataset 3\Eye Disease Image Dataset\Original Dataset\Original Dataset\Diabetic Retinopathy\DR53.jpg,0,Diabetic Retinopathy
E:\eye diesea pred\Dataset 3\Eye Disease Image Dataset\Original Dataset\Original Dataset\Diabetic Retinopathy\DR906.jpg,0,Diabetic Retinopathy
E:\eye diesea pred\Dataset 3\Eye Disease Image Dataset\Original Dataset\Original Dataset\Diabetic Retinopathy\DR669.jpg,0,Diabetic Retinopathy
E:\eye diesea pred\Dataset 3\Eye Disease Image Dataset\Original Dataset\Original Dataset\Diabetic Retinopathy\DR280.jpg,0,Diabetic Retinopathy
E:\eye diesea pred\Dataset 3\Eye Disease Image Dataset\Original Dataset\Original Dataset\Diabetic Retinopathy\DR1139.jpg,0,Diabetic Retinopathy
E:\eye diesea pred\Dataset 3\Eye Disease Image Dataset\Original Dataset\Original Dataset\Diabetic Retinopathy\DR269.jpg,0,Diabetic Retinopathy
E:\eye diesea pred\Dataset 3\Eye Disease Image Dataset\Original Dataset\Original Dataset\Diabetic Retinopathy\DR569.jpg,0,Diabetic Retinopathy
E:\eye diesea pred\Dataset 3\Eye Disease Image Dataset\Original Dataset\Original Dataset\Diabetic Retinopathy\DR589.jpg,0,Diabetic Retinopathy
E:\eye diesea pred\Dataset 3\Eye Disease Image Dataset\Original Dataset\Original Dataset\Diabetic Retinopathy\DR975.jpg,0,Diabetic Retinopathy
E:\eye diesea pred\Dataset 3\Eye Disease Image Dataset\Original Dataset\Original Dataset\Diabetic Retinopathy\DR826.jpg,0,Diabetic Retinopathy
E:\eye diesea pred\Dataset 3\Eye Disease Image Dataset\Original Dataset\Original Dataset\Diabetic Retinopathy\DR1072.jpg,0,Diabetic Retinopathy
E:\eye diesea pred\Dataset 3\Eye Disease Image Dataset\Original Dataset\Original Dataset\Diabetic Retinopathy\DR1497.jpg,0,Diabetic Retinopathy
E:\eye diesea pred\Dataset 3\Eye Disease Image Dataset\Original Dataset\Original Dataset\Diabetic Retinopathy\DR875.jpg,0,Diabetic Retinopathy
E:\eye diesea pred\Dataset 3\Eye Disease Image Dataset\Original Dataset\Original Dataset\Diabetic Retinopathy\DR827.jpg,0,Diabetic Retinopathy
E:\eye diesea pred\Dataset 3\Eye Disease Image Dataset\Original Dataset\Original Dataset\Diabetic Retinopathy\DR1249.jpg,0,Diabetic Retinopathy
E:\eye diesea pred\Dataset 3\Eye Disease Image Dataset\Original Dataset\Original Dataset\Diabetic Retinopathy\DR520.jpg,0,Diabetic Retinopathy
E:\eye diesea pred\Dataset 3\Eye Disease Image Dataset\Original Dataset\Original Dataset\Diabetic Retinopathy\DR894.jpg,0,Diabetic Retinopathy
E:\eye diesea pred\Dataset 3\Eye Disease Image Dataset\Original Dataset\Original Dataset\Diabetic Retinopathy\DR287.jpg,0,Diabetic Retinopathy
E:\eye diesea pred\Dataset 3\Eye Disease Image Dataset\Original Dataset\Original Dataset\Diabetic Retinopathy\DR617.jpg,0,Diabetic Retinopathy
E:\eye diesea pred\Dataset 3\Eye Disease Image Dataset\Original Dataset\Original Dataset\Diabetic Retinopathy\DR1403.jpg,0,Diabetic Retinopathy
E:\eye diesea pred\Dataset 3\Eye Disease Image Dataset\Original Dataset\Original Dataset\Diabetic Retinopathy\DR1251.jpg,0,Diabetic Retinopathy
E:\eye diesea pred\Dataset 3\Eye Disease Image Dataset\Original Dataset\Original Dataset\Diabetic Retinopathy\DR1218.jpg,0,Diabetic Retinopathy
E:\eye diesea pred\Dataset 3\Eye Disease Image Dataset\Original Dataset\Original Dataset\Diabetic Retinopathy\DR206.jpg,0,Diabetic Retinopathy
E:\eye diesea pred\Dataset 3\Eye Disease Image Dataset\Original Dataset\Original Dataset\Diabetic Retinopathy\DR1445.jpg,0,Diabetic Retinopathy
E:\eye diesea pred\Dataset 3\Eye Disease Image Dataset\Original Dataset\Original Dataset\Diabetic Retinopathy\DR1479.jpg,0,Diabetic Retinopathy
E:\eye diesea pred\Dataset 3\Eye Disease Image Dataset\Original Dataset\Original Dataset\Diabetic Retinopathy\DR346.jpg,0,Diabetic Retinopathy
E:\eye diesea pred\Dataset 3\Eye Disease Image Dataset\Original Dataset\Original Dataset\Diabetic Retinopathy\DR335.jpg,0,Diabetic Retinopathy
E:\eye diesea pred\Dataset 3\Eye Disease Image Dataset\Original Dataset\Original Dataset\Diabetic Retinopathy\DR882.jpg,0,Diabetic Retinopathy
E:\eye diesea pred\Dataset 3\Eye Disease Image Dataset\Original Dataset\Original Dataset\Diabetic Retinopathy\DR216.jpg,0,Diabetic Retinopathy
E:\eye diesea pred\Dataset 3\Eye Disease Image Dataset\Original Dataset\Original Dataset\Diabetic Retinopathy\DR403.jpg,0,Diabetic Retinopathy
E:\eye diesea pred\Dataset 3\Eye Disease Image Dataset\Original Dataset\Original Dataset\Diabetic Retinopathy\DR1226.jpg,0,Diabetic Retinopathy
E:\eye diesea pred\Dataset 3\Eye Disease Image Dataset\Original Dataset\Original Dataset\Diabetic Retinopathy\DR521.jpg,0,Diabetic Retinopathy
E:\eye diesea pred\Dataset 3\Eye Disease Image Dataset\Original Dataset\Original Dataset\Diabetic Retinopathy\DR1237.jpg,0,Diabetic Retinopathy
E:\eye diesea pred\Dataset 3\Eye Disease Image Dataset\Original Dataset\Original Dataset\Diabetic Retinopathy\DR806.jpg,0,Diabetic Retinopathy
E:\eye diesea pred\Dataset 3\Eye Disease Image Dataset\Original Dataset\Original Dataset\Diabetic Retinopathy\DR511.jpg,0,Diabetic Retinopathy
E:\eye diesea pred\Dataset 3\Eye Disease Image Dataset\Original Dataset\Original Dataset\Diabetic Retinopathy\DR777.jpg,0,Diabetic Retinopathy
E:\eye diesea pred\Dataset 3\Eye Disease Image Dataset\Original Dataset\Original Dataset\Diabetic Retinopathy\DR314.jpg,0,Diabetic Retinopathy
E:\eye diesea pred\Dataset 3\Eye Disease Image Dataset\Original Dataset\Original Dataset\Diabetic Retinopathy\DR1144.jpg,0,Diabetic Retinopathy
E:\eye diesea pred\Dataset 3\Eye Disease Image Dataset\Original Dataset\Original Dataset\Diabetic Retinopathy\DR846.jpg,0,Diabetic Retinopathy
E:\eye diesea pred\Dataset 3\Eye Disease Image Dataset\Original Dataset\Original Dataset\Diabetic Retinopathy\DR61.jpg,0,Diabetic Retinopathy
E:\eye diesea pred\Dataset 3\Eye Disease Image Dataset\Original Dataset\Original Dataset\Diabetic Retinopathy\DR1503.jpg,0,Diabetic Retinopathy
E:\eye diesea pred\Dataset 3\Eye Disease Image Dataset\Original Dataset\Original Dataset\Diabetic Retinopathy\DR395.jpg,0,Diabetic Retinopathy
E:\eye diesea pred\Dataset 3\Eye Disease Image Dataset\Original Dataset\Original Dataset\Diabetic Retinopathy\DR688.jpg,0,Diabetic Retinopathy
E:\eye diesea pred\Dataset 3\Eye Disease Image Dataset\Original Dataset\Original Dataset\Diabetic Retinopathy\DR1463.jpg,0,Diabetic Retinopathy
E:\eye diesea pred\Dataset 3\Eye Disease Image Dataset\Original Dataset\Original Dataset\Diabetic Retinopathy\DR451.jpg,0,Diabetic Retinopathy
E:\eye diesea pred\Dataset 3\Eye Disease Image Dataset\Original Dataset\Original Dataset\Diabetic Retinopathy\DR292.jpg,0,Diabetic Retinopathy
E:\eye diesea pred\Dataset 3\Eye Disease Image Dataset\Original Dataset\Original Dataset\Diabetic Retinopathy\DR380.jpg,0,Diabetic Retinopathy
E:\eye diesea pred\Dataset 3\Eye Disease Image Dataset\Original Dataset\Original Dataset\Diabetic Retinopathy\DR194.jpg,0,Diabetic Retinopathy
E:\eye diesea pred\Dataset 3\Eye Disease Image Dataset\Original Dataset\Original Dataset\Diabetic Retinopathy\DR1406.jpg,0,Diabetic Retinopathy
E:\eye diesea pred\Dataset 3\Eye Disease Image Dataset\Original Dataset\Original Dataset\Diabetic Retinopathy\DR450.jpg,0,Diabetic Retinopathy
E:\eye diesea pred\Dataset 3\Eye Disease Image Dataset\Original Dataset\Original Dataset\Diabetic Retinopathy\DR325.jpg,0,Diabetic Retinopathy
E:\eye diesea pred\Dataset 3\Eye Disease Image Dataset\Original Dataset\Original Dataset\Diabetic Retinopathy\DR1290.jpg,0,Diabetic Retinopathy
E:\eye diesea pred\Dataset 3\Eye Disease Image Dataset\Original Dataset\Original Dataset\Diabetic Retinopathy\DR178.jpg,0,Diabetic Retinopathy
E:\eye diesea pred\Dataset 3\Eye Disease Image Dataset\Original Dataset\Original Dataset\Diabetic Retinopathy\DR1513.jpg,0,Diabetic Retinopathy
E:\eye diesea pred\Dataset 3\Eye Disease Image Dataset\Original Dataset\Original Dataset\Diabetic Retinopathy\DR596.jpg,0,Diabetic Retinopathy
E:\eye diesea pred\Dataset 3\Eye Disease Image Dataset\Original Dataset\Original Dataset\Diabetic Retinopathy\DR652.jpg,0,Diabetic Retinopathy
E:\eye diesea pred\Dataset 3\Eye Disease Image Dataset\Original Dataset\Original Dataset\Diabetic Retinopathy\DR916.jpg,0,Diabetic Retinopathy
E:\eye diesea pred\Dataset 3\Eye Disease Image Dataset\Original Dataset\Original Dataset\Diabetic Retinopathy\DR368.jpg,0,Diabetic Retinopathy
E:\eye diesea pred\Dataset 3\Eye Disease Image Dataset\Original Dataset\Original Dataset\Diabetic Retinopathy\DR1120.jpg,0,Diabetic Retinopathy
E:\eye diesea pred\Dataset 3\Eye Disease Image Dataset\Original Dataset\Original Dataset\Diabetic Retinopathy\DR1419.jpg,0,Diabetic Retinopathy
E:\eye diesea pred\Dataset 3\Eye Disease Image Dataset\Original Dataset\Original Dataset\Diabetic Retinopathy\DR727.jpg,0,Diabetic Retinopathy
E:\eye diesea pred\Dataset 3\Eye Disease Image Dataset\Original Dataset\Original Dataset\Diabetic Retinopathy\DR410.jpg,0,Diabetic Retinopathy
E:\eye diesea pred\Dataset 3\Eye Disease Image Dataset\Original Dataset\Original Dataset\Diabetic Retinopathy\DR895.jpg,0,Diabetic Retinopathy
E:\eye diesea pred\Dataset 3\Eye Disease Image Dataset\Original Dataset\Original Dataset\Diabetic Retinopathy\DR991.jpg,0,Diabetic Retinopathy
E:\eye diesea pred\Dataset 3\Eye Disease Image Dataset\Original Dataset\Original Dataset\Diabetic Retinopathy\DR605.jpg,0,Diabetic Retinopathy
E:\eye diesea pred\Dataset 3\Eye Disease Image Dataset\Original Dataset\Original Dataset\Diabetic Retinopathy\DR997.jpg,0,Diabetic Retinopathy
E:\eye diesea pred\Dataset 3\Eye Disease Image Dataset\Original Dataset\Original Dataset\Diabetic Retinopathy\DR1426.jpg,0,Diabetic Retinopathy
E:\eye diesea pred\Dataset 3\Eye Disease Image Dataset\Original Dataset\Original Dataset\Diabetic Retinopathy\DR1476.jpg,0,Diabetic Retinopathy
E:\eye diesea pred\Dataset 3\Eye Disease Image Dataset\Original Dataset\Original Dataset\Diabetic Retinopathy\DR270.jpg,0,Diabetic Retinopathy
E:\eye diesea pred\Dataset 3\Eye Disease Image Dataset\Original Dataset\Original Dataset\Diabetic Retinopathy\DR370.jpg,0,Diabetic Retinopathy
E:\eye diesea pred\Dataset 3\Eye Disease Image Dataset\Original Dataset\Original Dataset\Diabetic Retinopathy\DR1160.jpg,0,Diabetic Retinopathy
E:\eye diesea pred\Dataset 3\Eye Disease Image Dataset\Original Dataset\Original Dataset\Diabetic Retinopathy\DR878.jpg,0,Diabetic Retinopathy
E:\eye diesea pred\Dataset 3\Eye Disease Image Dataset\Original Dataset\Original Dataset\Diabetic Retinopathy\DR9.jpg,0,Diabetic Retinopathy
E:\eye diesea pred\Dataset 3\Eye Disease Image Dataset\Original Dataset\Original Dataset\Diabetic Retinopathy\DR347.jpg,0,Diabetic Retinopathy
E:\eye diesea pred\Dataset 3\Eye Disease Image Dataset\Original Dataset\Original Dataset\Diabetic Retinopathy\DR1097.jpg,0,Diabetic Retinopathy
E:\eye diesea pred\Dataset 3\Eye Disease Image Dataset\Original Dataset\Original Dataset\Diabetic Retinopathy\DR445.jpg,0,Diabetic Retinopathy
E:\eye diesea pred\Dataset 3\Eye Disease Image Dataset\Original Dataset\Original Dataset\Diabetic Retinopathy\DR791.jpg,0,Diabetic Retinopathy
E:\eye diesea pred\Dataset 3\Eye Disease Image Dataset\Original Dataset\Original Dataset\Diabetic Retinopathy\DR422.jpg,0,Diabetic Retinopathy
E:\eye diesea pred\Dataset 3\Eye Disease Image Dataset\Original Dataset\Original Dataset\Diabetic Retinopathy\DR320.jpg,0,Diabetic Retinopathy
E:\eye diesea pred\Dataset 3\Eye Disease Image Dataset\Original Dataset\Original Dataset\Diabetic Retinopathy\DR452.jpg,0,Diabetic Retinopathy
E:\eye diesea pred\Dataset 3\Eye Disease Image Dataset\Original Dataset\Original Dataset\Diabetic Retinopathy\DR1002.jpg,0,Diabetic Retinopathy
E:\eye diesea pred\Dataset 3\Eye Disease Image Dataset\Original Dataset\Original Dataset\Diabetic Retinopathy\DR957.jpg,0,Diabetic Retinopathy
E:\eye diesea pred\Dataset 3\Eye Disease Image Dataset\Original Dataset\Original Dataset\Diabetic Retinopathy\DR233.jpg,0,Diabetic Retinopathy
E:\eye diesea pred\Dataset 3\Eye Disease Image Dataset\Original Dataset\Original Dataset\Diabetic Retinopathy\DR1134.jpg,0,Diabetic Retinopathy
E:\eye diesea pred\Dataset 3\Eye Disease Image Dataset\Original Dataset\Original Dataset\Diabetic Retinopathy\DR1222.jpg,0,Diabetic Retinopathy
E:\eye diesea pred\Dataset 3\Eye Disease Image Dataset\Original Dataset\Original Dataset\Diabetic Retinopathy\DR1367.jpg,0,Diabetic Retinopathy
E:\eye diesea pred\Dataset 3\Eye Disease Image Dataset\Original Dataset\Original Dataset\Diabetic Retinopathy\DR1454.jpg,0,Diabetic Retinopathy
E:\eye diesea pred\Dataset 3\Eye Disease Image Dataset\Original Dataset\Original Dataset\Diabetic Retinopathy\DR943.jpg,0,Diabetic Retinopathy
E:\eye diesea pred\Dataset 3\Eye Disease Image Dataset\Original Dataset\Original Dataset\Diabetic Retinopathy\DR271.jpg,0,Diabetic Retinopathy
E:\eye diesea pred\Dataset 3\Eye Disease Image Dataset\Original Dataset\Original Dataset\Diabetic Retinopathy\DR958.jpg,0,Diabetic Retinopathy
E:\eye diesea pred\Dataset 3\Eye Disease Image Dataset\Original Dataset\Original Dataset\Diabetic Retinopathy\DR1178.jpg,0,Diabetic Retinopathy
E:\eye diesea pred\Dataset 3\Eye Disease Image Dataset\Original Dataset\Original Dataset\Diabetic Retinopathy\DR16.jpg,0,Diabetic Retinopathy
E:\eye diesea pred\Dataset 3\Eye Disease Image Dataset\Original Dataset\Original Dataset\Diabetic Retinopathy\DR924.jpg,0,Diabetic Retinopathy
E:\eye diesea pred\Dataset 3\Eye Disease Image Dataset\Original Dataset\Original Dataset\Diabetic Retinopathy\DR756.jpg,0,Diabetic Retinopathy
E:\eye diesea pred\Dataset 3\Eye Disease Image Dataset\Original Dataset\Original Dataset\Diabetic Retinopathy\DR1380.jpg,0,Diabetic Retinopathy
E:\eye diesea pred\Dataset 3\Eye Disease Image Dataset\Original Dataset\Original Dataset\Diabetic Retinopathy\DR610.jpg,0,Diabetic Retinopathy
E:\eye diesea pred\Dataset 3\Eye Disease Image Dataset\Original Dataset\Original Dataset\Diabetic Retinopathy\DR1065.jpg,0,Diabetic Retinopathy
E:\eye diesea pred\Dataset 3\Eye Disease Image Dataset\Original Dataset\Original Dataset\Diabetic Retinopathy\DR337.jpg,0,Diabetic Retinopathy
E:\eye diesea pred\Dataset 3\Eye Disease Image Dataset\Original Dataset\Original Dataset\Diabetic Retinopathy\DR412.jpg,0,Diabetic Retinopathy
E:\eye diesea pred\Dataset 3\Eye Disease Image Dataset\Original Dataset\Original Dataset\Diabetic Retinopathy\DR611.jpg,0,Diabetic Retinopathy
E:\eye diesea pred\Dataset 3\Eye Disease Image Dataset\Original Dataset\Original Dataset\Diabetic Retinopathy\DR1436.jpg,0,Diabetic Retinopathy
E:\eye diesea pred\Dataset 3\Eye Disease Image Dataset\Original Dataset\Original Dataset\Diabetic Retinopathy\DR1223.jpg,0,Diabetic Retinopathy
E:\eye diesea pred\Dataset 3\Eye Disease Image Dataset\Original Dataset\Original Dataset\Diabetic Retinopathy\DR1040.jpg,0,Diabetic Retinopathy
E:\eye diesea pred\Dataset 3\Eye Disease Image Dataset\Original Dataset\Original Dataset\Diabetic Retinopathy\DR1020.jpg,0,Diabetic Retinopathy
E:\eye diesea pred\Dataset 3\Eye Disease Image Dataset\Original Dataset\Original Dataset\Diabetic Retinopathy\DR69.jpg,0,Diabetic Retinopathy
E:\eye diesea pred\Dataset 3\Eye Disease Image Dataset\Original Dataset\Original Dataset\Diabetic Retinopathy\DR1181.jpg,0,Diabetic Retinopathy
E:\eye diesea pred\Dataset 3\Eye Disease Image Dataset\Original Dataset\Original Dataset\Diabetic Retinopathy\DR372.jpg,0,Diabetic Retinopathy
E:\eye diesea pred\Dataset 3\Eye Disease Image Dataset\Original Dataset\Original Dataset\Diabetic Retinopathy\DR1205.jpg,0,Diabetic Retinopathy
E:\eye diesea pred\Dataset 3\Eye Disease Image Dataset\Original Dataset\Original Dataset\Diabetic Retinopathy\DR733.jpg,0,Diabetic Retinopathy
E:\eye diesea pred\Dataset 3\Eye Disease Image Dataset\Original Dataset\Original Dataset\Diabetic Retinopathy\DR249.jpg,0,Diabetic Retinopathy
E:\eye diesea pred\Dataset 3\Eye Disease Image Dataset\Original Dataset\Original Dataset\Diabetic Retinopathy\DR1214.jpg,0,Diabetic Retinopathy
E:\eye diesea pred\Dataset 3\Eye Disease Image Dataset\Original Dataset\Original Dataset\Diabetic Retinopathy\DR321.jpg,0,Diabetic Retinopathy
E:\eye diesea pred\Dataset 3\Eye Disease Image Dataset\Original Dataset\Original Dataset\Diabetic Retinopathy\DR506.jpg,0,Diabetic Retinopathy
E:\eye diesea pred\Dataset 3\Eye Disease Image Dataset\Original Dataset\Original Dataset\Diabetic Retinopathy\DR384.jpg,0,Diabetic Retinopathy
E:\eye diesea pred\Dataset 3\Eye Disease Image Dataset\Original Dataset\Original Dataset\Diabetic Retinopathy\DR1084.jpg,0,Diabetic Retinopathy
E:\eye diesea pred\Dataset 3\Eye Disease Image Dataset\Original Dataset\Original Dataset\Diabetic Retinopathy\DR1307.jpg,0,Diabetic Retinopathy
E:\eye diesea pred\Dataset 3\Eye Disease Image Dataset\Original Dataset\Original Dataset\Diabetic Retinopathy\DR20.jpg,0,Diabetic Retinopathy
E:\eye diesea pred\Dataset 3\Eye Disease Image Dataset\Original Dataset\Original Dataset\Diabetic Retinopathy\DR212.jpg,0,Diabetic Retinopathy
E:\eye diesea pred\Dataset 3\Eye Disease Image Dataset\Original Dataset\Original Dataset\Diabetic Retinopathy\DR240.jpg,0,Diabetic Retinopathy
E:\eye diesea pred\Dataset 3\Eye Disease Image Dataset\Original Dataset\Original Dataset\Diabetic Retinopathy\DR1473.jpg,0,Diabetic Retinopathy
E:\eye diesea pred\Dataset 3\Eye Disease Image Dataset\Original Dataset\Original Dataset\Diabetic Retinopathy\DR126.jpg,0,Diabetic Retinopathy
E:\eye diesea pred\Dataset 3\Eye Disease Image Dataset\Original Dataset\Original Dataset\Diabetic Retinopathy\DR1076.jpg,0,Diabetic Retinopathy
E:\eye diesea pred\Dataset 3\Eye Disease Image Dataset\Original Dataset\Original Dataset\Diabetic Retinopathy\DR236.jpg,0,Diabetic Retinopathy
E:\eye diesea pred\Dataset 3\Eye Disease Image Dataset\Original Dataset\Original Dataset\Diabetic Retinopathy\DR1154.jpg,0,Diabetic Retinopathy
E:\eye diesea pred\Dataset 3\Eye Disease Image Dataset\Original Dataset\Original Dataset\Diabetic Retinopathy\DR307.jpg,0,Diabetic Retinopathy
E:\eye diesea pred\Dataset 3\Eye Disease Image Dataset\Original Dataset\Original Dataset\Diabetic Retinopathy\DR363.jpg,0,Diabetic Retinopathy
E:\eye diesea pred\Dataset 3\Eye Disease Image Dataset\Original Dataset\Original Dataset\Diabetic Retinopathy\DR513.jpg,0,Diabetic Retinopathy
E:\eye diesea pred\Dataset 3\Eye Disease Image Dataset\Original Dataset\Original Dataset\Diabetic Retinopathy\DR46.jpg,0,Diabetic Retinopathy
E:\eye diesea pred\Dataset 3\Eye Disease Image Dataset\Original Dataset\Original Dataset\Diabetic Retinopathy\DR360.jpg,0,Diabetic Retinopathy
E:\eye diesea pred\Dataset 3\Eye Disease Image Dataset\Original Dataset\Original Dataset\Diabetic Retinopathy\DR764.jpg,0,Diabetic Retinopathy
E:\eye diesea pred\Dataset 3\Eye Disease Image Dataset\Original Dataset\Original Dataset\Diabetic Retinopathy\DR147.jpg,0,Diabetic Retinopathy
E:\eye diesea pred\Dataset 3\Eye Disease Image Dataset\Original Dataset\Original Dataset\Diabetic Retinopathy\DR1195.jpg,0,Diabetic Retinopathy
E:\eye diesea pred\Dataset 3\Eye Disease Image Dataset\Original Dataset\Original Dataset\Diabetic Retinopathy\DR251.jpg,0,Diabetic Retinopathy
E:\eye diesea pred\Dataset 3\Eye Disease Image Dataset\Original Dataset\Original Dataset\Diabetic Retinopathy\DR553.jpg,0,Diabetic Retinopathy
E:\eye diesea pred\Dataset 3\Eye Disease Image Dataset\Original Dataset\Original Dataset\Diabetic Retinopathy\DR1405.jpg,0,Diabetic Retinopathy
E:\eye diesea pred\Dataset 3\Eye Disease Image Dataset\Original Dataset\Original Dataset\Diabetic Retinopathy\DR936.jpg,0,Diabetic Retinopathy
E:\eye diesea pred\Dataset 3\Eye Disease Image Dataset\Original Dataset\Original Dataset\Diabetic Retinopathy\DR1295.jpg,0,Diabetic Retinopathy
E:\eye diesea pred\Dataset 3\Eye Disease Image Dataset\Original Dataset\Original Dataset\Diabetic Retinopathy\DR232.jpg,0,Diabetic Retinopathy
E:\eye diesea pred\Dataset 3\Eye Disease Image Dataset\Original Dataset\Original Dataset\Diabetic Retinopathy\DR189.jpg,0,Diabetic Retinopathy
E:\eye diesea pred\Dataset 3\Eye Disease Image Dataset\Original Dataset\Original Dataset\Diabetic Retinopathy\DR163.jpg,0,Diabetic Retinopathy
E:\eye diesea pred\Dataset 3\Eye Disease Image Dataset\Original Dataset\Original Dataset\Diabetic Retinopathy\DR353.jpg,0,Diabetic Retinopathy
E:\eye diesea pred\Dataset 3\Eye Disease Image Dataset\Original Dataset\Original Dataset\Diabetic Retinopathy\DR963.jpg,0,Diabetic Retinopathy
E:\eye diesea pred\Dataset 3\Eye Disease Image Dataset\Original Dataset\Original Dataset\Diabetic Retinopathy\DR1192.jpg,0,Diabetic Retinopathy
E:\eye diesea pred\Dataset 3\Eye Disease Image Dataset\Original Dataset\Original Dataset\Diabetic Retinopathy\DR158.jpg,0,Diabetic Retinopathy
E:\eye diesea pred\Dataset 3\Eye Disease Image Dataset\Original Dataset\Original Dataset\Diabetic Retinopathy\DR19.jpg,0,Diabetic Retinopathy
E:\eye diesea pred\Dataset 3\Eye Disease Image Dataset\Original Dataset\Original Dataset\Diabetic Retinopathy\DR1.jpg,0,Diabetic Retinopathy
E:\eye diesea pred\Dataset 3\Eye Disease Image Dataset\Original Dataset\Original Dataset\Diabetic Retinopathy\DR378.jpg,0,Diabetic Retinopathy
E:\eye diesea pred\Dataset 3\Eye Disease Image Dataset\Original Dataset\Original Dataset\Diabetic Retinopathy\DR184.jpg,0,Diabetic Retinopathy
E:\eye diesea pred\Dataset 3\Eye Disease Image Dataset\Original Dataset\Original Dataset\Diabetic Retinopathy\DR1319.jpg,0,Diabetic Retinopathy
E:\eye diesea pred\Dataset 3\Eye Disease Image Dataset\Original Dataset\Original Dataset\Diabetic Retinopathy\DR741.jpg,0,Diabetic Retinopathy
E:\eye diesea pred\Dataset 3\Eye Disease Image Dataset\Original Dataset\Original Dataset\Diabetic Retinopathy\DR404.jpg,0,Diabetic Retinopathy
E:\eye diesea pred\Dataset 3\Eye Disease Image Dataset\Original Dataset\Original Dataset\Diabetic Retinopathy\DR766.jpg,0,Diabetic Retinopathy
E:\eye diesea pred\Dataset 3\Eye Disease Image Dataset\Original Dataset\Original Dataset\Diabetic Retinopathy\DR1232.jpg,0,Diabetic Retinopathy
E:\eye diesea pred\Dataset 3\Eye Disease Image Dataset\Original Dataset\Original Dataset\Diabetic Retinopathy\DR174.jpg,0,Diabetic Retinopathy
E:\eye diesea pred\Dataset 3\Eye Disease Image Dataset\Original Dataset\Original Dataset\Diabetic Retinopathy\DR77.jpg,0,Diabetic Retinopathy
E:\eye diesea pred\Dataset 3\Eye Disease Image Dataset\Original Dataset\Original Dataset\Diabetic Retinopathy\DR230.jpg,0,Diabetic Retinopathy
E:\eye diesea pred\Dataset 3\Eye Disease Image Dataset\Original Dataset\Original Dataset\Diabetic Retinopathy\DR382.jpg,0,Diabetic Retinopathy
E:\eye diesea pred\Dataset 3\Eye Disease Image Dataset\Original Dataset\Original Dataset\Diabetic Retinopathy\DR2.jpg,0,Diabetic Retinopathy
E:\eye diesea pred\Dataset 3\Eye Disease Image Dataset\Original Dataset\Original Dataset\Diabetic Retinopathy\DR575.jpg,0,Diabetic Retinopathy
E:\eye diesea pred\Dataset 3\Eye Disease Image Dataset\Original Dataset\Original Dataset\Diabetic Retinopathy\DR183.jpg,0,Diabetic Retinopathy
E:\eye diesea pred\Dataset 3\Eye Disease Image Dataset\Original Dataset\Original Dataset\Diabetic Retinopathy\DR951.jpg,0,Diabetic Retinopathy
E:\eye diesea pred\Dataset 3\Eye Disease Image Dataset\Original Dataset\Original Dataset\Diabetic Retinopathy\DR591.jpg,0,Diabetic Retinopathy
E:\eye diesea pred\Dataset 3\Eye Disease Image Dataset\Original Dataset\Original Dataset\Diabetic Retinopathy\DR85.jpg,0,Diabetic Retinopathy
E:\eye diesea pred\Dataset 3\Eye Disease Image Dataset\Original Dataset\Original Dataset\Diabetic Retinopathy\DR1127.jpg,0,Diabetic Retinopathy
E:\eye diesea pred\Dataset 3\Eye Disease Image Dataset\Original Dataset\Original Dataset\Diabetic Retinopathy\DR424.jpg,0,Diabetic Retinopathy
E:\eye diesea pred\Dataset 3\Eye Disease Image Dataset\Original Dataset\Original Dataset\Diabetic Retinopathy\DR30.jpg,0,Diabetic Retinopathy
E:\eye diesea pred\Dataset 3\Eye Disease Image Dataset\Original Dataset\Original Dataset\Diabetic Retinopathy\DR1361.jpg,0,Diabetic Retinopathy
E:\eye diesea pred\Dataset 3\Eye Disease Image Dataset\Original Dataset\Original Dataset\Diabetic Retinopathy\DR1000.jpg,0,Diabetic Retinopathy
E:\eye diesea pred\Dataset 3\Eye Disease Image Dataset\Original Dataset\Original Dataset\Diabetic Retinopathy\DR590.jpg,0,Diabetic Retinopathy
E:\eye diesea pred\Dataset 3\Eye Disease Image Dataset\Original Dataset\Original Dataset\Diabetic Retinopathy\DR654.jpg,0,Diabetic Retinopathy
E:\eye diesea pred\Dataset 3\Eye Disease Image Dataset\Original Dataset\Original Dataset\Diabetic Retinopathy\DR1468.jpg,0,Diabetic Retinopathy
E:\eye diesea pred\Dataset 3\Eye Disease Image Dataset\Original Dataset\Original Dataset\Diabetic Retinopathy\DR765.jpg,0,Diabetic Retinopathy
E:\eye diesea pred\Dataset 3\Eye Disease Image Dataset\Original Dataset\Original Dataset\Diabetic Retinopathy\DR871.jpg,0,Diabetic Retinopathy
E:\eye diesea pred\Dataset 3\Eye Disease Image Dataset\Original Dataset\Original Dataset\Diabetic Retinopathy\DR599.jpg,0,Diabetic Retinopathy
E:\eye diesea pred\Dataset 3\Eye Disease Image Dataset\Original Dataset\Original Dataset\Diabetic Retinopathy\DR583.jpg,0,Diabetic Retinopathy
E:\eye diesea pred\Dataset 3\Eye Disease Image Dataset\Original Dataset\Original Dataset\Diabetic Retinopathy\DR433.jpg,0,Diabetic Retinopathy
E:\eye diesea pred\Dataset 3\Eye Disease Image Dataset\Original Dataset\Original Dataset\Glaucoma\Glaucoma297.jpg,1,Glaucoma
E:\eye diesea pred\Dataset 3\Eye Disease Image Dataset\Original Dataset\Original Dataset\Glaucoma\Glaucoma321.jpg,1,Glaucoma
E:\eye diesea pred\Dataset 3\Eye Disease Image Dataset\Original Dataset\Original Dataset\Glaucoma\Glaucoma1206.jpg,1,Glaucoma
E:\eye diesea pred\Dataset 3\Eye Disease Image Dataset\Original Dataset\Original Dataset\Glaucoma\Glaucoma785.jpg,1,Glaucoma
E:\eye diesea pred\Dataset 3\Eye Disease Image Dataset\Original Dataset\Original Dataset\Glaucoma\Glaucoma627.jpg,1,Glaucoma
E:\eye diesea pred\Dataset 3\Eye Disease Image Dataset\Original Dataset\Original Dataset\Glaucoma\Glaucoma395.jpg,1,Glaucoma
E:\eye diesea pred\Dataset 3\Eye Disease Image Dataset\Original Dataset\Original Dataset\Glaucoma\Glaucoma543.jpg,1,Glaucoma
E:\eye diesea pred\Dataset 3\Eye Disease Image Dataset\Original Dataset\Original Dataset\Glaucoma\Glaucoma932.jpg,1,Glaucoma
E:\eye diesea pred\Dataset 3\Eye Disease Image Dataset\Original Dataset\Original Dataset\Glaucoma\Glaucoma586.jpg,1,Glaucoma
E:\eye diesea pred\Dataset 3\Eye Disease Image Dataset\Original Dataset\Original Dataset\Glaucoma\Glaucoma107.jpg,1,Glaucoma
E:\eye diesea pred\Dataset 3\Eye Disease Image Dataset\Original Dataset\Original Dataset\Glaucoma\Glaucoma50.jpg,1,Glaucoma
E:\eye diesea pred\Dataset 3\Eye Disease Image Dataset\Original Dataset\Original Dataset\Glaucoma\Glaucoma365.jpg,1,Glaucoma
E:\eye diesea pred\Dataset 3\Eye Disease Image Dataset\Original Dataset\Original Dataset\Glaucoma\Glaucoma1043.jpg,1,Glaucoma
E:\eye diesea pred\Dataset 3\Eye Disease Image Dataset\Original Dataset\Original Dataset\Glaucoma\Glaucoma457.jpg,1,Glaucoma
E:\eye diesea pred\Dataset 3\Eye Disease Image Dataset\Original Dataset\Original Dataset\Glaucoma\Glaucoma857.jpg,1,Glaucoma
E:\eye diesea pred\Dataset 3\Eye Disease Image Dataset\Original Dataset\Original Dataset\Glaucoma\Glaucoma834.jpg,1,Glaucoma
E:\eye diesea pred\Dataset 3\Eye Disease Image Dataset\Original Dataset\Original Dataset\Glaucoma\Glaucoma843.jpg,1,Glaucoma
E:\eye diesea pred\Dataset 3\Eye Disease Image Dataset\Original Dataset\Original Dataset\Glaucoma\Glaucoma1343.jpg,1,Glaucoma
E:\eye diesea pred\Dataset 3\Eye Disease Image Dataset\Original Dataset\Original Dataset\Glaucoma\Glaucoma318.jpg,1,Glaucoma
E:\eye diesea pred\Dataset 3\Eye Disease Image Dataset\Original Dataset\Original Dataset\Glaucoma\Glaucoma605.jpg,1,Glaucoma
E:\eye diesea pred\Dataset 3\Eye Disease Image Dataset\Original Dataset\Original Dataset\Glaucoma\Glaucoma268.jpg,1,Glaucoma
E:\eye diesea pred\Dataset 3\Eye Disease Image Dataset\Original Dataset\Original Dataset\Glaucoma\Glaucoma470.jpg,1,Glaucoma
E:\eye diesea pred\Dataset 3\Eye Disease Image Dataset\Original Dataset\Original Dataset\Glaucoma\Glaucoma697.jpg,1,Glaucoma
E:\eye diesea pred\Dataset 3\Eye Disease Image Dataset\Original Dataset\Original Dataset\Glaucoma\Glaucoma54.jpg,1,Glaucoma
E:\eye diesea pred\Dataset 3\Eye Disease Image Dataset\Original Dataset\Original Dataset\Glaucoma\Glaucoma800.jpg,1,Glaucoma
E:\eye diesea pred\Dataset 3\Eye Disease Image Dataset\Original Dataset\Original Dataset\Glaucoma\Glaucoma212.jpg,1,Glaucoma
E:\eye diesea pred\Dataset 3\Eye Disease Image Dataset\Original Dataset\Original Dataset\Glaucoma\Glaucoma453.jpg,1,Glaucoma
E:\eye diesea pred\Dataset 3\Eye Disease Image Dataset\Original Dataset\Original Dataset\Glaucoma\Glaucoma764.jpg,1,Glaucoma
E:\eye diesea pred\Dataset 3\Eye Disease Image Dataset\Original Dataset\Original Dataset\Glaucoma\Glaucoma1162.jpg,1,Glaucoma
E:\eye diesea pred\Dataset 3\Eye Disease Image Dataset\Original Dataset\Original Dataset\Glaucoma\Glaucoma172.jpg,1,Glaucoma
E:\eye diesea pred\Dataset 3\Eye Disease Image Dataset\Original Dataset\Original Dataset\Glaucoma\Glaucoma837.jpg,1,Glaucoma
E:\eye diesea pred\Dataset 3\Eye Disease Image Dataset\Original Dataset\Original Dataset\Glaucoma\Glaucoma1302.jpg,1,Glaucoma
E:\eye diesea pred\Dataset 3\Eye Disease Image Dataset\Original Dataset\Original Dataset\Glaucoma\Glaucoma1334.jpg,1,Glaucoma
E:\eye diesea pred\Dataset 3\Eye Disease Image Dataset\Original Dataset\Original Dataset\Glaucoma\Glaucoma299.jpg,1,Glaucoma
E:\eye diesea pred\Dataset 3\Eye Disease Image Dataset\Original Dataset\Original Dataset\Glaucoma\Glaucoma583.jpg,1,Glaucoma
E:\eye diesea pred\Dataset 3\Eye Disease Image Dataset\Original Dataset\Original Dataset\Glaucoma\Glaucoma533.jpg,1,Glaucoma
E:\eye diesea pred\Dataset 3\Eye Disease Image Dataset\Original Dataset\Original Dataset\Glaucoma\Glaucoma902.jpg,1,Glaucoma
E:\eye diesea pred\Dataset 3\Eye Disease Image Dataset\Original Dataset\Original Dataset\Glaucoma\Glaucoma580.jpg,1,Glaucoma
E:\eye diesea pred\Dataset 3\Eye Disease Image Dataset\Original Dataset\Original Dataset\Glaucoma\Glaucoma1214.jpg,1,Glaucoma
E:\eye diesea pred\Dataset 3\Eye Disease Image Dataset\Original Dataset\Original Dataset\Glaucoma\Glaucoma368.jpg,1,Glaucoma
E:\eye diesea pred\Dataset 3\Eye Disease Image Dataset\Original Dataset\Original Dataset\Glaucoma\Glaucoma968.jpg,1,Glaucoma
E:\eye diesea pred\Dataset 3\Eye Disease Image Dataset\Original Dataset\Original Dataset\Glaucoma\Glaucoma314.jpg,1,Glaucoma
E:\eye diesea pred\Dataset 3\Eye Disease Image Dataset\Original Dataset\Original Dataset\Glaucoma\Glaucoma1080.jpg,1,Glaucoma
E:\eye diesea pred\Dataset 3\Eye Disease Image Dataset\Original Dataset\Original Dataset\Glaucoma\Glaucoma300.jpg,1,Glaucoma
E:\eye diesea pred\Dataset 3\Eye Disease Image Dataset\Original Dataset\Original Dataset\Glaucoma\Glaucoma1194.jpg,1,Glaucoma
E:\eye diesea pred\Dataset 3\Eye Disease Image Dataset\Original Dataset\Original Dataset\Glaucoma\Glaucoma15.jpg,1,Glaucoma
E:\eye diesea pred\Dataset 3\Eye Disease Image Dataset\Original Dataset\Original Dataset\Glaucoma\Glaucoma1018.jpg,1,Glaucoma
E:\eye diesea pred\Dataset 3\Eye Disease Image Dataset\Original Dataset\Original Dataset\Glaucoma\Glaucoma1239.jpg,1,Glaucoma
E:\eye diesea pred\Dataset 3\Eye Disease Image Dataset\Original Dataset\Original Dataset\Glaucoma\Glaucoma909.jpg,1,Glaucoma
E:\eye diesea pred\Dataset 3\Eye Disease Image Dataset\Original Dataset\Original Dataset\Glaucoma\Glaucoma385.jpg,1,Glaucoma
E:\eye diesea pred\Dataset 3\Eye Disease Image Dataset\Original Dataset\Original Dataset\Glaucoma\Glaucoma477.jpg,1,Glaucoma
E:\eye diesea pred\Dataset 3\Eye Disease Image Dataset\Original Dataset\Original Dataset\Glaucoma\Glaucoma1133.jpg,1,Glaucoma
E:\eye diesea pred\Dataset 3\Eye Disease Image Dataset\Original Dataset\Original Dataset\Glaucoma\Glaucoma927.jpg,1,Glaucoma
E:\eye diesea pred\Dataset 3\Eye Disease Image Dataset\Original Dataset\Original Dataset\Glaucoma\Glaucoma246.jpg,1,Glaucoma
E:\eye diesea pred\Dataset 3\Eye Disease Image Dataset\Original Dataset\Original Dataset\Glaucoma\Glaucoma142.jpg,1,Glaucoma
E:\eye diesea pred\Dataset 3\Eye Disease Image Dataset\Original Dataset\Original Dataset\Glaucoma\Glaucoma675.jpg,1,Glaucoma
E:\eye diesea pred\Dataset 3\Eye Disease Image Dataset\Original Dataset\Original Dataset\Glaucoma\Glaucoma77.jpg,1,Glaucoma
E:\eye diesea pred\Dataset 3\Eye Disease Image Dataset\Original Dataset\Original Dataset\Glaucoma\Glaucoma101.jpg,1,Glaucoma
E:\eye diesea pred\Dataset 3\Eye Disease Image Dataset\Original Dataset\Original Dataset\Glaucoma\Glaucoma197.jpg,1,Glaucoma
E:\eye diesea pred\Dataset 3\Eye Disease Image Dataset\Original Dataset\Original Dataset\Glaucoma\Glaucoma809.jpg,1,Glaucoma
E:\eye diesea pred\Dataset 3\Eye Disease Image Dataset\Original Dataset\Original Dataset\Glaucoma\Glaucoma92.jpg,1,Glaucoma
E:\eye diesea pred\Dataset 3\Eye Disease Image Dataset\Original Dataset\Original Dataset\Glaucoma\Glaucoma60.jpg,1,Glaucoma
E:\eye diesea pred\Dataset 3\Eye Disease Image Dataset\Original Dataset\Original Dataset\Glaucoma\Glaucoma789.jpg,1,Glaucoma
E:\eye diesea pred\Dataset 3\Eye Disease Image Dataset\Original Dataset\Original Dataset\Glaucoma\Glaucoma498.jpg,1,Glaucoma
E:\eye diesea pred\Dataset 3\Eye Disease Image Dataset\Original Dataset\Original Dataset\Glaucoma\Glaucoma953.jpg,1,Glaucoma
E:\eye diesea pred\Dataset 3\Eye Disease Image Dataset\Original Dataset\Original Dataset\Glaucoma\Glaucoma952.jpg,1,Glaucoma
E:\eye diesea pred\Dataset 3\Eye Disease Image Dataset\Original Dataset\Original Dataset\Glaucoma\Glaucoma1063.jpg,1,Glaucoma
E:\eye diesea pred\Dataset 3\Eye Disease Image Dataset\Original Dataset\Original Dataset\Glaucoma\Glaucoma656.jpg,1,Glaucoma
E:\eye diesea pred\Dataset 3\Eye Disease Image Dataset\Original Dataset\Original Dataset\Glaucoma\Glaucoma585.jpg,1,Glaucoma
E:\eye diesea pred\Dataset 3\Eye Disease Image Dataset\Original Dataset\Original Dataset\Glaucoma\Glaucoma21.jpg,1,Glaucoma
E:\eye diesea pred\Dataset 3\Eye Disease Image Dataset\Original Dataset\Original Dataset\Glaucoma\Glaucoma1232.jpg,1,Glaucoma
E:\eye diesea pred\Dataset 3\Eye Disease Image Dataset\Original Dataset\Original Dataset\Glaucoma\Glaucoma788.jpg,1,Glaucoma
E:\eye diesea pred\Dataset 3\Eye Disease Image Dataset\Original Dataset\Original Dataset\Glaucoma\Glaucoma826.jpg,1,Glaucoma
E:\eye diesea pred\Dataset 3\Eye Disease Image Dataset\Original Dataset\Original Dataset\Glaucoma\Glaucoma1210.jpg,1,Glaucoma
E:\eye diesea pred\Dataset 3\Eye Disease Image Dataset\Original Dataset\Original Dataset\Glaucoma\Glaucoma804.jpg,1,Glaucoma
E:\eye diesea pred\Dataset 3\Eye Disease Image Dataset\Original Dataset\Original Dataset\Glaucoma\Glaucoma227.jpg,1,Glaucoma
E:\eye diesea pred\Dataset 3\Eye Disease Image Dataset\Original Dataset\Original Dataset\Glaucoma\Glaucoma751.jpg,1,Glaucoma
E:\eye diesea pred\Dataset 3\Eye Disease Image Dataset\Original Dataset\Original Dataset\Glaucoma\Glaucoma459.jpg,1,Glaucoma
E:\eye diesea pred\Dataset 3\Eye Disease Image Dataset\Original Dataset\Original Dataset\Glaucoma\Glaucoma871.jpg,1,Glaucoma
E:\eye diesea pred\Dataset 3\Eye Disease Image Dataset\Original Dataset\Original Dataset\Glaucoma\Glaucoma202.jpg,1,Glaucoma
E:\eye diesea pred\Dataset 3\Eye Disease Image Dataset\Original Dataset\Original Dataset\Glaucoma\Glaucoma672.jpg,1,Glaucoma
E:\eye diesea pred\Dataset 3\Eye Disease Image Dataset\Original Dataset\Original Dataset\Glaucoma\Glaucoma1271.jpg,1,Glaucoma
E:\eye diesea pred\Dataset 3\Eye Disease Image Dataset\Original Dataset\Original Dataset\Glaucoma\Glaucoma102.jpg,1,Glaucoma
E:\eye diesea pred\Dataset 3\Eye Disease Image Dataset\Original Dataset\Original Dataset\Glaucoma\Glaucoma16.jpg,1,Glaucoma
E:\eye diesea pred\Dataset 3\Eye Disease Image Dataset\Original Dataset\Original Dataset\Glaucoma\Glaucoma1250.jpg,1,Glaucoma
E:\eye diesea pred\Dataset 3\Eye Disease Image Dataset\Original Dataset\Original Dataset\Glaucoma\Glaucoma1040.jpg,1,Glaucoma
E:\eye diesea pred\Dataset 3\Eye Disease Image Dataset\Original Dataset\Original Dataset\Glaucoma\Glaucoma928.jpg,1,Glaucoma
E:\eye diesea pred\Dataset 3\Eye Disease Image Dataset\Original Dataset\Original Dataset\Glaucoma\Glaucoma1007.jpg,1,Glaucoma
E:\eye diesea pred\Dataset 3\Eye Disease Image Dataset\Original Dataset\Original Dataset\Glaucoma\Glaucoma135.jpg,1,Glaucoma
E:\eye diesea pred\Dataset 3\Eye Disease Image Dataset\Original Dataset\Original Dataset\Glaucoma\Glaucoma420.jpg,1,Glaucoma
E:\eye diesea pred\Dataset 3\Eye Disease Image Dataset\Original Dataset\Original Dataset\Glaucoma\Glaucoma860.jpg,1,Glaucoma
E:\eye diesea pred\Dataset 3\Eye Disease Image Dataset\Original Dataset\Original Dataset\Glaucoma\Glaucoma1260.jpg,1,Glaucoma
E:\eye diesea pred\Dataset 3\Eye Disease Image Dataset\Original Dataset\Original Dataset\Glaucoma\Glaucoma691.jpg,1,Glaucoma
E:\eye diesea pred\Dataset 3\Eye Disease Image Dataset\Original Dataset\Original Dataset\Glaucoma\Glaucoma308.jpg,1,Glaucoma
E:\eye diesea pred\Dataset 3\Eye Disease Image Dataset\Original Dataset\Original Dataset\Glaucoma\Glaucoma1252.jpg,1,Glaucoma
E:\eye diesea pred\Dataset 3\Eye Disease Image Dataset\Original Dataset\Original Dataset\Glaucoma\Glaucoma304.jpg,1,Glaucoma
E:\eye diesea pred\Dataset 3\Eye Disease Image Dataset\Original Dataset\Original Dataset\Glaucoma\Glaucoma283.jpg,1,Glaucoma
E:\eye diesea pred\Dataset 3\Eye Disease Image Dataset\Original Dataset\Original Dataset\Glaucoma\Glaucoma851.jpg,1,Glaucoma
E:\eye diesea pred\Dataset 3\Eye Disease Image Dataset\Original Dataset\Original Dataset\Glaucoma\Glaucoma1138.jpg,1,Glaucoma
E:\eye diesea pred\Dataset 3\Eye Disease Image Dataset\Original Dataset\Original Dataset\Glaucoma\Glaucoma861.jpg,1,Glaucoma
E:\eye diesea pred\Dataset 3\Eye Disease Image Dataset\Original Dataset\Original Dataset\Glaucoma\Glaucoma49.jpg,1,Glaucoma
E:\eye diesea pred\Dataset 3\Eye Disease Image Dataset\Original Dataset\Original Dataset\Glaucoma\Glaucoma1125.jpg,1,Glaucoma
E:\eye diesea pred\Dataset 3\Eye Disease Image Dataset\Original Dataset\Original Dataset\Glaucoma\Glaucoma1199.jpg,1,Glaucoma
E:\eye diesea pred\Dataset 3\Eye Disease Image Dataset\Original Dataset\Original Dataset\Glaucoma\Glaucoma889.jpg,1,Glaucoma
E:\eye diesea pred\Dataset 3\Eye Disease Image Dataset\Original Dataset\Original Dataset\Glaucoma\Glaucoma1224.jpg,1,Glaucoma
E:\eye diesea pred\Dataset 3\Eye Disease Image Dataset\Original Dataset\Original Dataset\Glaucoma\Glaucoma905.jpg,1,Glaucoma
E:\eye diesea pred\Dataset 3\Eye Disease Image Dataset\Original Dataset\Original Dataset\Glaucoma\Glaucoma1169.jpg,1,Glaucoma
E:\eye diesea pred\Dataset 3\Eye Disease Image Dataset\Original Dataset\Original Dataset\Glaucoma\Glaucoma1326.jpg,1,Glaucoma
E:\eye diesea pred\Dataset 3\Eye Disease Image Dataset\Original Dataset\Original Dataset\Glaucoma\Glaucoma1247.jpg,1,Glaucoma
E:\eye diesea pred\Dataset 3\Eye Disease Image Dataset\Original Dataset\Original Dataset\Glaucoma\Glaucoma1176.jpg,1,Glaucoma
E:\eye diesea pred\Dataset 3\Eye Disease Image Dataset\Original Dataset\Original Dataset\Glaucoma\Glaucoma1222.jpg,1,Glaucoma
E:\eye diesea pred\Dataset 3\Eye Disease Image Dataset\Original Dataset\Original Dataset\Glaucoma\Glaucoma1109.jpg,1,Glaucoma
E:\eye diesea pred\Dataset 3\Eye Disease Image Dataset\Original Dataset\Original Dataset\Glaucoma\Glaucoma900.jpg,1,Glaucoma
E:\eye diesea pred\Dataset 3\Eye Disease Image Dataset\Original Dataset\Original Dataset\Glaucoma\Glaucoma378.jpg,1,Glaucoma
E:\eye diesea pred\Dataset 3\Eye Disease Image Dataset\Original Dataset\Original Dataset\Glaucoma\Glaucoma772.jpg,1,Glaucoma
E:\eye diesea pred\Dataset 3\Eye Disease Image Dataset\Original Dataset\Original Dataset\Glaucoma\Glaucoma979.jpg,1,Glaucoma
E:\eye diesea pred\Dataset 3\Eye Disease Image Dataset\Original Dataset\Original Dataset\Glaucoma\Glaucoma482.jpg,1,Glaucoma
E:\eye diesea pred\Dataset 3\Eye Disease Image Dataset\Original Dataset\Original Dataset\Glaucoma\Glaucoma57.jpg,1,Glaucoma
E:\eye diesea pred\Dataset 3\Eye Disease Image Dataset\Original Dataset\Original Dataset\Glaucoma\Glaucoma971.jpg,1,Glaucoma
E:\eye diesea pred\Dataset 3\Eye Disease Image Dataset\Original Dataset\Original Dataset\Glaucoma\Glaucoma569.jpg,1,Glaucoma
E:\eye diesea pred\Dataset 3\Eye Disease Image Dataset\Original Dataset\Original Dataset\Glaucoma\Glaucoma666.jpg,1,Glaucoma
E:\eye diesea pred\Dataset 3\Eye Disease Image Dataset\Original Dataset\Original Dataset\Glaucoma\Glaucoma1075.jpg,1,Glaucoma
E:\eye diesea pred\Dataset 3\Eye Disease Image Dataset\Original Dataset\Original Dataset\Glaucoma\Glaucoma993.jpg,1,Glaucoma
E:\eye diesea pred\Dataset 3\Eye Disease Image Dataset\Original Dataset\Original Dataset\Glaucoma\Glaucoma607.jpg,1,Glaucoma
E:\eye diesea pred\Dataset 3\Eye Disease Image Dataset\Original Dataset\Original Dataset\Glaucoma\Glaucoma628.jpg,1,Glaucoma
E:\eye diesea pred\Dataset 3\Eye Disease Image Dataset\Original Dataset\Original Dataset\Glaucoma\Glaucoma1349.jpg,1,Glaucoma
E:\eye diesea pred\Dataset 3\Eye Disease Image Dataset\Original Dataset\Original Dataset\Glaucoma\Glaucoma1003.jpg,1,Glaucoma
E:\eye diesea pred\Dataset 3\Eye Disease Image Dataset\Original Dataset\Original Dataset\Glaucoma\Glaucoma250.jpg,1,Glaucoma
E:\eye diesea pred\Dataset 3\Eye Disease Image Dataset\Original Dataset\Original Dataset\Glaucoma\Glaucoma405.jpg,1,Glaucoma
E:\eye diesea pred\Dataset 3\Eye Disease Image Dataset\Original Dataset\Original Dataset\Glaucoma\Glaucoma623.jpg,1,Glaucoma
E:\eye diesea pred\Dataset 3\Eye Disease Image Dataset\Original Dataset\Original Dataset\Glaucoma\Glaucoma370.jpg,1,Glaucoma
E:\eye diesea pred\Dataset 3\Eye Disease Image Dataset\Original Dataset\Original Dataset\Glaucoma\Glaucoma622.jpg,1,Glaucoma
E:\eye diesea pred\Dataset 3\Eye Disease Image Dataset\Original Dataset\Original Dataset\Glaucoma\Glaucoma886.jpg,1,Glaucoma
E:\eye diesea pred\Dataset 3\Eye Disease Image Dataset\Original Dataset\Original Dataset\Glaucoma\Glaucoma547.jpg,1,Glaucoma
E:\eye diesea pred\Dataset 3\Eye Disease Image Dataset\Original Dataset\Original Dataset\Glaucoma\Glaucoma899.jpg,1,Glaucoma
E:\eye diesea pred\Dataset 3\Eye Disease Image Dataset\Original Dataset\Original Dataset\Glaucoma\Glaucoma610.jpg,1,Glaucoma
E:\eye diesea pred\Dataset 3\Eye Disease Image Dataset\Original Dataset\Original Dataset\Glaucoma\Glaucoma1030.jpg,1,Glaucoma
E:\eye diesea pred\Dataset 3\Eye Disease Image Dataset\Original Dataset\Original Dataset\Glaucoma\Glaucoma223.jpg,1,Glaucoma
E:\eye diesea pred\Dataset 3\Eye Disease Image Dataset\Original Dataset\Original Dataset\Glaucoma\Glaucoma696.jpg,1,Glaucoma
E:\eye diesea pred\Dataset 3\Eye Disease Image Dataset\Original Dataset\Original Dataset\Glaucoma\Glaucoma1072.jpg,1,Glaucoma
E:\eye diesea pred\Dataset 3\Eye Disease Image Dataset\Original Dataset\Original Dataset\Glaucoma\Glaucoma182.jpg,1,Glaucoma
E:\eye diesea pred\Dataset 3\Eye Disease Image Dataset\Original Dataset\Original Dataset\Glaucoma\Glaucoma12.jpg,1,Glaucoma
E:\eye diesea pred\Dataset 3\Eye Disease Image Dataset\Original Dataset\Original Dataset\Glaucoma\Glaucoma157.jpg,1,Glaucoma
E:\eye diesea pred\Dataset 3\Eye Disease Image Dataset\Original Dataset\Original Dataset\Glaucoma\Glaucoma391.jpg,1,Glaucoma
E:\eye diesea pred\Dataset 3\Eye Disease Image Dataset\Original Dataset\Original Dataset\Glaucoma\Glaucoma511.jpg,1,Glaucoma
E:\eye diesea pred\Dataset 3\Eye Disease Image Dataset\Original Dataset\Original Dataset\Glaucoma\Glaucoma1211.jpg,1,Glaucoma
E:\eye diesea pred\Dataset 3\Eye Disease Image Dataset\Original Dataset\Original Dataset\Glaucoma\Glaucoma120.jpg,1,Glaucoma
E:\eye diesea pred\Dataset 3\Eye Disease Image Dataset\Original Dataset\Original Dataset\Glaucoma\Glaucoma8.jpg,1,Glaucoma
E:\eye diesea pred\Dataset 3\Eye Disease Image Dataset\Original Dataset\Original Dataset\Glaucoma\Glaucoma487.jpg,1,Glaucoma
E:\eye diesea pred\Dataset 3\Eye Disease Image Dataset\Original Dataset\Original Dataset\Glaucoma\Glaucoma1248.jpg,1,Glaucoma
E:\eye diesea pred\Dataset 3\Eye Disease Image Dataset\Original Dataset\Original Dataset\Glaucoma\Glaucoma294.jpg,1,Glaucoma
E:\eye diesea pred\Dataset 3\Eye Disease Image Dataset\Original Dataset\Original Dataset\Glaucoma\Glaucoma991.jpg,1,Glaucoma
E:\eye diesea pred\Dataset 3\Eye Disease Image Dataset\Original Dataset\Original Dataset\Glaucoma\Glaucoma165.jpg,1,Glaucoma
E:\eye diesea pred\Dataset 3\Eye Disease Image Dataset\Original Dataset\Original Dataset\Glaucoma\Glaucoma970.jpg,1,Glaucoma
E:\eye diesea pred\Dataset 3\Eye Disease Image Dataset\Original Dataset\Original Dataset\Glaucoma\Glaucoma689.jpg,1,Glaucoma
E:\eye diesea pred\Dataset 3\Eye Disease Image Dataset\Original Dataset\Original Dataset\Glaucoma\Glaucoma544.jpg,1,Glaucoma
E:\eye diesea pred\Dataset 3\Eye Disease Image Dataset\Original Dataset\Original Dataset\Glaucoma\Glaucoma1312.jpg,1,Glaucoma
E:\eye diesea pred\Dataset 3\Eye Disease Image Dataset\Original Dataset\Original Dataset\Glaucoma\Glaucoma1307.jpg,1,Glaucoma
E:\eye diesea pred\Dataset 3\Eye Disease Image Dataset\Original Dataset\Original Dataset\Glaucoma\Glaucoma1348.jpg,1,Glaucoma
E:\eye diesea pred\Dataset 3\Eye Disease Image Dataset\Original Dataset\Original Dataset\Glaucoma\Glaucoma75.jpg,1,Glaucoma
E:\eye diesea pred\Dataset 3\Eye Disease Image Dataset\Original Dataset\Original Dataset\Glaucoma\Glaucoma491.jpg,1,Glaucoma
E:\eye diesea pred\Dataset 3\Eye Disease Image Dataset\Original Dataset\Original Dataset\Glaucoma\Glaucoma791.jpg,1,Glaucoma
E:\eye diesea pred\Dataset 3\Eye Disease Image Dataset\Original Dataset\Original Dataset\Glaucoma\Glaucoma26.jpg,1,Glaucoma
E:\eye diesea pred\Dataset 3\Eye Disease Image Dataset\Original Dataset\Original Dataset\Glaucoma\Glaucoma328.jpg,1,Glaucoma
E:\eye diesea pred\Dataset 3\Eye Disease Image Dataset\Original Dataset\Original Dataset\Glaucoma\Glaucoma921.jpg,1,Glaucoma
E:\eye diesea pred\Dataset 3\Eye Disease Image Dataset\Original Dataset\Original Dataset\Glaucoma\Glaucoma1346.jpg,1,Glaucoma
E:\eye diesea pred\Dataset 3\Eye Disease Image Dataset\Original Dataset\Original Dataset\Glaucoma\Glaucoma1023.jpg,1,Glaucoma
E:\eye diesea pred\Dataset 3\Eye Disease Image Dataset\Original Dataset\Original Dataset\Glaucoma\Glaucoma684.jpg,1,Glaucoma
E:\eye diesea pred\Dataset 3\Eye Disease Image Dataset\Original Dataset\Original Dataset\Glaucoma\Glaucoma28.jpg,1,Glaucoma
E:\eye diesea pred\Dataset 3\Eye Disease Image Dataset\Original Dataset\Original Dataset\Glaucoma\Glaucoma79.jpg,1,Glaucoma
E:\eye diesea pred\Dataset 3\Eye Disease Image Dataset\Original Dataset\Original Dataset\Glaucoma\Glaucoma474.jpg,1,Glaucoma
E:\eye diesea pred\Dataset 3\Eye Disease Image Dataset\Original Dataset\Original Dataset\Glaucoma\Glaucoma1103.jpg,1,Glaucoma
E:\eye diesea pred\Dataset 3\Eye Disease Image Dataset\Original Dataset\Original Dataset\Glaucoma\Glaucoma1055.jpg,1,Glaucoma
E:\eye diesea pred\Dataset 3\Eye Disease Image Dataset\Original Dataset\Original Dataset\Glaucoma\Glaucoma526.jpg,1,Glaucoma
E:\eye diesea pred\Dataset 3\Eye Disease Image Dataset\Original Dataset\Original Dataset\Glaucoma\Glaucoma1179.jpg,1,Glaucoma
E:\eye diesea pred\Dataset 3\Eye Disease Image Dataset\Original Dataset\Original Dataset\Glaucoma\Glaucoma742.jpg,1,Glaucoma
E:\eye diesea pred\Dataset 3\Eye Disease Image Dataset\Original Dataset\Original Dataset\Glaucoma\Glaucoma652.jpg,1,Glaucoma
E:\eye diesea pred\Dataset 3\Eye Disease Image Dataset\Original Dataset\Original Dataset\Glaucoma\Glaucoma926.jpg,1,Glaucoma
E:\eye diesea pred\Dataset 3\Eye Disease Image Dataset\Original Dataset\Original Dataset\Glaucoma\Glaucoma563.jpg,1,Glaucoma
E:\eye diesea pred\Dataset 3\Eye Disease Image Dataset\Original Dataset\Original Dataset\Glaucoma\Glaucoma364.jpg,1,Glaucoma
E:\eye diesea pred\Dataset 3\Eye Disease Image Dataset\Original Dataset\Original Dataset\Glaucoma\Glaucoma584.jpg,1,Glaucoma
E:\eye diesea pred\Dataset 3\Eye Disease Image Dataset\Original Dataset\Original Dataset\Glaucoma\Glaucoma1221.jpg,1,Glaucoma
E:\eye diesea pred\Dataset 3\Eye Disease Image Dataset\Original Dataset\Original Dataset\Glaucoma\Glaucoma702.jpg,1,Glaucoma
E:\eye diesea pred\Dataset 3\Eye Disease Image Dataset\Original Dataset\Original Dataset\Glaucoma\Glaucoma769.jpg,1,Glaucoma
E:\eye diesea pred\Dataset 3\Eye Disease Image Dataset\Original Dataset\Original Dataset\Glaucoma\Glaucoma1027.jpg,1,Glaucoma
E:\eye diesea pred\Dataset 3\Eye Disease Image Dataset\Original Dataset\Original Dataset\Glaucoma\Glaucoma925.jpg,1,Glaucoma
E:\eye diesea pred\Dataset 3\Eye Disease Image Dataset\Original Dataset\Original Dataset\Glaucoma\Glaucoma1089.jpg,1,Glaucoma
E:\eye diesea pred\Dataset 3\Eye Disease Image Dataset\Original Dataset\Original Dataset\Glaucoma\Glaucoma3.jpg,1,Glaucoma
E:\eye diesea pred\Dataset 3\Eye Disease Image Dataset\Original Dataset\Original Dataset\Glaucoma\Glaucoma587.jpg,1,Glaucoma
E:\eye diesea pred\Dataset 3\Eye Disease Image Dataset\Original Dataset\Original Dataset\Glaucoma\Glaucoma683.jpg,1,Glaucoma
E:\eye diesea pred\Dataset 3\Eye Disease Image Dataset\Original Dataset\Original Dataset\Glaucoma\Glaucoma45.jpg,1,Glaucoma
E:\eye diesea pred\Dataset 3\Eye Disease Image Dataset\Original Dataset\Original Dataset\Glaucoma\Glaucoma738.jpg,1,Glaucoma
E:\eye diesea pred\Dataset 3\Eye Disease Image Dataset\Original Dataset\Original Dataset\Glaucoma\Glaucoma282.jpg,1,Glaucoma
E:\eye diesea pred\Dataset 3\Eye Disease Image Dataset\Original Dataset\Original Dataset\Glaucoma\Glaucoma964.jpg,1,Glaucoma
E:\eye diesea pred\Dataset 3\Eye Disease Image Dataset\Original Dataset\Original Dataset\Glaucoma\Glaucoma1344.jpg,1,Glaucoma
E:\eye diesea pred\Dataset 3\Eye Disease Image Dataset\Original Dataset\Original Dataset\Glaucoma\Glaucoma327.jpg,1,Glaucoma
E:\eye diesea pred\Dataset 3\Eye Disease Image Dataset\Original Dataset\Original Dataset\Glaucoma\Glaucoma639.jpg,1,Glaucoma
E:\eye diesea pred\Dataset 3\Eye Disease Image Dataset\Original Dataset\Original Dataset\Glaucoma\Glaucoma1177.jpg,1,Glaucoma
E:\eye diesea pred\Dataset 3\Eye Disease Image Dataset\Original Dataset\Original Dataset\Glaucoma\Glaucoma1085.jpg,1,Glaucoma
E:\eye diesea pred\Dataset 3\Eye Disease Image Dataset\Original Dataset\Original Dataset\Glaucoma\Glaucoma394.jpg,1,Glaucoma
E:\eye diesea pred\Dataset 3\Eye Disease Image Dataset\Original Dataset\Original Dataset\Glaucoma\Glaucoma228.jpg,1,Glaucoma
E:\eye diesea pred\Dataset 3\Eye Disease Image Dataset\Original Dataset\Original Dataset\Glaucoma\Glaucoma564.jpg,1,Glaucoma
E:\eye diesea pred\Dataset 3\Eye Disease Image Dataset\Original Dataset\Original Dataset\Glaucoma\Glaucoma802.jpg,1,Glaucoma
E:\eye diesea pred\Dataset 3\Eye Disease Image Dataset\Original Dataset\Original Dataset\Glaucoma\Glaucoma954.jpg,1,Glaucoma
E:\eye diesea pred\Dataset 3\Eye Disease Image Dataset\Original Dataset\Original Dataset\Glaucoma\Glaucoma983.jpg,1,Glaucoma
E:\eye diesea pred\Dataset 3\Eye Disease Image Dataset\Original Dataset\Original Dataset\Glaucoma\Glaucoma1325.jpg,1,Glaucoma
E:\eye diesea pred\Dataset 3\Eye Disease Image Dataset\Original Dataset\Original Dataset\Glaucoma\Glaucoma447.jpg,1,Glaucoma
E:\eye diesea pred\Dataset 3\Eye Disease Image Dataset\Original Dataset\Original Dataset\Glaucoma\Glaucoma1029.jpg,1,Glaucoma
E:\eye diesea pred\Dataset 3\Eye Disease Image Dataset\Original Dataset\Original Dataset\Glaucoma\Glaucoma136.jpg,1,Glaucoma
E:\eye diesea pred\Dataset 3\Eye Disease Image Dataset\Original Dataset\Original Dataset\Glaucoma\Glaucoma273.jpg,1,Glaucoma
E:\eye diesea pred\Dataset 3\Eye Disease Image Dataset\Original Dataset\Original Dataset\Glaucoma\Glaucoma230.jpg,1,Glaucoma
E:\eye diesea pred\Dataset 3\Eye Disease Image Dataset\Original Dataset\Original Dataset\Glaucoma\Glaucoma1064.jpg,1,Glaucoma
E:\eye diesea pred\Dataset 3\Eye Disease Image Dataset\Original Dataset\Original Dataset\Glaucoma\Glaucoma340.jpg,1,Glaucoma
E:\eye diesea pred\Dataset 3\Eye Disease Image Dataset\Original Dataset\Original Dataset\Glaucoma\Glaucoma949.jpg,1,Glaucoma
E:\eye diesea pred\Dataset 3\Eye Disease Image Dataset\Original Dataset\Original Dataset\Glaucoma\Glaucoma254.jpg,1,Glaucoma
E:\eye diesea pred\Dataset 3\Eye Disease Image Dataset\Original Dataset\Original Dataset\Glaucoma\Glaucoma914.jpg,1,Glaucoma
E:\eye diesea pred\Dataset 3\Eye Disease Image Dataset\Original Dataset\Original Dataset\Glaucoma\Glaucoma638.jpg,1,Glaucoma
E:\eye diesea pred\Dataset 3\Eye Disease Image Dataset\Original Dataset\Original Dataset\Glaucoma\Glaucoma883.jpg,1,Glaucoma
E:\eye diesea pred\Dataset 3\Eye Disease Image Dataset\Original Dataset\Original Dataset\Glaucoma\Glaucoma61.jpg,1,Glaucoma
E:\eye diesea pred\Dataset 3\Eye Disease Image Dataset\Original Dataset\Original Dataset\Glaucoma\Glaucoma955.jpg,1,Glaucoma
E:\eye diesea pred\Dataset 3\Eye Disease Image Dataset\Original Dataset\Original Dataset\Glaucoma\Glaucoma540.jpg,1,Glaucoma
E:\eye diesea pred\Dataset 3\Eye Disease Image Dataset\Original Dataset\Original Dataset\Glaucoma\Glaucoma1008.jpg,1,Glaucoma
E:\eye diesea pred\Dataset 3\Eye Disease Image Dataset\Original Dataset\Original Dataset\Glaucoma\Glaucoma1313.jpg,1,Glaucoma
E:\eye diesea pred\Dataset 3\Eye Disease Image Dataset\Original Dataset\Original Dataset\Glaucoma\Glaucoma163.jpg,1,Glaucoma
E:\eye diesea pred\Dataset 3\Eye Disease Image Dataset\Original Dataset\Original Dataset\Glaucoma\Glaucoma776.jpg,1,Glaucoma
E:\eye diesea pred\Dataset 3\Eye Disease Image Dataset\Original Dataset\Original Dataset\Glaucoma\Glaucoma483.jpg,1,Glaucoma
E:\eye diesea pred\Dataset 3\Eye Disease Image Dataset\Original Dataset\Original Dataset\Glaucoma\Glaucoma1.jpg,1,Glaucoma
E:\eye diesea pred\Dataset 3\Eye Disease Image Dataset\Original Dataset\Original Dataset\Glaucoma\Glaucoma1187.jpg,1,Glaucoma
E:\eye diesea pred\Dataset 3\Eye Disease Image Dataset\Original Dataset\Original Dataset\Glaucoma\Glaucoma1057.jpg,1,Glaucoma
E:\eye diesea pred\Dataset 3\Eye Disease Image Dataset\Original Dataset\Original Dataset\Glaucoma\Glaucoma946.jpg,1,Glaucoma
E:\eye diesea pred\Dataset 3\Eye Disease Image Dataset\Original Dataset\Original Dataset\Glaucoma\Glaucoma1263.jpg,1,Glaucoma
E:\eye diesea pred\Dataset 3\Eye Disease Image Dataset\Original Dataset\Original Dataset\Glaucoma\Glaucoma698.jpg,1,Glaucoma
E:\eye diesea pred\Dataset 3\Eye Disease Image Dataset\Original Dataset\Original Dataset\Glaucoma\Glaucoma1245.jpg,1,Glaucoma
E:\eye diesea pred\Dataset 3\Eye Disease Image Dataset\Original Dataset\Original Dataset\Glaucoma\Glaucoma848.jpg,1,Glaucoma
E:\eye diesea pred\Dataset 3\Eye Disease Image Dataset\Original Dataset\Original Dataset\Glaucoma\Glaucoma323.jpg,1,Glaucoma
E:\eye diesea pred\Dataset 3\Eye Disease Image Dataset\Original Dataset\Original Dataset\Glaucoma\Glaucoma747.jpg,1,Glaucoma
E:\eye diesea pred\Dataset 3\Eye Disease Image Dataset\Original Dataset\Original Dataset\Glaucoma\Glaucoma265.jpg,1,Glaucoma
E:\eye diesea pred\Dataset 3\Eye Disease Image Dataset\Original Dataset\Original Dataset\Glaucoma\Glaucoma144.jpg,1,Glaucoma
E:\eye diesea pred\Dataset 3\Eye Disease Image Dataset\Original Dataset\Original Dataset\Glaucoma\Glaucoma332.jpg,1,Glaucoma
E:\eye diesea pred\Dataset 3\Eye Disease Image Dataset\Original Dataset\Original Dataset\Glaucoma\Glaucoma133.jpg,1,Glaucoma
E:\eye diesea pred\Dataset 3\Eye Disease Image Dataset\Original Dataset\Original Dataset\Glaucoma\Glaucoma995.jpg,1,Glaucoma
E:\eye diesea pred\Dataset 3\Eye Disease Image Dataset\Original Dataset\Original Dataset\Glaucoma\Glaucoma726.jpg,1,Glaucoma
E:\eye diesea pred\Dataset 3\Eye Disease Image Dataset\Original Dataset\Original Dataset\Glaucoma\Glaucoma502.jpg,1,Glaucoma
E:\eye diesea pred\Dataset 3\Eye Disease Image Dataset\Original Dataset\Original Dataset\Glaucoma\Glaucoma486.jpg,1,Glaucoma
E:\eye diesea pred\Dataset 3\Eye Disease Image Dataset\Original Dataset\Original Dataset\Glaucoma\Glaucoma1010.jpg,1,Glaucoma
E:\eye diesea pred\Dataset 3\Eye Disease Image Dataset\Original Dataset\Original Dataset\Glaucoma\Glaucoma1254.jpg,1,Glaucoma
E:\eye diesea pred\Dataset 3\Eye Disease Image Dataset\Original Dataset\Original Dataset\Glaucoma\Glaucoma1100.jpg,1,Glaucoma
E:\eye diesea pred\Dataset 3\Eye Disease Image Dataset\Original Dataset\Original Dataset\Glaucoma\Glaucoma1115.jpg,1,Glaucoma
E:\eye diesea pred\Dataset 3\Eye Disease Image Dataset\Original Dataset\Original Dataset\Glaucoma\Glaucoma99.jpg,1,Glaucoma
E:\eye diesea pred\Dataset 3\Eye Disease Image Dataset\Original Dataset\Original Dataset\Glaucoma\Glaucoma449.jpg,1,Glaucoma
E:\eye diesea pred\Dataset 3\Eye Disease Image Dataset\Original Dataset\Original Dataset\Glaucoma\Glaucoma336.jpg,1,Glaucoma
E:\eye diesea pred\Dataset 3\Eye Disease Image Dataset\Original Dataset\Original Dataset\Glaucoma\Glaucoma1132.jpg,1,Glaucoma
E:\eye diesea pred\Dataset 3\Eye Disease Image Dataset\Original Dataset\Original Dataset\Glaucoma\Glaucoma1163.jpg,1,Glaucoma
E:\eye diesea pred\Dataset 3\Eye Disease Image Dataset\Original Dataset\Original Dataset\Glaucoma\Glaucoma275.jpg,1,Glaucoma
E:\eye diesea pred\Dataset 3\Eye Disease Image Dataset\Original Dataset\Original Dataset\Glaucoma\Glaucoma1155.jpg,1,Glaucoma
E:\eye diesea pred\Dataset 3\Eye Disease Image Dataset\Original Dataset\Original Dataset\Glaucoma\Glaucoma976.jpg,1,Glaucoma
E:\eye diesea pred\Dataset 3\Eye Disease Image Dataset\Original Dataset\Original Dataset\Glaucoma\Glaucoma169.jpg,1,Glaucoma
E:\eye diesea pred\Dataset 3\Eye Disease Image Dataset\Original Dataset\Original Dataset\Glaucoma\Glaucoma403.jpg,1,Glaucoma
E:\eye diesea pred\Dataset 3\Eye Disease Image Dataset\Original Dataset\Original Dataset\Glaucoma\Glaucoma557.jpg,1,Glaucoma
E:\eye diesea pred\Dataset 3\Eye Disease Image Dataset\Original Dataset\Original Dataset\Glaucoma\Glaucoma525.jpg,1,Glaucoma
E:\eye diesea pred\Dataset 3\Eye Disease Image Dataset\Original Dataset\Original Dataset\Glaucoma\Glaucoma145.jpg,1,Glaucoma
E:\eye diesea pred\Dataset 3\Eye Disease Image Dataset\Original Dataset\Original Dataset\Glaucoma\Glaucoma74.jpg,1,Glaucoma
E:\eye diesea pred\Dataset 3\Eye Disease Image Dataset\Original Dataset\Original Dataset\Glaucoma\Glaucoma793.jpg,1,Glaucoma
E:\eye diesea pred\Dataset 3\Eye Disease Image Dataset\Original Dataset\Original Dataset\Glaucoma\Glaucoma460.jpg,1,Glaucoma
E:\eye diesea pred\Dataset 3\Eye Disease Image Dataset\Original Dataset\Original Dataset\Glaucoma\Glaucoma492.jpg,1,Glaucoma
E:\eye diesea pred\Dataset 3\Eye Disease Image Dataset\Original Dataset\Original Dataset\Glaucoma\Glaucoma1165.jpg,1,Glaucoma
E:\eye diesea pred\Dataset 3\Eye Disease Image Dataset\Original Dataset\Original Dataset\Glaucoma\Glaucoma658.jpg,1,Glaucoma
E:\eye diesea pred\Dataset 3\Eye Disease Image Dataset\Original Dataset\Original Dataset\Glaucoma\Glaucoma274.jpg,1,Glaucoma
E:\eye diesea pred\Dataset 3\Eye Disease Image Dataset\Original Dataset\Original Dataset\Glaucoma\Glaucoma799.jpg,1,Glaucoma
E:\eye diesea pred\Dataset 3\Eye Disease Image Dataset\Original Dataset\Original Dataset\Glaucoma\Glaucoma1099.jpg,1,Glaucoma
E:\eye diesea pred\Dataset 3\Eye Disease Image Dataset\Original Dataset\Original Dataset\Glaucoma\Glaucoma258.jpg,1,Glaucoma
E:\eye diesea pred\Dataset 3\Eye Disease Image Dataset\Original Dataset\Original Dataset\Glaucoma\Glaucoma998.jpg,1,Glaucoma
E:\eye diesea pred\Dataset 3\Eye Disease Image Dataset\Original Dataset\Original Dataset\Glaucoma\Glaucoma782.jpg,1,Glaucoma
E:\eye diesea pred\Dataset 3\Eye Disease Image Dataset\Original Dataset\Original Dataset\Glaucoma\Glaucoma1301.jpg,1,Glaucoma
E:\eye diesea pred\Dataset 3\Eye Disease Image Dataset\Original Dataset\Original Dataset\Glaucoma\Glaucoma495.jpg,1,Glaucoma
E:\eye diesea pred\Dataset 3\Eye Disease Image Dataset\Original Dataset\Original Dataset\Glaucoma\Glaucoma1273.jpg,1,Glaucoma
E:\eye diesea pred\Dataset 3\Eye Disease Image Dataset\Original Dataset\Original Dataset\Glaucoma\Glaucoma760.jpg,1,Glaucoma
E:\eye diesea pred\Dataset 3\Eye Disease Image Dataset\Original Dataset\Original Dataset\Glaucoma\Glaucoma266.jpg,1,Glaucoma
E:\eye diesea pred\Dataset 3\Eye Disease Image Dataset\Original Dataset\Original Dataset\Glaucoma\Glaucoma67.jpg,1,Glaucoma
E:\eye diesea pred\Dataset 3\Eye Disease Image Dataset\Original Dataset\Original Dataset\Glaucoma\Glaucoma1168.jpg,1,Glaucoma
E:\eye diesea pred\Dataset 3\Eye Disease Image Dataset\Original Dataset\Original Dataset\Glaucoma\Glaucoma1286.jpg,1,Glaucoma
E:\eye diesea pred\Dataset 3\Eye Disease Image Dataset\Original Dataset\Original Dataset\Glaucoma\Glaucoma912.jpg,1,Glaucoma
E:\eye diesea pred\Dataset 3\Eye Disease Image Dataset\Original Dataset\Original Dataset\Glaucoma\Glaucoma9.jpg,1,Glaucoma
E:\eye diesea pred\Dataset 3\Eye Disease Image Dataset\Original Dataset\Original Dataset\Glaucoma\Glaucoma123.jpg,1,Glaucoma
E:\eye diesea pred\Dataset 3\Eye Disease Image Dataset\Original Dataset\Original Dataset\Glaucoma\Glaucoma1281.jpg,1,Glaucoma
E:\eye diesea pred\Dataset 3\Eye Disease Image Dataset\Original Dataset\Original Dataset\Glaucoma\Glaucoma546.jpg,1,Glaucoma
E:\eye diesea pred\Dataset 3\Eye Disease Image Dataset\Original Dataset\Original Dataset\Glaucoma\Glaucoma381.jpg,1,Glaucoma
E:\eye diesea pred\Dataset 3\Eye Disease Image Dataset\Original Dataset\Original Dataset\Glaucoma\Glaucoma1212.jpg,1,Glaucoma
E:\eye diesea pred\Dataset 3\Eye Disease Image Dataset\Original Dataset\Original Dataset\Glaucoma\Glaucoma1052.jpg,1,Glaucoma
E:\eye diesea pred\Dataset 3\Eye Disease Image Dataset\Original Dataset\Original Dataset\Glaucoma\Glaucoma210.jpg,1,Glaucoma
E:\eye diesea pred\Dataset 3\Eye Disease Image Dataset\Original Dataset\Original Dataset\Glaucoma\Glaucoma822.jpg,1,Glaucoma
E:\eye diesea pred\Dataset 3\Eye Disease Image Dataset\Original Dataset\Original Dataset\Glaucoma\Glaucoma913.jpg,1,Glaucoma
E:\eye diesea pred\Dataset 3\Eye Disease Image Dataset\Original Dataset\Original Dataset\Glaucoma\Glaucoma727.jpg,1,Glaucoma
E:\eye diesea pred\Dataset 3\Eye Disease Image Dataset\Original Dataset\Original Dataset\Glaucoma\Glaucoma856.jpg,1,Glaucoma
E:\eye diesea pred\Dataset 3\Eye Disease Image Dataset\Original Dataset\Original Dataset\Glaucoma\Glaucoma132.jpg,1,Glaucoma
E:\eye diesea pred\Dataset 3\Eye Disease Image Dataset\Original Dataset\Original Dataset\Glaucoma\Glaucoma858.jpg,1,Glaucoma
E:\eye diesea pred\Dataset 3\Eye Disease Image Dataset\Original Dataset\Original Dataset\Glaucoma\Glaucoma524.jpg,1,Glaucoma
E:\eye diesea pred\Dataset 3\Eye Disease Image Dataset\Original Dataset\Original Dataset\Glaucoma\Glaucoma616.jpg,1,Glaucoma
E:\eye diesea pred\Dataset 3\Eye Disease Image Dataset\Original Dataset\Original Dataset\Glaucoma\Glaucoma1203.jpg,1,Glaucoma
E:\eye diesea pred\Dataset 3\Eye Disease Image Dataset\Original Dataset\Original Dataset\Glaucoma\Glaucoma582.jpg,1,Glaucoma
E:\eye diesea pred\Dataset 3\Eye Disease Image Dataset\Original Dataset\Original Dataset\Glaucoma\Glaucoma1175.jpg,1,Glaucoma
E:\eye diesea pred\Dataset 3\Eye Disease Image Dataset\Original Dataset\Original Dataset\Glaucoma\Glaucoma349.jpg,1,Glaucoma
E:\eye diesea pred\Dataset 3\Eye Disease Image Dataset\Original Dataset\Original Dataset\Glaucoma\Glaucoma1000.jpg,1,Glaucoma
E:\eye diesea pred\Dataset 3\Eye Disease Image Dataset\Original Dataset\Original Dataset\Glaucoma\Glaucoma406.jpg,1,Glaucoma
E:\eye diesea pred\Dataset 3\Eye Disease Image Dataset\Original Dataset\Original Dataset\Glaucoma\Glaucoma709.jpg,1,Glaucoma
E:\eye diesea pred\Dataset 3\Eye Disease Image Dataset\Original Dataset\Original Dataset\Glaucoma\Glaucoma1339.jpg,1,Glaucoma
E:\eye diesea pred\Dataset 3\Eye Disease Image Dataset\Original Dataset\Original Dataset\Glaucoma\Glaucoma1062.jpg,1,Glaucoma
E:\eye diesea pred\Dataset 3\Eye Disease Image Dataset\Original Dataset\Original Dataset\Glaucoma\Glaucoma1083.jpg,1,Glaucoma
E:\eye diesea pred\Dataset 3\Eye Disease Image Dataset\Original Dataset\Original Dataset\Glaucoma\Glaucoma933.jpg,1,Glaucoma
E:\eye diesea pred\Dataset 3\Eye Disease Image Dataset\Original Dataset\Original Dataset\Glaucoma\Glaucoma443.jpg,1,Glaucoma
E:\eye diesea pred\Dataset 3\Eye Disease Image Dataset\Original Dataset\Original Dataset\Glaucoma\Glaucoma811.jpg,1,Glaucoma
E:\eye diesea pred\Dataset 3\Eye Disease Image Dataset\Original Dataset\Original Dataset\Glaucoma\Glaucoma816.jpg,1,Glaucoma
E:\eye diesea pred\Dataset 3\Eye Disease Image Dataset\Original Dataset\Original Dataset\Glaucoma\Glaucoma1235.jpg,1,Glaucoma
E:\eye diesea pred\Dataset 3\Eye Disease Image Dataset\Original Dataset\Original Dataset\Glaucoma\Glaucoma1195.jpg,1,Glaucoma
E:\eye diesea pred\Dataset 3\Eye Disease Image Dataset\Original Dataset\Original Dataset\Glaucoma\Glaucoma768.jpg,1,Glaucoma
E:\eye diesea pred\Dataset 3\Eye Disease Image Dataset\Original Dataset\Original Dataset\Glaucoma\Glaucoma570.jpg,1,Glaucoma
E:\eye diesea pred\Dataset 3\Eye Disease Image Dataset\Original Dataset\Original Dataset\Glaucoma\Glaucoma337.jpg,1,Glaucoma
E:\eye diesea pred\Dataset 3\Eye Disease Image Dataset\Original Dataset\Original Dataset\Glaucoma\Glaucoma1300.jpg,1,Glaucoma
E:\eye diesea pred\Dataset 3\Eye Disease Image Dataset\Original Dataset\Original Dataset\Glaucoma\Glaucoma1347.jpg,1,Glaucoma
E:\eye diesea pred\Dataset 3\Eye Disease Image Dataset\Original Dataset\Original Dataset\Glaucoma\Glaucoma84.jpg,1,Glaucoma
E:\eye diesea pred\Dataset 3\Eye Disease Image Dataset\Original Dataset\Original Dataset\Glaucoma\Glaucoma384.jpg,1,Glaucoma
E:\eye diesea pred\Dataset 3\Eye Disease Image Dataset\Original Dataset\Original Dataset\Glaucoma\Glaucoma1004.jpg,1,Glaucoma
E:\eye diesea pred\Dataset 3\Eye Disease Image Dataset\Original Dataset\Original Dataset\Glaucoma\Glaucoma280.jpg,1,Glaucoma
E:\eye diesea pred\Dataset 3\Eye Disease Image Dataset\Original Dataset\Original Dataset\Glaucoma\Glaucoma149.jpg,1,Glaucoma
E:\eye diesea pred\Dataset 3\Eye Disease Image Dataset\Original Dataset\Original Dataset\Glaucoma\Glaucoma1209.jpg,1,Glaucoma
E:\eye diesea pred\Dataset 3\Eye Disease Image Dataset\Original Dataset\Original Dataset\Glaucoma\Glaucoma694.jpg,1,Glaucoma
E:\eye diesea pred\Dataset 3\Eye Disease Image Dataset\Original Dataset\Original Dataset\Glaucoma\Glaucoma527.jpg,1,Glaucoma
E:\eye diesea pred\Dataset 3\Eye Disease Image Dataset\Original Dataset\Original Dataset\Glaucoma\Glaucoma711.jpg,1,Glaucoma
E:\eye diesea pred\Dataset 3\Eye Disease Image Dataset\Original Dataset\Original Dataset\Glaucoma\Glaucoma895.jpg,1,Glaucoma
E:\eye diesea pred\Dataset 3\Eye Disease Image Dataset\Original Dataset\Original Dataset\Glaucoma\Glaucoma716.jpg,1,Glaucoma
E:\eye diesea pred\Dataset 3\Eye Disease Image Dataset\Original Dataset\Original Dataset\Glaucoma\Glaucoma1213.jpg,1,Glaucoma
E:\eye diesea pred\Dataset 3\Eye Disease Image Dataset\Original Dataset\Original Dataset\Glaucoma\Glaucoma1230.jpg,1,Glaucoma
E:\eye diesea pred\Dataset 3\Eye Disease Image Dataset\Original Dataset\Original Dataset\Glaucoma\Glaucoma51.jpg,1,Glaucoma
E:\eye diesea pred\Dataset 3\Eye Disease Image Dataset\Original Dataset\Original Dataset\Glaucoma\Glaucoma1225.jpg,1,Glaucoma
E:\eye diesea pred\Dataset 3\Eye Disease Image Dataset\Original Dataset\Original Dataset\Glaucoma\Glaucoma324.jpg,1,Glaucoma
E:\eye diesea pred\Dataset 3\Eye Disease Image Dataset\Original Dataset\Original Dataset\Glaucoma\Glaucoma572.jpg,1,Glaucoma
E:\eye diesea pred\Dataset 3\Eye Disease Image Dataset\Original Dataset\Original Dataset\Glaucoma\Glaucoma939.jpg,1,Glaucoma
E:\eye diesea pred\Dataset 3\Eye Disease Image Dataset\Original Dataset\Original Dataset\Glaucoma\Glaucoma1207.jpg,1,Glaucoma
E:\eye diesea pred\Dataset 3\Eye Disease Image Dataset\Original Dataset\Original Dataset\Glaucoma\Glaucoma1129.jpg,1,Glaucoma
E:\eye diesea pred\Dataset 3\Eye Disease Image Dataset\Original Dataset\Original Dataset\Glaucoma\Glaucoma730.jpg,1,Glaucoma
E:\eye diesea pred\Dataset 3\Eye Disease Image Dataset\Original Dataset\Original Dataset\Glaucoma\Glaucoma781.jpg,1,Glaucoma
E:\eye diesea pred\Dataset 3\Eye Disease Image Dataset\Original Dataset\Original Dataset\Glaucoma\Glaucoma679.jpg,1,Glaucoma
E:\eye diesea pred\Dataset 3\Eye Disease Image Dataset\Original Dataset\Original Dataset\Glaucoma\Glaucoma398.jpg,1,Glaucoma
E:\eye diesea pred\Dataset 3\Eye Disease Image Dataset\Original Dataset\Original Dataset\Glaucoma\Glaucoma657.jpg,1,Glaucoma
E:\eye diesea pred\Dataset 3\Eye Disease Image Dataset\Original Dataset\Original Dataset\Glaucoma\Glaucoma1001.jpg,1,Glaucoma
E:\eye diesea pred\Dataset 3\Eye Disease Image Dataset\Original Dataset\Original Dataset\Glaucoma\Glaucoma189.jpg,1,Glaucoma
E:\eye diesea pred\Dataset 3\Eye Disease Image Dataset\Original Dataset\Original Dataset\Glaucoma\Glaucoma156.jpg,1,Glaucoma
E:\eye diesea pred\Dataset 3\Eye Disease Image Dataset\Original Dataset\Original Dataset\Glaucoma\Glaucoma387.jpg,1,Glaucoma
E:\eye diesea pred\Dataset 3\Eye Disease Image Dataset\Original Dataset\Original Dataset\Glaucoma\Glaucoma333.jpg,1,Glaucoma
E:\eye diesea pred\Dataset 3\Eye Disease Image Dataset\Original Dataset\Original Dataset\Glaucoma\Glaucoma665.jpg,1,Glaucoma
E:\eye diesea pred\Dataset 3\Eye Disease Image Dataset\Original Dataset\Original Dataset\Glaucoma\Glaucoma1014.jpg,1,Glaucoma
E:\eye diesea pred\Dataset 3\Eye Disease Image Dataset\Original Dataset\Original Dataset\Glaucoma\Glaucoma108.jpg,1,Glaucoma
E:\eye diesea pred\Dataset 3\Eye Disease Image Dataset\Original Dataset\Original Dataset\Glaucoma\Glaucoma1190.jpg,1,Glaucoma
E:\eye diesea pred\Dataset 3\Eye Disease Image Dataset\Original Dataset\Original Dataset\Glaucoma\Glaucoma7.jpg,1,Glaucoma
E:\eye diesea pred\Dataset 3\Eye Disease Image Dataset\Original Dataset\Original Dataset\Glaucoma\Glaucoma692.jpg,1,Glaucoma
E:\eye diesea pred\Dataset 3\Eye Disease Image Dataset\Original Dataset\Original Dataset\Glaucoma\Glaucoma335.jpg,1,Glaucoma
E:\eye diesea pred\Dataset 3\Eye Disease Image Dataset\Original Dataset\Original Dataset\Glaucoma\Glaucoma1104.jpg,1,Glaucoma
E:\eye diesea pred\Dataset 3\Eye Disease Image Dataset\Original Dataset\Original Dataset\Glaucoma\Glaucoma164.jpg,1,Glaucoma
E:\eye diesea pred\Dataset 3\Eye Disease Image Dataset\Original Dataset\Original Dataset\Glaucoma\Glaucoma1328.jpg,1,Glaucoma
E:\eye diesea pred\Dataset 3\Eye Disease Image Dataset\Original Dataset\Original Dataset\Glaucoma\Glaucoma723.jpg,1,Glaucoma
E:\eye diesea pred\Dataset 3\Eye Disease Image Dataset\Original Dataset\Original Dataset\Glaucoma\Glaucoma1025.jpg,1,Glaucoma
E:\eye diesea pred\Dataset 3\Eye Disease Image Dataset\Original Dataset\Original Dataset\Glaucoma\Glaucoma801.jpg,1,Glaucoma
E:\eye diesea pred\Dataset 3\Eye Disease Image Dataset\Original Dataset\Original Dataset\Glaucoma\Glaucoma940.jpg,1,Glaucoma
E:\eye diesea pred\Dataset 3\Eye Disease Image Dataset\Original Dataset\Original Dataset\Glaucoma\Glaucoma1146.jpg,1,Glaucoma
E:\eye diesea pred\Dataset 3\Eye Disease Image Dataset\Original Dataset\Original Dataset\Glaucoma\Glaucoma850.jpg,1,Glaucoma
E:\eye diesea pred\Dataset 3\Eye Disease Image Dataset\Original Dataset\Original Dataset\Glaucoma\Glaucoma1090.jpg,1,Glaucoma
E:\eye diesea pred\Dataset 3\Eye Disease Image Dataset\Original Dataset\Original Dataset\Glaucoma\Glaucoma1299.jpg,1,Glaucoma
E:\eye diesea pred\Dataset 3\Eye Disease Image Dataset\Original Dataset\Original Dataset\Glaucoma\Glaucoma203.jpg,1,Glaucoma
E:\eye diesea pred\Dataset 3\Eye Disease Image Dataset\Original Dataset\Original Dataset\Glaucoma\Glaucoma941.jpg,1,Glaucoma
E:\eye diesea pred\Dataset 3\Eye Disease Image Dataset\Original Dataset\Original Dataset\Glaucoma\Glaucoma13.jpg,1,Glaucoma
E:\eye diesea pred\Dataset 3\Eye Disease Image Dataset\Original Dataset\Original Dataset\Glaucoma\Glaucoma897.jpg,1,Glaucoma
E:\eye diesea pred\Dataset 3\Eye Disease Image Dataset\Original Dataset\Original Dataset\Glaucoma\Glaucoma65.jpg,1,Glaucoma
E:\eye diesea pred\Dataset 3\Eye Disease Image Dataset\Original Dataset\Original Dataset\Glaucoma\Glaucoma80.jpg,1,Glaucoma
E:\eye diesea pred\Dataset 3\Eye Disease Image Dataset\Original Dataset\Original Dataset\Glaucoma\Glaucoma100.jpg,1,Glaucoma
E:\eye diesea pred\Dataset 3\Eye Disease Image Dataset\Original Dataset\Original Dataset\Glaucoma\Glaucoma159.jpg,1,Glaucoma
E:\eye diesea pred\Dataset 3\Eye Disease Image Dataset\Original Dataset\Original Dataset\Glaucoma\Glaucoma191.jpg,1,Glaucoma
E:\eye diesea pred\Dataset 3\Eye Disease Image Dataset\Original Dataset\Original Dataset\Glaucoma\Glaucoma1341.jpg,1,Glaucoma
E:\eye diesea pred\Dataset 3\Eye Disease Image Dataset\Original Dataset\Original Dataset\Glaucoma\Glaucoma98.jpg,1,Glaucoma
E:\eye diesea pred\Dataset 3\Eye Disease Image Dataset\Original Dataset\Original Dataset\Glaucoma\Glaucoma1329.jpg,1,Glaucoma
E:\eye diesea pred\Dataset 3\Eye Disease Image Dataset\Original Dataset\Original Dataset\Glaucoma\Glaucoma1150.jpg,1,Glaucoma
E:\eye diesea pred\Dataset 3\Eye Disease Image Dataset\Original Dataset\Original Dataset\Glaucoma\Glaucoma222.jpg,1,Glaucoma
E:\eye diesea pred\Dataset 3\Eye Disease Image Dataset\Original Dataset\Original Dataset\Glaucoma\Glaucoma798.jpg,1,Glaucoma
E:\eye diesea pred\Dataset 3\Eye Disease Image Dataset\Original Dataset\Original Dataset\Glaucoma\Glaucoma780.jpg,1,Glaucoma
E:\eye diesea pred\Dataset 3\Eye Disease Image Dataset\Original Dataset\Original Dataset\Glaucoma\Glaucoma1105.jpg,1,Glaucoma
E:\eye diesea pred\Dataset 3\Eye Disease Image Dataset\Original Dataset\Original Dataset\Glaucoma\Glaucoma263.jpg,1,Glaucoma
E:\eye diesea pred\Dataset 3\Eye Disease Image Dataset\Original Dataset\Original Dataset\Glaucoma\Glaucoma553.jpg,1,Glaucoma
E:\eye diesea pred\Dataset 3\Eye Disease Image Dataset\Original Dataset\Original Dataset\Glaucoma\Glaucoma386.jpg,1,Glaucoma
E:\eye diesea pred\Dataset 3\Eye Disease Image Dataset\Original Dataset\Original Dataset\Glaucoma\Glaucoma1306.jpg,1,Glaucoma
E:\eye diesea pred\Dataset 3\Eye Disease Image Dataset\Original Dataset\Original Dataset\Glaucoma\Glaucoma1020.jpg,1,Glaucoma
E:\eye diesea pred\Dataset 3\Eye Disease Image Dataset\Original Dataset\Original Dataset\Glaucoma\Glaucoma233.jpg,1,Glaucoma
E:\eye diesea pred\Dataset 3\Eye Disease Image Dataset\Original Dataset\Original Dataset\Glaucoma\Glaucoma1108.jpg,1,Glaucoma
E:\eye diesea pred\Dataset 3\Eye Disease Image Dataset\Original Dataset\Original Dataset\Glaucoma\Glaucoma703.jpg,1,Glaucoma
E:\eye diesea pred\Dataset 3\Eye Disease Image Dataset\Original Dataset\Original Dataset\Glaucoma\Glaucoma844.jpg,1,Glaucoma
E:\eye diesea pred\Dataset 3\Eye Disease Image Dataset\Original Dataset\Original Dataset\Glaucoma\Glaucoma494.jpg,1,Glaucoma
E:\eye diesea pred\Dataset 3\Eye Disease Image Dataset\Original Dataset\Original Dataset\Glaucoma\Glaucoma1048.jpg,1,Glaucoma
E:\eye diesea pred\Dataset 3\Eye Disease Image Dataset\Original Dataset\Original Dataset\Glaucoma\Glaucoma209.jpg,1,Glaucoma
E:\eye diesea pred\Dataset 3\Eye Disease Image Dataset\Original Dataset\Original Dataset\Glaucoma\Glaucoma847.jpg,1,Glaucoma
E:\eye diesea pred\Dataset 3\Eye Disease Image Dataset\Original Dataset\Original Dataset\Glaucoma\Glaucoma1319.jpg,1,Glaucoma
E:\eye diesea pred\Dataset 3\Eye Disease Image Dataset\Original Dataset\Original Dataset\Glaucoma\Glaucoma206.jpg,1,Glaucoma
E:\eye diesea pred\Dataset 3\Eye Disease Image Dataset\Original Dataset\Original Dataset\Glaucoma\Glaucoma468.jpg,1,Glaucoma
E:\eye diesea pred\Dataset 3\Eye Disease Image Dataset\Original Dataset\Original Dataset\Glaucoma\Glaucoma1246.jpg,1,Glaucoma
E:\eye diesea pred\Dataset 3\Eye Disease Image Dataset\Original Dataset\Original Dataset\Glaucoma\Glaucoma1091.jpg,1,Glaucoma
E:\eye diesea pred\Dataset 3\Eye Disease Image Dataset\Original Dataset\Original Dataset\Glaucoma\Glaucoma767.jpg,1,Glaucoma
E:\eye diesea pred\Dataset 3\Eye Disease Image Dataset\Original Dataset\Original Dataset\Glaucoma\Glaucoma238.jpg,1,Glaucoma
E:\eye diesea pred\Dataset 3\Eye Disease Image Dataset\Original Dataset\Original Dataset\Glaucoma\Glaucoma281.jpg,1,Glaucoma
E:\eye diesea pred\Dataset 3\Eye Disease Image Dataset\Original Dataset\Original Dataset\Glaucoma\Glaucoma808.jpg,1,Glaucoma
E:\eye diesea pred\Dataset 3\Eye Disease Image Dataset\Original Dataset\Original Dataset\Glaucoma\Glaucoma264.jpg,1,Glaucoma
E:\eye diesea pred\Dataset 3\Eye Disease Image Dataset\Original Dataset\Original Dataset\Glaucoma\Glaucoma1201.jpg,1,Glaucoma
E:\eye diesea pred\Dataset 3\Eye Disease Image Dataset\Original Dataset\Original Dataset\Glaucoma\Glaucoma1158.jpg,1,Glaucoma
E:\eye diesea pred\Dataset 3\Eye Disease Image Dataset\Original Dataset\Original Dataset\Glaucoma\Glaucoma1034.jpg,1,Glaucoma
E:\eye diesea pred\Dataset 3\Eye Disease Image Dataset\Original Dataset\Original Dataset\Glaucoma\Glaucoma579.jpg,1,Glaucoma
E:\eye diesea pred\Dataset 3\Eye Disease Image Dataset\Original Dataset\Original Dataset\Glaucoma\Glaucoma166.jpg,1,Glaucoma
E:\eye diesea pred\Dataset 3\Eye Disease Image Dataset\Original Dataset\Original Dataset\Glaucoma\Glaucoma1017.jpg,1,Glaucoma
E:\eye diesea pred\Dataset 3\Eye Disease Image Dataset\Original Dataset\Original Dataset\Glaucoma\Glaucoma1131.jpg,1,Glaucoma
E:\eye diesea pred\Dataset 3\Eye Disease Image Dataset\Original Dataset\Original Dataset\Glaucoma\Glaucoma357.jpg,1,Glaucoma
E:\eye diesea pred\Dataset 3\Eye Disease Image Dataset\Original Dataset\Original Dataset\Glaucoma\Glaucoma749.jpg,1,Glaucoma
E:\eye diesea pred\Dataset 3\Eye Disease Image Dataset\Original Dataset\Original Dataset\Glaucoma\Glaucoma463.jpg,1,Glaucoma
E:\eye diesea pred\Dataset 3\Eye Disease Image Dataset\Original Dataset\Original Dataset\Glaucoma\Glaucoma465.jpg,1,Glaucoma
E:\eye diesea pred\Dataset 3\Eye Disease Image Dataset\Original Dataset\Original Dataset\Glaucoma\Glaucoma718.jpg,1,Glaucoma
E:\eye diesea pred\Dataset 3\Eye Disease Image Dataset\Original Dataset\Original Dataset\Glaucoma\Glaucoma237.jpg,1,Glaucoma
E:\eye diesea pred\Dataset 3\Eye Disease Image Dataset\Original Dataset\Original Dataset\Glaucoma\Glaucoma1249.jpg,1,Glaucoma
E:\eye diesea pred\Dataset 3\Eye Disease Image Dataset\Original Dataset\Original Dataset\Glaucoma\Glaucoma52.jpg,1,Glaucoma
E:\eye diesea pred\Dataset 3\Eye Disease Image Dataset\Original Dataset\Original Dataset\Glaucoma\Glaucoma231.jpg,1,Glaucoma
E:\eye diesea pred\Dataset 3\Eye Disease Image Dataset\Original Dataset\Original Dataset\Glaucoma\Glaucoma963.jpg,1,Glaucoma
E:\eye diesea pred\Dataset 3\Eye Disease Image Dataset\Original Dataset\Original Dataset\Glaucoma\Glaucoma178.jpg,1,Glaucoma
E:\eye diesea pred\Dataset 3\Eye Disease Image Dataset\Original Dataset\Original Dataset\Glaucoma\Glaucoma271.jpg,1,Glaucoma
E:\eye diesea pred\Dataset 3\Eye Disease Image Dataset\Original Dataset\Original Dataset\Glaucoma\Glaucoma875.jpg,1,Glaucoma
E:\eye diesea pred\Dataset 3\Eye Disease Image Dataset\Original Dataset\Original Dataset\Glaucoma\Glaucoma792.jpg,1,Glaucoma
E:\eye diesea pred\Dataset 3\Eye Disease Image Dataset\Original Dataset\Original Dataset\Glaucoma\Glaucoma643.jpg,1,Glaucoma
E:\eye diesea pred\Dataset 3\Eye Disease Image Dataset\Original Dataset\Original Dataset\Glaucoma\Glaucoma448.jpg,1,Glaucoma
E:\eye diesea pred\Dataset 3\Eye Disease Image Dataset\Original Dataset\Original Dataset\Glaucoma\Glaucoma981.jpg,1,Glaucoma
E:\eye diesea pred\Dataset 3\Eye Disease Image Dataset\Original Dataset\Original Dataset\Glaucoma\Glaucoma1144.jpg,1,Glaucoma
E:\eye diesea pred\Dataset 3\Eye Disease Image Dataset\Original Dataset\Original Dataset\Glaucoma\Glaucoma390.jpg,1,Glaucoma
E:\eye diesea pred\Dataset 3\Eye Disease Image Dataset\Original Dataset\Original Dataset\Glaucoma\Glaucoma539.jpg,1,Glaucoma
E:\eye diesea pred\Dataset 3\Eye Disease Image Dataset\Original Dataset\Original Dataset\Glaucoma\Glaucoma918.jpg,1,Glaucoma
E:\eye diesea pred\Dataset 3\Eye Disease Image Dataset\Original Dataset\Original Dataset\Glaucoma\Glaucoma207.jpg,1,Glaucoma
E:\eye diesea pred\Dataset 3\Eye Disease Image Dataset\Original Dataset\Original Dataset\Glaucoma\Glaucoma82.jpg,1,Glaucoma
E:\eye diesea pred\Dataset 3\Eye Disease Image Dataset\Original Dataset\Original Dataset\Glaucoma\Glaucoma302.jpg,1,Glaucoma
E:\eye diesea pred\Dataset 3\Eye Disease Image Dataset\Original Dataset\Original Dataset\Glaucoma\Glaucoma139.jpg,1,Glaucoma
E:\eye diesea pred\Dataset 3\Eye Disease Image Dataset\Original Dataset\Original Dataset\Glaucoma\Glaucoma30.jpg,1,Glaucoma
E:\eye diesea pred\Dataset 3\Eye Disease Image Dataset\Original Dataset\Original Dataset\Glaucoma\Glaucoma986.jpg,1,Glaucoma
E:\eye diesea pred\Dataset 3\Eye Disease Image Dataset\Original Dataset\Original Dataset\Glaucoma\Glaucoma647.jpg,1,Glaucoma
E:\eye diesea pred\Dataset 3\Eye Disease Image Dataset\Original Dataset\Original Dataset\Glaucoma\Glaucoma958.jpg,1,Glaucoma
E:\eye diesea pred\Dataset 3\Eye Disease Image Dataset\Original Dataset\Original Dataset\Glaucoma\Glaucoma442.jpg,1,Glaucoma
E:\eye diesea pred\Dataset 3\Eye Disease Image Dataset\Original Dataset\Original Dataset\Glaucoma\Glaucoma820.jpg,1,Glaucoma
E:\eye diesea pred\Dataset 3\Eye Disease Image Dataset\Original Dataset\Original Dataset\Glaucoma\Glaucoma1087.jpg,1,Glaucoma
E:\eye diesea pred\Dataset 3\Eye Disease Image Dataset\Original Dataset\Original Dataset\Glaucoma\Glaucoma338.jpg,1,Glaucoma
E:\eye diesea pred\Dataset 3\Eye Disease Image Dataset\Original Dataset\Original Dataset\Glaucoma\Glaucoma128.jpg,1,Glaucoma
E:\eye diesea pred\Dataset 3\Eye Disease Image Dataset\Original Dataset\Original Dataset\Glaucoma\Glaucoma112.jpg,1,Glaucoma
E:\eye diesea pred\Dataset 3\Eye Disease Image Dataset\Original Dataset\Original Dataset\Glaucoma\Glaucoma624.jpg,1,Glaucoma
E:\eye diesea pred\Dataset 3\Eye Disease Image Dataset\Original Dataset\Original Dataset\Glaucoma\Glaucoma388.jpg,1,Glaucoma
E:\eye diesea pred\Dataset 3\Eye Disease Image Dataset\Original Dataset\Original Dataset\Glaucoma\Glaucoma1295.jpg,1,Glaucoma
E:\eye diesea pred\Dataset 3\Eye Disease Image Dataset\Original Dataset\Original Dataset\Glaucoma\Glaucoma234.jpg,1,Glaucoma
E:\eye diesea pred\Dataset 3\Eye Disease Image Dataset\Original Dataset\Original Dataset\Glaucoma\Glaucoma813.jpg,1,Glaucoma
E:\eye diesea pred\Dataset 3\Eye Disease Image Dataset\Original Dataset\Original Dataset\Glaucoma\Glaucoma184.jpg,1,Glaucoma
E:\eye diesea pred\Dataset 3\Eye Disease Image Dataset\Original Dataset\Original Dataset\Glaucoma\Glaucoma289.jpg,1,Glaucoma
E:\eye diesea pred\Dataset 3\Eye Disease Image Dataset\Original Dataset\Original Dataset\Glaucoma\Glaucoma728.jpg,1,Glaucoma
E:\eye diesea pred\Dataset 3\Eye Disease Image Dataset\Original Dataset\Original Dataset\Glaucoma\Glaucoma1161.jpg,1,Glaucoma
E:\eye diesea pred\Dataset 3\Eye Disease Image Dataset\Original Dataset\Original Dataset\Glaucoma\Glaucoma574.jpg,1,Glaucoma
E:\eye diesea pred\Dataset 3\Eye Disease Image Dataset\Original Dataset\Original Dataset\Glaucoma\Glaucoma581.jpg,1,Glaucoma
E:\eye diesea pred\Dataset 3\Eye Disease Image Dataset\Original Dataset\Original Dataset\Glaucoma\Glaucoma1243.jpg,1,Glaucoma
E:\eye diesea pred\Dataset 3\Eye Disease Image Dataset\Original Dataset\Original Dataset\Glaucoma\Glaucoma892.jpg,1,Glaucoma
E:\eye diesea pred\Dataset 3\Eye Disease Image Dataset\Original Dataset\Original Dataset\Glaucoma\Glaucoma866.jpg,1,Glaucoma
E:\eye diesea pred\Dataset 3\Eye Disease Image Dataset\Original Dataset\Original Dataset\Glaucoma\Glaucoma722.jpg,1,Glaucoma
E:\eye diesea pred\Dataset 3\Eye Disease Image Dataset\Original Dataset\Original Dataset\Glaucoma\Glaucoma1171.jpg,1,Glaucoma
E:\eye diesea pred\Dataset 3\Eye Disease Image Dataset\Original Dataset\Original Dataset\Glaucoma\Glaucoma1240.jpg,1,Glaucoma
E:\eye diesea pred\Dataset 3\Eye Disease Image Dataset\Original Dataset\Original Dataset\Glaucoma\Glaucoma676.jpg,1,Glaucoma
E:\eye diesea pred\Dataset 3\Eye Disease Image Dataset\Original Dataset\Original Dataset\Glaucoma\Glaucoma66.jpg,1,Glaucoma
E:\eye diesea pred\Dataset 3\Eye Disease Image Dataset\Original Dataset\Original Dataset\Glaucoma\Glaucoma427.jpg,1,Glaucoma
E:\eye diesea pred\Dataset 3\Eye Disease Image Dataset\Original Dataset\Original Dataset\Glaucoma\Glaucoma1257.jpg,1,Glaucoma
E:\eye diesea pred\Dataset 3\Eye Disease Image Dataset\Original Dataset\Original Dataset\Glaucoma\Glaucoma621.jpg,1,Glaucoma
E:\eye diesea pred\Dataset 3\Eye Disease Image Dataset\Original Dataset\Original Dataset\Glaucoma\Glaucoma1237.jpg,1,Glaucoma
E:\eye diesea pred\Dataset 3\Eye Disease Image Dataset\Original Dataset\Original Dataset\Glaucoma\Glaucoma1061.jpg,1,Glaucoma
E:\eye diesea pred\Dataset 3\Eye Disease Image Dataset\Original Dataset\Original Dataset\Glaucoma\Glaucoma731.jpg,1,Glaucoma
E:\eye diesea pred\Dataset 3\Eye Disease Image Dataset\Original Dataset\Original Dataset\Glaucoma\Glaucoma663.jpg,1,Glaucoma
E:\eye diesea pred\Dataset 3\Eye Disease Image Dataset\Original Dataset\Original Dataset\Glaucoma\Glaucoma521.jpg,1,Glaucoma
E:\eye diesea pred\Dataset 3\Eye Disease Image Dataset\Original Dataset\Original Dataset\Glaucoma\Glaucoma561.jpg,1,Glaucoma
E:\eye diesea pred\Dataset 3\Eye Disease Image Dataset\Original Dataset\Original Dataset\Glaucoma\Glaucoma669.jpg,1,Glaucoma
E:\eye diesea pred\Dataset 3\Eye Disease Image Dataset\Original Dataset\Original Dataset\Glaucoma\Glaucoma186.jpg,1,Glaucoma
E:\eye diesea pred\Dataset 3\Eye Disease Image Dataset\Original Dataset\Original Dataset\Glaucoma\Glaucoma641.jpg,1,Glaucoma
E:\eye diesea pred\Dataset 3\Eye Disease Image Dataset\Original Dataset\Original Dataset\Glaucoma\Glaucoma908.jpg,1,Glaucoma
E:\eye diesea pred\Dataset 3\Eye Disease Image Dataset\Original Dataset\Original Dataset\Glaucoma\Glaucoma551.jpg,1,Glaucoma
E:\eye diesea pred\Dataset 3\Eye Disease Image Dataset\Original Dataset\Original Dataset\Glaucoma\Glaucoma440.jpg,1,Glaucoma
E:\eye diesea pred\Dataset 3\Eye Disease Image Dataset\Original Dataset\Original Dataset\Glaucoma\Glaucoma396.jpg,1,Glaucoma
E:\eye diesea pred\Dataset 3\Eye Disease Image Dataset\Original Dataset\Original Dataset\Glaucoma\Glaucoma733.jpg,1,Glaucoma
E:\eye diesea pred\Dataset 3\Eye Disease Image Dataset\Original Dataset\Original Dataset\Glaucoma\Glaucoma1092.jpg,1,Glaucoma
E:\eye diesea pred\Dataset 3\Eye Disease Image Dataset\Original Dataset\Original Dataset\Glaucoma\Glaucoma685.jpg,1,Glaucoma
E:\eye diesea pred\Dataset 3\Eye Disease Image Dataset\Original Dataset\Original Dataset\Glaucoma\Glaucoma819.jpg,1,Glaucoma
E:\eye diesea pred\Dataset 3\Eye Disease Image Dataset\Original Dataset\Original Dataset\Glaucoma\Glaucoma765.jpg,1,Glaucoma
E:\eye diesea pred\Dataset 3\Eye Disease Image Dataset\Original Dataset\Original Dataset\Glaucoma\Glaucoma1191.jpg,1,Glaucoma
E:\eye diesea pred\Dataset 3\Eye Disease Image Dataset\Original Dataset\Original Dataset\Glaucoma\Glaucoma1142.jpg,1,Glaucoma
E:\eye diesea pred\Dataset 3\Eye Disease Image Dataset\Original Dataset\Original Dataset\Glaucoma\Glaucoma1200.jpg,1,Glaucoma
E:\eye diesea pred\Dataset 3\Eye Disease Image Dataset\Original Dataset\Original Dataset\Glaucoma\Glaucoma1006.jpg,1,Glaucoma
E:\eye diesea pred\Dataset 3\Eye Disease Image Dataset\Original Dataset\Original Dataset\Glaucoma\Glaucoma1086.jpg,1,Glaucoma
E:\eye diesea pred\Dataset 3\Eye Disease Image Dataset\Original Dataset\Original Dataset\Glaucoma\Glaucoma803.jpg,1,Glaucoma
E:\eye diesea pred\Dataset 3\Eye Disease Image Dataset\Original Dataset\Original Dataset\Glaucoma\Glaucoma1320.jpg,1,Glaucoma
E:\eye diesea pred\Dataset 3\Eye Disease Image Dataset\Original Dataset\Original Dataset\Glaucoma\Glaucoma248.jpg,1,Glaucoma
E:\eye diesea pred\Dataset 3\Eye Disease Image Dataset\Original Dataset\Original Dataset\Glaucoma\Glaucoma969.jpg,1,Glaucoma
E:\eye diesea pred\Dataset 3\Eye Disease Image Dataset\Original Dataset\Original Dataset\Glaucoma\Glaucoma704.jpg,1,Glaucoma
E:\eye diesea pred\Dataset 3\Eye Disease Image Dataset\Original Dataset\Original Dataset\Glaucoma\Glaucoma845.jpg,1,Glaucoma
E:\eye diesea pred\Dataset 3\Eye Disease Image Dataset\Original Dataset\Original Dataset\Glaucoma\Glaucoma35.jpg,1,Glaucoma
E:\eye diesea pred\Dataset 3\Eye Disease Image Dataset\Original Dataset\Original Dataset\Glaucoma\Glaucoma426.jpg,1,Glaucoma
E:\eye diesea pred\Dataset 3\Eye Disease Image Dataset\Original Dataset\Original Dataset\Glaucoma\Glaucoma688.jpg,1,Glaucoma
E:\eye diesea pred\Dataset 3\Eye Disease Image Dataset\Original Dataset\Original Dataset\Glaucoma\Glaucoma322.jpg,1,Glaucoma
E:\eye diesea pred\Dataset 3\Eye Disease Image Dataset\Original Dataset\Original Dataset\Glaucoma\Glaucoma171.jpg,1,Glaucoma
E:\eye diesea pred\Dataset 3\Eye Disease Image Dataset\Original Dataset\Original Dataset\Glaucoma\Glaucoma480.jpg,1,Glaucoma
E:\eye diesea pred\Dataset 3\Eye Disease Image Dataset\Original Dataset\Original Dataset\Glaucoma\Glaucoma829.jpg,1,Glaucoma
E:\eye diesea pred\Dataset 3\Eye Disease Image Dataset\Original Dataset\Original Dataset\Glaucoma\Glaucoma439.jpg,1,Glaucoma
E:\eye diesea pred\Dataset 3\Eye Disease Image Dataset\Original Dataset\Original Dataset\Glaucoma\Glaucoma948.jpg,1,Glaucoma
E:\eye diesea pred\Dataset 3\Eye Disease Image Dataset\Original Dataset\Original Dataset\Glaucoma\Glaucoma96.jpg,1,Glaucoma
E:\eye diesea pred\Dataset 3\Eye Disease Image Dataset\Original Dataset\Original Dataset\Glaucoma\Glaucoma648.jpg,1,Glaucoma
E:\eye diesea pred\Dataset 3\Eye Disease Image Dataset\Original Dataset\Original Dataset\Glaucoma\Glaucoma226.jpg,1,Glaucoma
E:\eye diesea pred\Dataset 3\Eye Disease Image Dataset\Original Dataset\Original Dataset\Glaucoma\Glaucoma293.jpg,1,Glaucoma
E:\eye diesea pred\Dataset 3\Eye Disease Image Dataset\Original Dataset\Original Dataset\Glaucoma\Glaucoma881.jpg,1,Glaucoma
E:\eye diesea pred\Dataset 3\Eye Disease Image Dataset\Original Dataset\Original Dataset\Glaucoma\Glaucoma523.jpg,1,Glaucoma
E:\eye diesea pred\Dataset 3\Eye Disease Image Dataset\Original Dataset\Original Dataset\Glaucoma\Glaucoma27.jpg,1,Glaucoma
E:\eye diesea pred\Dataset 3\Eye Disease Image Dataset\Original Dataset\Original Dataset\Glaucoma\Glaucoma1022.jpg,1,Glaucoma
E:\eye diesea pred\Dataset 3\Eye Disease Image Dataset\Original Dataset\Original Dataset\Glaucoma\Glaucoma893.jpg,1,Glaucoma
E:\eye diesea pred\Dataset 3\Eye Disease Image Dataset\Original Dataset\Original Dataset\Glaucoma\Glaucoma369.jpg,1,Glaucoma
E:\eye diesea pred\Dataset 3\Eye Disease Image Dataset\Original Dataset\Original Dataset\Glaucoma\Glaucoma947.jpg,1,Glaucoma
E:\eye diesea pred\Dataset 3\Eye Disease Image Dataset\Original Dataset\Original Dataset\Glaucoma\Glaucoma984.jpg,1,Glaucoma
E:\eye diesea pred\Dataset 3\Eye Disease Image Dataset\Original Dataset\Original Dataset\Glaucoma\Glaucoma436.jpg,1,Glaucoma
E:\eye diesea pred\Dataset 3\Eye Disease Image Dataset\Original Dataset\Original Dataset\Glaucoma\Glaucoma1013.jpg,1,Glaucoma
E:\eye diesea pred\Dataset 3\Eye Disease Image Dataset\Original Dataset\Original Dataset\Glaucoma\Glaucoma754.jpg,1,Glaucoma
E:\eye diesea pred\Dataset 3\Eye Disease Image Dataset\Original Dataset\Original Dataset\Glaucoma\Glaucoma416.jpg,1,Glaucoma
E:\eye diesea pred\Dataset 3\Eye Disease Image Dataset\Original Dataset\Original Dataset\Glaucoma\Glaucoma235.jpg,1,Glaucoma
E:\eye diesea pred\Dataset 3\Eye Disease Image Dataset\Original Dataset\Original Dataset\Glaucoma\Glaucoma977.jpg,1,Glaucoma
E:\eye diesea pred\Dataset 3\Eye Disease Image Dataset\Original Dataset\Original Dataset\Glaucoma\Glaucoma640.jpg,1,Glaucoma
E:\eye diesea pred\Dataset 3\Eye Disease Image Dataset\Original Dataset\Original Dataset\Glaucoma\Glaucoma873.jpg,1,Glaucoma
E:\eye diesea pred\Dataset 3\Eye Disease Image Dataset\Original Dataset\Original Dataset\Glaucoma\Glaucoma1274.jpg,1,Glaucoma
E:\eye diesea pred\Dataset 3\Eye Disease Image Dataset\Original Dataset\Original Dataset\Glaucoma\Glaucoma424.jpg,1,Glaucoma
E:\eye diesea pred\Dataset 3\Eye Disease Image Dataset\Original Dataset\Original Dataset\Glaucoma\Glaucoma794.jpg,1,Glaucoma
E:\eye diesea pred\Dataset 3\Eye Disease Image Dataset\Original Dataset\Original Dataset\Glaucoma\Glaucoma552.jpg,1,Glaucoma
E:\eye diesea pred\Dataset 3\Eye Disease Image Dataset\Original Dataset\Original Dataset\Glaucoma\Glaucoma411.jpg,1,Glaucoma
E:\eye diesea pred\Dataset 3\Eye Disease Image Dataset\Original Dataset\Original Dataset\Glaucoma\Glaucoma1127.jpg,1,Glaucoma
E:\eye diesea pred\Dataset 3\Eye Disease Image Dataset\Original Dataset\Original Dataset\Glaucoma\Glaucoma62.jpg,1,Glaucoma
E:\eye diesea pred\Dataset 3\Eye Disease Image Dataset\Original Dataset\Original Dataset\Glaucoma\Glaucoma1135.jpg,1,Glaucoma
E:\eye diesea pred\Dataset 3\Eye Disease Image Dataset\Original Dataset\Original Dataset\Glaucoma\Glaucoma204.jpg,1,Glaucoma
E:\eye diesea pred\Dataset 3\Eye Disease Image Dataset\Original Dataset\Original Dataset\Glaucoma\Glaucoma795.jpg,1,Glaucoma
E:\eye diesea pred\Dataset 3\Eye Disease Image Dataset\Original Dataset\Original Dataset\Glaucoma\Glaucoma220.jpg,1,Glaucoma
E:\eye diesea pred\Dataset 3\Eye Disease Image Dataset\Original Dataset\Original Dataset\Glaucoma\Glaucoma1305.jpg,1,Glaucoma
E:\eye diesea pred\Dataset 3\Eye Disease Image Dataset\Original Dataset\Original Dataset\Glaucoma\Glaucoma83.jpg,1,Glaucoma
E:\eye diesea pred\Dataset 3\Eye Disease Image Dataset\Original Dataset\Original Dataset\Glaucoma\Glaucoma1033.jpg,1,Glaucoma
E:\eye diesea pred\Dataset 3\Eye Disease Image Dataset\Original Dataset\Original Dataset\Glaucoma\Glaucoma450.jpg,1,Glaucoma
E:\eye diesea pred\Dataset 3\Eye Disease Image Dataset\Original Dataset\Original Dataset\Glaucoma\Glaucoma1035.jpg,1,Glaucoma
E:\eye diesea pred\Dataset 3\Eye Disease Image Dataset\Original Dataset\Original Dataset\Glaucoma\Glaucoma737.jpg,1,Glaucoma
E:\eye diesea pred\Dataset 3\Eye Disease Image Dataset\Original Dataset\Original Dataset\Glaucoma\Glaucoma154.jpg,1,Glaucoma
E:\eye diesea pred\Dataset 3\Eye Disease Image Dataset\Original Dataset\Original Dataset\Glaucoma\Glaucoma253.jpg,1,Glaucoma
E:\eye diesea pred\Dataset 3\Eye Disease Image Dataset\Original Dataset\Original Dataset\Glaucoma\Glaucoma1181.jpg,1,Glaucoma
E:\eye diesea pred\Dataset 3\Eye Disease Image Dataset\Original Dataset\Original Dataset\Glaucoma\Glaucoma476.jpg,1,Glaucoma
E:\eye diesea pred\Dataset 3\Eye Disease Image Dataset\Original Dataset\Original Dataset\Glaucoma\Glaucoma296.jpg,1,Glaucoma
E:\eye diesea pred\Dataset 3\Eye Disease Image Dataset\Original Dataset\Original Dataset\Glaucoma\Glaucoma942.jpg,1,Glaucoma
E:\eye diesea pred\Dataset 3\Eye Disease Image Dataset\Original Dataset\Original Dataset\Glaucoma\Glaucoma888.jpg,1,Glaucoma
E:\eye diesea pred\Dataset 3\Eye Disease Image Dataset\Original Dataset\Original Dataset\Glaucoma\Glaucoma147.jpg,1,Glaucoma
E:\eye diesea pred\Dataset 3\Eye Disease Image Dataset\Original Dataset\Original Dataset\Glaucoma\Glaucoma331.jpg,1,Glaucoma
E:\eye diesea pred\Dataset 3\Eye Disease Image Dataset\Original Dataset\Original Dataset\Glaucoma\Glaucoma414.jpg,1,Glaucoma
E:\eye diesea pred\Dataset 3\Eye Disease Image Dataset\Original Dataset\Original Dataset\Glaucoma\Glaucoma1107.jpg,1,Glaucoma
E:\eye diesea pred\Dataset 3\Eye Disease Image Dataset\Original Dataset\Original Dataset\Glaucoma\Glaucoma1256.jpg,1,Glaucoma
E:\eye diesea pred\Dataset 3\Eye Disease Image Dataset\Original Dataset\Original Dataset\Glaucoma\Glaucoma2.jpg,1,Glaucoma
E:\eye diesea pred\Dataset 3\Eye Disease Image Dataset\Original Dataset\Original Dataset\Glaucoma\Glaucoma797.jpg,1,Glaucoma
E:\eye diesea pred\Dataset 3\Eye Disease Image Dataset\Original Dataset\Original Dataset\Glaucoma\Glaucoma567.jpg,1,Glaucoma
E:\eye diesea pred\Dataset 3\Eye Disease Image Dataset\Original Dataset\Original Dataset\Glaucoma\Glaucoma537.jpg,1,Glaucoma
E:\eye diesea pred\Dataset 3\Eye Disease Image Dataset\Original Dataset\Original Dataset\Glaucoma\Glaucoma774.jpg,1,Glaucoma
E:\eye diesea pred\Dataset 3\Eye Disease Image Dataset\Original Dataset\Original Dataset\Glaucoma\Glaucoma980.jpg,1,Glaucoma
E:\eye diesea pred\Dataset 3\Eye Disease Image Dataset\Original Dataset\Original Dataset\Glaucoma\Glaucoma1178.jpg,1,Glaucoma
E:\eye diesea pred\Dataset 3\Eye Disease Image Dataset\Original Dataset\Original Dataset\Glaucoma\Glaucoma1045.jpg,1,Glaucoma
E:\eye diesea pred\Dataset 3\Eye Disease Image Dataset\Original Dataset\Original Dataset\Glaucoma\Glaucoma153.jpg,1,Glaucoma
E:\eye diesea pred\Dataset 3\Eye Disease Image Dataset\Original Dataset\Original Dataset\Glaucoma\Glaucoma528.jpg,1,Glaucoma
E:\eye diesea pred\Dataset 3\Eye Disease Image Dataset\Original Dataset\Original Dataset\Glaucoma\Glaucoma987.jpg,1,Glaucoma
E:\eye diesea pred\Dataset 3\Eye Disease Image Dataset\Original Dataset\Original Dataset\Glaucoma\Glaucoma155.jpg,1,Glaucoma
E:\eye diesea pred\Dataset 3\Eye Disease Image Dataset\Original Dataset\Original Dataset\Glaucoma\Glaucoma1335.jpg,1,Glaucoma
E:\eye diesea pred\Dataset 3\Eye Disease Image Dataset\Original Dataset\Original Dataset\Glaucoma\Glaucoma1241.jpg,1,Glaucoma
E:\eye diesea pred\Dataset 3\Eye Disease Image Dataset\Original Dataset\Original Dataset\Glaucoma\Glaucoma1121.jpg,1,Glaucoma
E:\eye diesea pred\Dataset 3\Eye Disease Image Dataset\Original Dataset\Original Dataset\Glaucoma\Glaucoma937.jpg,1,Glaucoma
E:\eye diesea pred\Dataset 3\Eye Disease Image Dataset\Original Dataset\Original Dataset\Glaucoma\Glaucoma1098.jpg,1,Glaucoma
E:\eye diesea pred\Dataset 3\Eye Disease Image Dataset\Original Dataset\Original Dataset\Glaucoma\Glaucoma1005.jpg,1,Glaucoma
E:\eye diesea pred\Dataset 3\Eye Disease Image Dataset\Original Dataset\Original Dataset\Glaucoma\Glaucoma279.jpg,1,Glaucoma
E:\eye diesea pred\Dataset 3\Eye Disease Image Dataset\Original Dataset\Original Dataset\Glaucoma\Glaucoma472.jpg,1,Glaucoma
E:\eye diesea pred\Dataset 3\Eye Disease Image Dataset\Original Dataset\Original Dataset\Glaucoma\Glaucoma636.jpg,1,Glaucoma
E:\eye diesea pred\Dataset 3\Eye Disease Image Dataset\Original Dataset\Original Dataset\Glaucoma\Glaucoma24.jpg,1,Glaucoma
E:\eye diesea pred\Dataset 3\Eye Disease Image Dataset\Original Dataset\Original Dataset\Glaucoma\Glaucoma1258.jpg,1,Glaucoma
E:\eye diesea pred\Dataset 3\Eye Disease Image Dataset\Original Dataset\Original Dataset\Glaucoma\Glaucoma330.jpg,1,Glaucoma
E:\eye diesea pred\Dataset 3\Eye Disease Image Dataset\Original Dataset\Original Dataset\Glaucoma\Glaucoma1042.jpg,1,Glaucoma
E:\eye diesea pred\Dataset 3\Eye Disease Image Dataset\Original Dataset\Original Dataset\Glaucoma\Glaucoma601.jpg,1,Glaucoma
E:\eye diesea pred\Dataset 3\Eye Disease Image Dataset\Original Dataset\Original Dataset\Glaucoma\Glaucoma690.jpg,1,Glaucoma
E:\eye diesea pred\Dataset 3\Eye Disease Image Dataset\Original Dataset\Original Dataset\Glaucoma\Glaucoma625.jpg,1,Glaucoma
E:\eye diesea pred\Dataset 3\Eye Disease Image Dataset\Original Dataset\Original Dataset\Glaucoma\Glaucoma598.jpg,1,Glaucoma
E:\eye diesea pred\Dataset 3\Eye Disease Image Dataset\Original Dataset\Original Dataset\Glaucoma\Glaucoma25.jpg,1,Glaucoma
E:\eye diesea pred\Dataset 3\Eye Disease Image Dataset\Original Dataset\Original Dataset\Glaucoma\Glaucoma146.jpg,1,Glaucoma
E:\eye diesea pred\Dataset 3\Eye Disease Image Dataset\Original Dataset\Original Dataset\Glaucoma\Glaucoma1081.jpg,1,Glaucoma
E:\eye diesea pred\Dataset 3\Eye Disease Image Dataset\Original Dataset\Original Dataset\Glaucoma\Glaucoma1019.jpg,1,Glaucoma
E:\eye diesea pred\Dataset 3\Eye Disease Image Dataset\Original Dataset\Original Dataset\Glaucoma\Glaucoma603.jpg,1,Glaucoma
E:\eye diesea pred\Dataset 3\Eye Disease Image Dataset\Original Dataset\Original Dataset\Glaucoma\Glaucoma761.jpg,1,Glaucoma
E:\eye diesea pred\Dataset 3\Eye Disease Image Dataset\Original Dataset\Original Dataset\Glaucoma\Glaucoma320.jpg,1,Glaucoma
E:\eye diesea pred\Dataset 3\Eye Disease Image Dataset\Original Dataset\Original Dataset\Glaucoma\Glaucoma435.jpg,1,Glaucoma
E:\eye diesea pred\Dataset 3\Eye Disease Image Dataset\Original Dataset\Original Dataset\Glaucoma\Glaucoma507.jpg,1,Glaucoma
E:\eye diesea pred\Dataset 3\Eye Disease Image Dataset\Original Dataset\Original Dataset\Glaucoma\Glaucoma243.jpg,1,Glaucoma
E:\eye diesea pred\Dataset 3\Eye Disease Image Dataset\Original Dataset\Original Dataset\Glaucoma\Glaucoma326.jpg,1,Glaucoma
E:\eye diesea pred\Dataset 3\Eye Disease Image Dataset\Original Dataset\Original Dataset\Glaucoma\Glaucoma1173.jpg,1,Glaucoma
E:\eye diesea pred\Dataset 3\Eye Disease Image Dataset\Original Dataset\Original Dataset\Glaucoma\Glaucoma347.jpg,1,Glaucoma
E:\eye diesea pred\Dataset 3\Eye Disease Image Dataset\Original Dataset\Original Dataset\Glaucoma\Glaucoma316.jpg,1,Glaucoma
E:\eye diesea pred\Dataset 3\Eye Disease Image Dataset\Original Dataset\Original Dataset\Glaucoma\Glaucoma545.jpg,1,Glaucoma
E:\eye diesea pred\Dataset 3\Eye Disease Image Dataset\Original Dataset\Original Dataset\Glaucoma\Glaucoma518.jpg,1,Glaucoma
E:\eye diesea pred\Dataset 3\Eye Disease Image Dataset\Original Dataset\Original Dataset\Glaucoma\Glaucoma1227.jpg,1,Glaucoma
E:\eye diesea pred\Dataset 3\Eye Disease Image Dataset\Original Dataset\Original Dataset\Glaucoma\Glaucoma17.jpg,1,Glaucoma
E:\eye diesea pred\Dataset 3\Eye Disease Image Dataset\Original Dataset\Original Dataset\Glaucoma\Glaucoma773.jpg,1,Glaucoma
E:\eye diesea pred\Dataset 3\Eye Disease Image Dataset\Original Dataset\Original Dataset\Glaucoma\Glaucoma532.jpg,1,Glaucoma
E:\eye diesea pred\Dataset 3\Eye Disease Image Dataset\Original Dataset\Original Dataset\Glaucoma\Glaucoma1044.jpg,1,Glaucoma
E:\eye diesea pred\Dataset 3\Eye Disease Image Dataset\Original Dataset\Original Dataset\Glaucoma\Glaucoma1088.jpg,1,Glaucoma
E:\eye diesea pred\Dataset 3\Eye Disease Image Dataset\Original Dataset\Original Dataset\Glaucoma\Glaucoma1128.jpg,1,Glaucoma
E:\eye diesea pred\Dataset 3\Eye Disease Image Dataset\Original Dataset\Original Dataset\Glaucoma\Glaucoma1226.jpg,1,Glaucoma
E:\eye diesea pred\Dataset 3\Eye Disease Image Dataset\Original Dataset\Original Dataset\Glaucoma\Glaucoma419.jpg,1,Glaucoma
E:\eye diesea pred\Dataset 3\Eye Disease Image Dataset\Original Dataset\Original Dataset\Glaucoma\Glaucoma559.jpg,1,Glaucoma
E:\eye diesea pred\Dataset 3\Eye Disease Image Dataset\Original Dataset\Original Dataset\Glaucoma\Glaucoma734.jpg,1,Glaucoma
E:\eye diesea pred\Dataset 3\Eye Disease Image Dataset\Original Dataset\Original Dataset\Glaucoma\Glaucoma418.jpg,1,Glaucoma
E:\eye diesea pred\Dataset 3\Eye Disease Image Dataset\Original Dataset\Original Dataset\Glaucoma\Glaucoma660.jpg,1,Glaucoma
E:\eye diesea pred\Dataset 3\Eye Disease Image Dataset\Original Dataset\Original Dataset\Glaucoma\Glaucoma346.jpg,1,Glaucoma
E:\eye diesea pred\Dataset 3\Eye Disease Image Dataset\Original Dataset\Original Dataset\Glaucoma\Glaucoma1096.jpg,1,Glaucoma
E:\eye diesea pred\Dataset 3\Eye Disease Image Dataset\Original Dataset\Original Dataset\Glaucoma\Glaucoma48.jpg,1,Glaucoma
E:\eye diesea pred\Dataset 3\Eye Disease Image Dataset\Original Dataset\Original Dataset\Glaucoma\Glaucoma901.jpg,1,Glaucoma
E:\eye diesea pred\Dataset 3\Eye Disease Image Dataset\Original Dataset\Original Dataset\Glaucoma\Glaucoma805.jpg,1,Glaucoma
E:\eye diesea pred\Dataset 3\Eye Disease Image Dataset\Original Dataset\Original Dataset\Glaucoma\Glaucoma1118.jpg,1,Glaucoma
E:\eye diesea pred\Dataset 3\Eye Disease Image Dataset\Original Dataset\Original Dataset\Glaucoma\Glaucoma739.jpg,1,Glaucoma
E:\eye diesea pred\Dataset 3\Eye Disease Image Dataset\Original Dataset\Original Dataset\Glaucoma\Glaucoma626.jpg,1,Glaucoma
E:\eye diesea pred\Dataset 3\Eye Disease Image Dataset\Original Dataset\Original Dataset\Glaucoma\Glaucoma1292.jpg,1,Glaucoma
E:\eye diesea pred\Dataset 3\Eye Disease Image Dataset\Original Dataset\Original Dataset\Glaucoma\Glaucoma1287.jpg,1,Glaucoma
E:\eye diesea pred\Dataset 3\Eye Disease Image Dataset\Original Dataset\Original Dataset\Glaucoma\Glaucoma659.jpg,1,Glaucoma
E:\eye diesea pred\Dataset 3\Eye Disease Image Dataset\Original Dataset\Original Dataset\Glaucoma\Glaucoma343.jpg,1,Glaucoma
E:\eye diesea pred\Dataset 3\Eye Disease Image Dataset\Original Dataset\Original Dataset\Glaucoma\Glaucoma1311.jpg,1,Glaucoma
E:\eye diesea pred\Dataset 3\Eye Disease Image Dataset\Original Dataset\Original Dataset\Glaucoma\Glaucoma1186.jpg,1,Glaucoma
E:\eye diesea pred\Dataset 3\Eye Disease Image Dataset\Original Dataset\Original Dataset\Glaucoma\Glaucoma606.jpg,1,Glaucoma
E:\eye diesea pred\Dataset 3\Eye Disease Image Dataset\Original Dataset\Original Dataset\Glaucoma\Glaucoma23.jpg,1,Glaucoma
E:\eye diesea pred\Dataset 3\Eye Disease Image Dataset\Original Dataset\Original Dataset\Glaucoma\Glaucoma167.jpg,1,Glaucoma
E:\eye diesea pred\Dataset 3\Eye Disease Image Dataset\Original Dataset\Original Dataset\Glaucoma\Glaucoma568.jpg,1,Glaucoma
E:\eye diesea pred\Dataset 3\Eye Disease Image Dataset\Original Dataset\Original Dataset\Glaucoma\Glaucoma779.jpg,1,Glaucoma
E:\eye diesea pred\Dataset 3\Eye Disease Image Dataset\Original Dataset\Original Dataset\Glaucoma\Glaucoma1053.jpg,1,Glaucoma
E:\eye diesea pred\Dataset 3\Eye Disease Image Dataset\Original Dataset\Original Dataset\Glaucoma\Glaucoma1065.jpg,1,Glaucoma
E:\eye diesea pred\Dataset 3\Eye Disease Image Dataset\Original Dataset\Original Dataset\Glaucoma\Glaucoma201.jpg,1,Glaucoma
E:\eye diesea pred\Dataset 3\Eye Disease Image Dataset\Original Dataset\Original Dataset\Glaucoma\Glaucoma1272.jpg,1,Glaucoma
E:\eye diesea pred\Dataset 3\Eye Disease Image Dataset\Original Dataset\Original Dataset\Glaucoma\Glaucoma959.jpg,1,Glaucoma
E:\eye diesea pred\Dataset 3\Eye Disease Image Dataset\Original Dataset\Original Dataset\Glaucoma\Glaucoma1223.jpg,1,Glaucoma
E:\eye diesea pred\Dataset 3\Eye Disease Image Dataset\Original Dataset\Original Dataset\Glaucoma\Glaucoma229.jpg,1,Glaucoma
E:\eye diesea pred\Dataset 3\Eye Disease Image Dataset\Original Dataset\Original Dataset\Glaucoma\Glaucoma849.jpg,1,Glaucoma
E:\eye diesea pred\Dataset 3\Eye Disease Image Dataset\Original Dataset\Original Dataset\Glaucoma\Glaucoma1265.jpg,1,Glaucoma
E:\eye diesea pred\Dataset 3\Eye Disease Image Dataset\Original Dataset\Original Dataset\Glaucoma\Glaucoma609.jpg,1,Glaucoma
E:\eye diesea pred\Dataset 3\Eye Disease Image Dataset\Original Dataset\Original Dataset\Glaucoma\Glaucoma362.jpg,1,Glaucoma
E:\eye diesea pred\Dataset 3\Eye Disease Image Dataset\Original Dataset\Original Dataset\Glaucoma\Glaucoma562.jpg,1,Glaucoma
E:\eye diesea pred\Dataset 3\Eye Disease Image Dataset\Original Dataset\Original Dataset\Glaucoma\Glaucoma517.jpg,1,Glaucoma
E:\eye diesea pred\Dataset 3\Eye Disease Image Dataset\Original Dataset\Original Dataset\Glaucoma\Glaucoma778.jpg,1,Glaucoma
E:\eye diesea pred\Dataset 3\Eye Disease Image Dataset\Original Dataset\Original Dataset\Glaucoma\Glaucoma651.jpg,1,Glaucoma
E:\eye diesea pred\Dataset 3\Eye Disease Image Dataset\Original Dataset\Original Dataset\Glaucoma\Glaucoma310.jpg,1,Glaucoma
E:\eye diesea pred\Dataset 3\Eye Disease Image Dataset\Original Dataset\Original Dataset\Glaucoma\Glaucoma1192.jpg,1,Glaucoma
E:\eye diesea pred\Dataset 3\Eye Disease Image Dataset\Original Dataset\Original Dataset\Glaucoma\Glaucoma1242.jpg,1,Glaucoma
E:\eye diesea pred\Dataset 3\Eye Disease Image Dataset\Original Dataset\Original Dataset\Glaucoma\Glaucoma315.jpg,1,Glaucoma
E:\eye diesea pred\Dataset 3\Eye Disease Image Dataset\Original Dataset\Original Dataset\Glaucoma\Glaucoma104.jpg,1,Glaucoma
E:\eye diesea pred\Dataset 3\Eye Disease Image Dataset\Original Dataset\Original Dataset\Glaucoma\Glaucoma1073.jpg,1,Glaucoma
E:\eye diesea pred\Dataset 3\Eye Disease Image Dataset\Original Dataset\Original Dataset\Glaucoma\Glaucoma1024.jpg,1,Glaucoma
E:\eye diesea pred\Dataset 3\Eye Disease Image Dataset\Original Dataset\Original Dataset\Glaucoma\Glaucoma758.jpg,1,Glaucoma
E:\eye diesea pred\Dataset 3\Eye Disease Image Dataset\Original Dataset\Original Dataset\Glaucoma\Glaucoma743.jpg,1,Glaucoma
E:\eye diesea pred\Dataset 3\Eye Disease Image Dataset\Original Dataset\Original Dataset\Glaucoma\Glaucoma1309.jpg,1,Glaucoma
E:\eye diesea pred\Dataset 3\Eye Disease Image Dataset\Original Dataset\Original Dataset\Glaucoma\Glaucoma508.jpg,1,Glaucoma
E:\eye diesea pred\Dataset 3\Eye Disease Image Dataset\Original Dataset\Original Dataset\Glaucoma\Glaucoma36.jpg,1,Glaucoma
E:\eye diesea pred\Dataset 3\Eye Disease Image Dataset\Original Dataset\Original Dataset\Glaucoma\Glaucoma1156.jpg,1,Glaucoma
E:\eye diesea pred\Dataset 3\Eye Disease Image Dataset\Original Dataset\Original Dataset\Glaucoma\Glaucoma500.jpg,1,Glaucoma
E:\eye diesea pred\Dataset 3\Eye Disease Image Dataset\Original Dataset\Original Dataset\Glaucoma\Glaucoma319.jpg,1,Glaucoma
E:\eye diesea pred\Dataset 3\Eye Disease Image Dataset\Original Dataset\Original Dataset\Glaucoma\Glaucoma33.jpg,1,Glaucoma
E:\eye diesea pred\Dataset 3\Eye Disease Image Dataset\Original Dataset\Original Dataset\Glaucoma\Glaucoma817.jpg,1,Glaucoma
E:\eye diesea pred\Dataset 3\Eye Disease Image Dataset\Original Dataset\Original Dataset\Glaucoma\Glaucoma375.jpg,1,Glaucoma
E:\eye diesea pred\Dataset 3\Eye Disease Image Dataset\Original Dataset\Original Dataset\Glaucoma\Glaucoma408.jpg,1,Glaucoma
E:\eye diesea pred\Dataset 3\Eye Disease Image Dataset\Original Dataset\Original Dataset\Glaucoma\Glaucoma1084.jpg,1,Glaucoma
E:\eye diesea pred\Dataset 3\Eye Disease Image Dataset\Original Dataset\Original Dataset\Glaucoma\Glaucoma276.jpg,1,Glaucoma
E:\eye diesea pred\Dataset 3\Eye Disease Image Dataset\Original Dataset\Original Dataset\Glaucoma\Glaucoma891.jpg,1,Glaucoma
E:\eye diesea pred\Dataset 3\Eye Disease Image Dataset\Original Dataset\Original Dataset\Glaucoma\Glaucoma1278.jpg,1,Glaucoma
E:\eye diesea pred\Dataset 3\Eye Disease Image Dataset\Original Dataset\Original Dataset\Glaucoma\Glaucoma360.jpg,1,Glaucoma
E:\eye diesea pred\Dataset 3\Eye Disease Image Dataset\Original Dataset\Original Dataset\Glaucoma\Glaucoma422.jpg,1,Glaucoma
E:\eye diesea pred\Dataset 3\Eye Disease Image Dataset\Original Dataset\Original Dataset\Glaucoma\Glaucoma529.jpg,1,Glaucoma
E:\eye diesea pred\Dataset 3\Eye Disease Image Dataset\Original Dataset\Original Dataset\Glaucoma\Glaucoma775.jpg,1,Glaucoma
E:\eye diesea pred\Dataset 3\Eye Disease Image Dataset\Original Dataset\Original Dataset\Glaucoma\Glaucoma634.jpg,1,Glaucoma
E:\eye diesea pred\Dataset 3\Eye Disease Image Dataset\Original Dataset\Original Dataset\Glaucoma\Glaucoma118.jpg,1,Glaucoma
E:\eye diesea pred\Dataset 3\Eye Disease Image Dataset\Original Dataset\Original Dataset\Glaucoma\Glaucoma1229.jpg,1,Glaucoma
E:\eye diesea pred\Dataset 3\Eye Disease Image Dataset\Original Dataset\Original Dataset\Glaucoma\Glaucoma69.jpg,1,Glaucoma
E:\eye diesea pred\Dataset 3\Eye Disease Image Dataset\Original Dataset\Original Dataset\Glaucoma\Glaucoma965.jpg,1,Glaucoma
E:\eye diesea pred\Dataset 3\Eye Disease Image Dataset\Original Dataset\Original Dataset\Glaucoma\Glaucoma56.jpg,1,Glaucoma
E:\eye diesea pred\Dataset 3\Eye Disease Image Dataset\Original Dataset\Original Dataset\Glaucoma\Glaucoma1317.jpg,1,Glaucoma
E:\eye diesea pred\Dataset 3\Eye Disease Image Dataset\Original Dataset\Original Dataset\Glaucoma\Glaucoma1205.jpg,1,Glaucoma
E:\eye diesea pred\Dataset 3\Eye Disease Image Dataset\Original Dataset\Original Dataset\Glaucoma\Glaucoma1296.jpg,1,Glaucoma
E:\eye diesea pred\Dataset 3\Eye Disease Image Dataset\Original Dataset\Original Dataset\Glaucoma\Glaucoma1147.jpg,1,Glaucoma
E:\eye diesea pred\Dataset 3\Eye Disease Image Dataset\Original Dataset\Original Dataset\Glaucoma\Glaucoma115.jpg,1,Glaucoma
E:\eye diesea pred\Dataset 3\Eye Disease Image Dataset\Original Dataset\Original Dataset\Glaucoma\Glaucoma1279.jpg,1,Glaucoma
E:\eye diesea pred\Dataset 3\Eye Disease Image Dataset\Original Dataset\Original Dataset\Glaucoma\Glaucoma872.jpg,1,Glaucoma
E:\eye diesea pred\Dataset 3\Eye Disease Image Dataset\Original Dataset\Original Dataset\Glaucoma\Glaucoma668.jpg,1,Glaucoma
E:\eye diesea pred\Dataset 3\Eye Disease Image Dataset\Original Dataset\Original Dataset\Glaucoma\Glaucoma573.jpg,1,Glaucoma
E:\eye diesea pred\Dataset 3\Eye Disease Image Dataset\Original Dataset\Original Dataset\Glaucoma\Glaucoma1049.jpg,1,Glaucoma
E:\eye diesea pred\Dataset 3\Eye Disease Image Dataset\Original Dataset\Original Dataset\Glaucoma\Glaucoma247.jpg,1,Glaucoma
E:\eye diesea pred\Dataset 3\Eye Disease Image Dataset\Original Dataset\Original Dataset\Glaucoma\Glaucoma183.jpg,1,Glaucoma
E:\eye diesea pred\Dataset 3\Eye Disease Image Dataset\Original Dataset\Original Dataset\Glaucoma\Glaucoma433.jpg,1,Glaucoma
E:\eye diesea pred\Dataset 3\Eye Disease Image Dataset\Original Dataset\Original Dataset\Glaucoma\Glaucoma753.jpg,1,Glaucoma
E:\eye diesea pred\Dataset 3\Eye Disease Image Dataset\Original Dataset\Original Dataset\Glaucoma\Glaucoma325.jpg,1,Glaucoma
E:\eye diesea pred\Dataset 3\Eye Disease Image Dataset\Original Dataset\Original Dataset\Glaucoma\Glaucoma374.jpg,1,Glaucoma
E:\eye diesea pred\Dataset 3\Eye Disease Image Dataset\Original Dataset\Original Dataset\Glaucoma\Glaucoma699.jpg,1,Glaucoma
E:\eye diesea pred\Dataset 3\Eye Disease Image Dataset\Original Dataset\Original Dataset\Glaucoma\Glaucoma1116.jpg,1,Glaucoma
E:\eye diesea pred\Dataset 3\Eye Disease Image Dataset\Original Dataset\Original Dataset\Glaucoma\Glaucoma1315.jpg,1,Glaucoma
E:\eye diesea pred\Dataset 3\Eye Disease Image Dataset\Original Dataset\Original Dataset\Glaucoma\Glaucoma260.jpg,1,Glaucoma
E:\eye diesea pred\Dataset 3\Eye Disease Image Dataset\Original Dataset\Original Dataset\Glaucoma\Glaucoma410.jpg,1,Glaucoma
E:\eye diesea pred\Dataset 3\Eye Disease Image Dataset\Original Dataset\Original Dataset\Glaucoma\Glaucoma213.jpg,1,Glaucoma
E:\eye diesea pred\Dataset 3\Eye Disease Image Dataset\Original Dataset\Original Dataset\Glaucoma\Glaucoma599.jpg,1,Glaucoma
E:\eye diesea pred\Dataset 3\Eye Disease Image Dataset\Original Dataset\Original Dataset\Glaucoma\Glaucoma807.jpg,1,Glaucoma
E:\eye diesea pred\Dataset 3\Eye Disease Image Dataset\Original Dataset\Original Dataset\Glaucoma\Glaucoma376.jpg,1,Glaucoma
E:\eye diesea pred\Dataset 3\Eye Disease Image Dataset\Original Dataset\Original Dataset\Glaucoma\Glaucoma1290.jpg,1,Glaucoma
E:\eye diesea pred\Dataset 3\Eye Disease Image Dataset\Original Dataset\Original Dataset\Glaucoma\Glaucoma1113.jpg,1,Glaucoma
E:\eye diesea pred\Dataset 3\Eye Disease Image Dataset\Original Dataset\Original Dataset\Glaucoma\Glaucoma467.jpg,1,Glaucoma
E:\eye diesea pred\Dataset 3\Eye Disease Image Dataset\Original Dataset\Original Dataset\Glaucoma\Glaucoma854.jpg,1,Glaucoma
E:\eye diesea pred\Dataset 3\Eye Disease Image Dataset\Original Dataset\Original Dataset\Glaucoma\Glaucoma161.jpg,1,Glaucoma
E:\eye diesea pred\Dataset 3\Eye Disease Image Dataset\Original Dataset\Original Dataset\Glaucoma\Glaucoma162.jpg,1,Glaucoma
E:\eye diesea pred\Dataset 3\Eye Disease Image Dataset\Original Dataset\Original Dataset\Glaucoma\Glaucoma644.jpg,1,Glaucoma
E:\eye diesea pred\Dataset 3\Eye Disease Image Dataset\Original Dataset\Original Dataset\Glaucoma\Glaucoma604.jpg,1,Glaucoma
E:\eye diesea pred\Dataset 3\Eye Disease Image Dataset\Original Dataset\Original Dataset\Glaucoma\Glaucoma490.jpg,1,Glaucoma
E:\eye diesea pred\Dataset 3\Eye Disease Image Dataset\Original Dataset\Original Dataset\Glaucoma\Glaucoma994.jpg,1,Glaucoma
E:\eye diesea pred\Dataset 3\Eye Disease Image Dataset\Original Dataset\Original Dataset\Glaucoma\Glaucoma1059.jpg,1,Glaucoma
E:\eye diesea pred\Dataset 3\Eye Disease Image Dataset\Original Dataset\Original Dataset\Glaucoma\Glaucoma1078.jpg,1,Glaucoma
E:\eye diesea pred\Dataset 3\Eye Disease Image Dataset\Original Dataset\Original Dataset\Glaucoma\Glaucoma630.jpg,1,Glaucoma
E:\eye diesea pred\Dataset 3\Eye Disease Image Dataset\Original Dataset\Original Dataset\Glaucoma\Glaucoma1117.jpg,1,Glaucoma
E:\eye diesea pred\Dataset 3\Eye Disease Image Dataset\Original Dataset\Original Dataset\Glaucoma\Glaucoma292.jpg,1,Glaucoma
E:\eye diesea pred\Dataset 3\Eye Disease Image Dataset\Original Dataset\Original Dataset\Glaucoma\Glaucoma214.jpg,1,Glaucoma
E:\eye diesea pred\Dataset 3\Eye Disease Image Dataset\Original Dataset\Original Dataset\Glaucoma\Glaucoma1338.jpg,1,Glaucoma
E:\eye diesea pred\Dataset 3\Eye Disease Image Dataset\Original Dataset\Original Dataset\Glaucoma\Glaucoma311.jpg,1,Glaucoma
E:\eye diesea pred\Dataset 3\Eye Disease Image Dataset\Original Dataset\Original Dataset\Glaucoma\Glaucoma855.jpg,1,Glaucoma
E:\eye diesea pred\Dataset 3\Eye Disease Image Dataset\Original Dataset\Original Dataset\Glaucoma\Glaucoma646.jpg,1,Glaucoma
E:\eye diesea pred\Dataset 3\Eye Disease Image Dataset\Original Dataset\Original Dataset\Glaucoma\Glaucoma91.jpg,1,Glaucoma
E:\eye diesea pred\Dataset 3\Eye Disease Image Dataset\Original Dataset\Original Dataset\Glaucoma\Glaucoma239.jpg,1,Glaucoma
E:\eye diesea pred\Dataset 3\Eye Disease Image Dataset\Original Dataset\Original Dataset\Glaucoma\Glaucoma1216.jpg,1,Glaucoma
E:\eye diesea pred\Dataset 3\Eye Disease Image Dataset\Original Dataset\Original Dataset\Glaucoma\Glaucoma70.jpg,1,Glaucoma
E:\eye diesea pred\Dataset 3\Eye Disease Image Dataset\Original Dataset\Original Dataset\Glaucoma\Glaucoma1183.jpg,1,Glaucoma
E:\eye diesea pred\Dataset 3\Eye Disease Image Dataset\Original Dataset\Original Dataset\Glaucoma\Glaucoma678.jpg,1,Glaucoma
E:\eye diesea pred\Dataset 3\Eye Disease Image Dataset\Original Dataset\Original Dataset\Glaucoma\Glaucoma1204.jpg,1,Glaucoma
E:\eye diesea pred\Dataset 3\Eye Disease Image Dataset\Original Dataset\Original Dataset\Glaucoma\Glaucoma252.jpg,1,Glaucoma
E:\eye diesea pred\Dataset 3\Eye Disease Image Dataset\Original Dataset\Original Dataset\Glaucoma\Glaucoma505.jpg,1,Glaucoma
E:\eye diesea pred\Dataset 3\Eye Disease Image Dataset\Original Dataset\Original Dataset\Glaucoma\Glaucoma1159.jpg,1,Glaucoma
E:\eye diesea pred\Dataset 3\Eye Disease Image Dataset\Original Dataset\Original Dataset\Glaucoma\Glaucoma372.jpg,1,Glaucoma
E:\eye diesea pred\Dataset 3\Eye Disease Image Dataset\Original Dataset\Original Dataset\Glaucoma\Glaucoma990.jpg,1,Glaucoma
E:\eye diesea pred\Dataset 3\Eye Disease Image Dataset\Original Dataset\Original Dataset\Glaucoma\Glaucoma458.jpg,1,Glaucoma
E:\eye diesea pred\Dataset 3\Eye Disease Image Dataset\Original Dataset\Original Dataset\Glaucoma\Glaucoma44.jpg,1,Glaucoma
E:\eye diesea pred\Dataset 3\Eye Disease Image Dataset\Original Dataset\Original Dataset\Glaucoma\Glaucoma879.jpg,1,Glaucoma
E:\eye diesea pred\Dataset 3\Eye Disease Image Dataset\Original Dataset\Original Dataset\Glaucoma\Glaucoma796.jpg,1,Glaucoma
E:\eye diesea pred\Dataset 3\Eye Disease Image Dataset\Original Dataset\Original Dataset\Glaucoma\Glaucoma1266.jpg,1,Glaucoma
E:\eye diesea pred\Dataset 3\Eye Disease Image Dataset\Original Dataset\Original Dataset\Glaucoma\Glaucoma284.jpg,1,Glaucoma
E:\eye diesea pred\Dataset 3\Eye Disease Image Dataset\Original Dataset\Original Dataset\Glaucoma\Glaucoma291.jpg,1,Glaucoma
E:\eye diesea pred\Dataset 3\Eye Disease Image Dataset\Original Dataset\Original Dataset\Glaucoma\Glaucoma1058.jpg,1,Glaucoma
E:\eye diesea pred\Dataset 3\Eye Disease Image Dataset\Original Dataset\Original Dataset\Glaucoma\Glaucoma438.jpg,1,Glaucoma
E:\eye diesea pred\Dataset 3\Eye Disease Image Dataset\Original Dataset\Original Dataset\Glaucoma\Glaucoma86.jpg,1,Glaucoma
E:\eye diesea pred\Dataset 3\Eye Disease Image Dataset\Original Dataset\Original Dataset\Glaucoma\Glaucoma4.jpg,1,Glaucoma
E:\eye diesea pred\Dataset 3\Eye Disease Image Dataset\Original Dataset\Original Dataset\Glaucoma\Glaucoma1293.jpg,1,Glaucoma
E:\eye diesea pred\Dataset 3\Eye Disease Image Dataset\Original Dataset\Original Dataset\Glaucoma\Glaucoma957.jpg,1,Glaucoma
E:\eye diesea pred\Dataset 3\Eye Disease Image Dataset\Original Dataset\Original Dataset\Glaucoma\Glaucoma757.jpg,1,Glaucoma
E:\eye diesea pred\Dataset 3\Eye Disease Image Dataset\Original Dataset\Original Dataset\Glaucoma\Glaucoma194.jpg,1,Glaucoma
E:\eye diesea pred\Dataset 3\Eye Disease Image Dataset\Original Dataset\Original Dataset\Glaucoma\Glaucoma441.jpg,1,Glaucoma
E:\eye diesea pred\Dataset 3\Eye Disease Image Dataset\Original Dataset\Original Dataset\Glaucoma\Glaucoma1157.jpg,1,Glaucoma
E:\eye diesea pred\Dataset 3\Eye Disease Image Dataset\Original Dataset\Original Dataset\Glaucoma\Glaucoma20.jpg,1,Glaucoma
E:\eye diesea pred\Dataset 3\Eye Disease Image Dataset\Original Dataset\Original Dataset\Glaucoma\Glaucoma1066.jpg,1,Glaucoma
E:\eye diesea pred\Dataset 3\Eye Disease Image Dataset\Original Dataset\Original Dataset\Glaucoma\Glaucoma943.jpg,1,Glaucoma
E:\eye diesea pred\Dataset 3\Eye Disease Image Dataset\Original Dataset\Original Dataset\Glaucoma\Glaucoma1110.jpg,1,Glaucoma
E:\eye diesea pred\Dataset 3\Eye Disease Image Dataset\Original Dataset\Original Dataset\Glaucoma\Glaucoma592.jpg,1,Glaucoma
E:\eye diesea pred\Dataset 3\Eye Disease Image Dataset\Original Dataset\Original Dataset\Glaucoma\Glaucoma236.jpg,1,Glaucoma
E:\eye diesea pred\Dataset 3\Eye Disease Image Dataset\Original Dataset\Original Dataset\Glaucoma\Glaucoma423.jpg,1,Glaucoma
E:\eye diesea pred\Dataset 3\Eye Disease Image Dataset\Original Dataset\Original Dataset\Glaucoma\Glaucoma58.jpg,1,Glaucoma
E:\eye diesea pred\Dataset 3\Eye Disease Image Dataset\Original Dataset\Original Dataset\Glaucoma\Glaucoma348.jpg,1,Glaucoma
E:\eye diesea pred\Dataset 3\Eye Disease Image Dataset\Original Dataset\Original Dataset\Glaucoma\Glaucoma1196.jpg,1,Glaucoma
E:\eye diesea pred\Dataset 3\Eye Disease Image Dataset\Original Dataset\Original Dataset\Glaucoma\Glaucoma929.jpg,1,Glaucoma
E:\eye diesea pred\Dataset 3\Eye Disease Image Dataset\Original Dataset\Original Dataset\Glaucoma\Glaucoma896.jpg,1,Glaucoma
E:\eye diesea pred\Dataset 3\Eye Disease Image Dataset\Original Dataset\Original Dataset\Glaucoma\Glaucoma1238.jpg,1,Glaucoma
E:\eye diesea pred\Dataset 3\Eye Disease Image Dataset\Original Dataset\Original Dataset\Glaucoma\Glaucoma763.jpg,1,Glaucoma
E:\eye diesea pred\Dataset 3\Eye Disease Image Dataset\Original Dataset\Original Dataset\Glaucoma\Glaucoma1106.jpg,1,Glaucoma
E:\eye diesea pred\Dataset 3\Eye Disease Image Dataset\Original Dataset\Original Dataset\Glaucoma\Glaucoma301.jpg,1,Glaucoma
E:\eye diesea pred\Dataset 3\Eye Disease Image Dataset\Original Dataset\Original Dataset\Glaucoma\Glaucoma633.jpg,1,Glaucoma
E:\eye diesea pred\Dataset 3\Eye Disease Image Dataset\Original Dataset\Original Dataset\Glaucoma\Glaucoma261.jpg,1,Glaucoma
E:\eye diesea pred\Dataset 3\Eye Disease Image Dataset\Original Dataset\Original Dataset\Glaucoma\Glaucoma667.jpg,1,Glaucoma
E:\eye diesea pred\Dataset 3\Eye Disease Image Dataset\Original Dataset\Original Dataset\Glaucoma\Glaucoma117.jpg,1,Glaucoma
E:\eye diesea pred\Dataset 3\Eye Disease Image Dataset\Original Dataset\Original Dataset\Glaucoma\Glaucoma746.jpg,1,Glaucoma
E:\eye diesea pred\Dataset 3\Eye Disease Image Dataset\Original Dataset\Original Dataset\Glaucoma\Glaucoma1021.jpg,1,Glaucoma
E:\eye diesea pred\Dataset 3\Eye Disease Image Dataset\Original Dataset\Original Dataset\Glaucoma\Glaucoma835.jpg,1,Glaucoma
E:\eye diesea pred\Dataset 3\Eye Disease Image Dataset\Original Dataset\Original Dataset\Glaucoma\Glaucoma732.jpg,1,Glaucoma
E:\eye diesea pred\Dataset 3\Eye Disease Image Dataset\Original Dataset\Original Dataset\Glaucoma\Glaucoma1255.jpg,1,Glaucoma
E:\eye diesea pred\Dataset 3\Eye Disease Image Dataset\Original Dataset\Original Dataset\Glaucoma\Glaucoma924.jpg,1,Glaucoma
E:\eye diesea pred\Dataset 3\Eye Disease Image Dataset\Original Dataset\Original Dataset\Glaucoma\Glaucoma1288.jpg,1,Glaucoma
E:\eye diesea pred\Dataset 3\Eye Disease Image Dataset\Original Dataset\Original Dataset\Glaucoma\Glaucoma882.jpg,1,Glaucoma
E:\eye diesea pred\Dataset 3\Eye Disease Image Dataset\Original Dataset\Original Dataset\Glaucoma\Glaucoma790.jpg,1,Glaucoma
E:\eye diesea pred\Dataset 3\Eye Disease Image Dataset\Original Dataset\Original Dataset\Glaucoma\Glaucoma272.jpg,1,Glaucoma
E:\eye diesea pred\Dataset 3\Eye Disease Image Dataset\Original Dataset\Original Dataset\Glaucoma\Glaucoma1124.jpg,1,Glaucoma
E:\eye diesea pred\Dataset 3\Eye Disease Image Dataset\Original Dataset\Original Dataset\Glaucoma\Glaucoma705.jpg,1,Glaucoma
E:\eye diesea pred\Dataset 3\Eye Disease Image Dataset\Original Dataset\Original Dataset\Glaucoma\Glaucoma978.jpg,1,Glaucoma
E:\eye diesea pred\Dataset 3\Eye Disease Image Dataset\Original Dataset\Original Dataset\Glaucoma\Glaucoma488.jpg,1,Glaucoma
E:\eye diesea pred\Dataset 3\Eye Disease Image Dataset\Original Dataset\Original Dataset\Glaucoma\Glaucoma536.jpg,1,Glaucoma
E:\eye diesea pred\Dataset 3\Eye Disease Image Dataset\Original Dataset\Original Dataset\Glaucoma\Glaucoma1340.jpg,1,Glaucoma
E:\eye diesea pred\Dataset 3\Eye Disease Image Dataset\Original Dataset\Original Dataset\Glaucoma\Glaucoma134.jpg,1,Glaucoma
E:\eye diesea pred\Dataset 3\Eye Disease Image Dataset\Original Dataset\Original Dataset\Glaucoma\Glaucoma199.jpg,1,Glaucoma
E:\eye diesea pred\Dataset 3\Eye Disease Image Dataset\Original Dataset\Original Dataset\Glaucoma\Glaucoma560.jpg,1,Glaucoma
E:\eye diesea pred\Dataset 3\Eye Disease Image Dataset\Original Dataset\Original Dataset\Glaucoma\Glaucoma832.jpg,1,Glaucoma
E:\eye diesea pred\Dataset 3\Eye Disease Image Dataset\Original Dataset\Original Dataset\Glaucoma\Glaucoma341.jpg,1,Glaucoma
E:\eye diesea pred\Dataset 3\Eye Disease Image Dataset\Original Dataset\Original Dataset\Glaucoma\Glaucoma1028.jpg,1,Glaucoma
E:\eye diesea pred\Dataset 3\Eye Disease Image Dataset\Original Dataset\Original Dataset\Glaucoma\Glaucoma931.jpg,1,Glaucoma
E:\eye diesea pred\Dataset 3\Eye Disease Image Dataset\Original Dataset\Original Dataset\Glaucoma\Glaucoma137.jpg,1,Glaucoma
E:\eye diesea pred\Dataset 3\Eye Disease Image Dataset\Original Dataset\Original Dataset\Glaucoma\Glaucoma76.jpg,1,Glaucoma
E:\eye diesea pred\Dataset 3\Eye Disease Image Dataset\Original Dataset\Original Dataset\Glaucoma\Glaucoma1336.jpg,1,Glaucoma
E:\eye diesea pred\Dataset 3\Eye Disease Image Dataset\Original Dataset\Original Dataset\Glaucoma\Glaucoma379.jpg,1,Glaucoma
E:\eye diesea pred\Dataset 3\Eye Disease Image Dataset\Original Dataset\Original Dataset\Glaucoma\Glaucoma608.jpg,1,Glaucoma
E:\eye diesea pred\Dataset 3\Eye Disease Image Dataset\Original Dataset\Original Dataset\Glaucoma\Glaucoma1215.jpg,1,Glaucoma
E:\eye diesea pred\Dataset 3\Eye Disease Image Dataset\Original Dataset\Original Dataset\Glaucoma\Glaucoma106.jpg,1,Glaucoma
E:\eye diesea pred\Dataset 3\Eye Disease Image Dataset\Original Dataset\Original Dataset\Glaucoma\Glaucoma1114.jpg,1,Glaucoma
E:\eye diesea pred\Dataset 3\Eye Disease Image Dataset\Original Dataset\Original Dataset\Glaucoma\Glaucoma103.jpg,1,Glaucoma
E:\eye diesea pred\Dataset 3\Eye Disease Image Dataset\Original Dataset\Original Dataset\Glaucoma\Glaucoma188.jpg,1,Glaucoma
E:\eye diesea pred\Dataset 3\Eye Disease Image Dataset\Original Dataset\Original Dataset\Glaucoma\Glaucoma504.jpg,1,Glaucoma
E:\eye diesea pred\Dataset 3\Eye Disease Image Dataset\Original Dataset\Original Dataset\Glaucoma\Glaucoma409.jpg,1,Glaucoma
E:\eye diesea pred\Dataset 3\Eye Disease Image Dataset\Original Dataset\Original Dataset\Glaucoma\Glaucoma344.jpg,1,Glaucoma
E:\eye diesea pred\Dataset 3\Eye Disease Image Dataset\Original Dataset\Original Dataset\Glaucoma\Glaucoma113.jpg,1,Glaucoma
E:\eye diesea pred\Dataset 3\Eye Disease Image Dataset\Original Dataset\Original Dataset\Glaucoma\Glaucoma1026.jpg,1,Glaucoma
E:\eye diesea pred\Dataset 3\Eye Disease Image Dataset\Original Dataset\Original Dataset\Glaucoma\Glaucoma1145.jpg,1,Glaucoma
E:\eye diesea pred\Dataset 3\Eye Disease Image Dataset\Original Dataset\Original Dataset\Glaucoma\Glaucoma876.jpg,1,Glaucoma
E:\eye diesea pred\Dataset 3\Eye Disease Image Dataset\Original Dataset\Original Dataset\Glaucoma\Glaucoma713.jpg,1,Glaucoma
E:\eye diesea pred\Dataset 3\Eye Disease Image Dataset\Original Dataset\Original Dataset\Glaucoma\Glaucoma257.jpg,1,Glaucoma
E:\eye diesea pred\Dataset 3\Eye Disease Image Dataset\Original Dataset\Original Dataset\Glaucoma\Glaucoma1333.jpg,1,Glaucoma
E:\eye diesea pred\Dataset 3\Eye Disease Image Dataset\Original Dataset\Original Dataset\Glaucoma\Glaucoma158.jpg,1,Glaucoma
E:\eye diesea pred\Dataset 3\Eye Disease Image Dataset\Original Dataset\Original Dataset\Glaucoma\Glaucoma741.jpg,1,Glaucoma
E:\eye diesea pred\Dataset 3\Eye Disease Image Dataset\Original Dataset\Original Dataset\Glaucoma\Glaucoma402.jpg,1,Glaucoma
E:\eye diesea pred\Dataset 3\Eye Disease Image Dataset\Original Dataset\Original Dataset\Glaucoma\Glaucoma1067.jpg,1,Glaucoma
E:\eye diesea pred\Dataset 3\Eye Disease Image Dataset\Original Dataset\Original Dataset\Glaucoma\Glaucoma1050.jpg,1,Glaucoma
E:\eye diesea pred\Dataset 3\Eye Disease Image Dataset\Original Dataset\Original Dataset\Glaucoma\Glaucoma593.jpg,1,Glaucoma
E:\eye diesea pred\Dataset 3\Eye Disease Image Dataset\Original Dataset\Original Dataset\Glaucoma\Glaucoma674.jpg,1,Glaucoma
E:\eye diesea pred\Dataset 3\Eye Disease Image Dataset\Original Dataset\Original Dataset\Glaucoma\Glaucoma707.jpg,1,Glaucoma
E:\eye diesea pred\Dataset 3\Eye Disease Image Dataset\Original Dataset\Original Dataset\Glaucoma\Glaucoma185.jpg,1,Glaucoma
E:\eye diesea pred\Dataset 3\Eye Disease Image Dataset\Original Dataset\Original Dataset\Glaucoma\Glaucoma655.jpg,1,Glaucoma
E:\eye diesea pred\Dataset 3\Eye Disease Image Dataset\Original Dataset\Original Dataset\Glaucoma\Glaucoma654.jpg,1,Glaucoma
E:\eye diesea pred\Dataset 3\Eye Disease Image Dataset\Original Dataset\Original Dataset\Glaucoma\Glaucoma740.jpg,1,Glaucoma
E:\eye diesea pred\Dataset 3\Eye Disease Image Dataset\Original Dataset\Original Dataset\Glaucoma\Glaucoma1037.jpg,1,Glaucoma
E:\eye diesea pred\Dataset 3\Eye Disease Image Dataset\Original Dataset\Original Dataset\Glaucoma\Glaucoma196.jpg,1,Glaucoma
E:\eye diesea pred\Dataset 3\Eye Disease Image Dataset\Original Dataset\Original Dataset\Glaucoma\Glaucoma911.jpg,1,Glaucoma
E:\eye diesea pred\Dataset 3\Eye Disease Image Dataset\Original Dataset\Original Dataset\Glaucoma\Glaucoma869.jpg,1,Glaucoma
E:\eye diesea pred\Dataset 3\Eye Disease Image Dataset\Original Dataset\Original Dataset\Glaucoma\Glaucoma934.jpg,1,Glaucoma
E:\eye diesea pred\Dataset 3\Eye Disease Image Dataset\Original Dataset\Original Dataset\Glaucoma\Glaucoma1151.jpg,1,Glaucoma
E:\eye diesea pred\Dataset 3\Eye Disease Image Dataset\Original Dataset\Original Dataset\Glaucoma\Glaucoma177.jpg,1,Glaucoma
E:\eye diesea pred\Dataset 3\Eye Disease Image Dataset\Original Dataset\Original Dataset\Glaucoma\Glaucoma445.jpg,1,Glaucoma
E:\eye diesea pred\Dataset 3\Eye Disease Image Dataset\Original Dataset\Original Dataset\Glaucoma\Glaucoma920.jpg,1,Glaucoma
E:\eye diesea pred\Dataset 3\Eye Disease Image Dataset\Original Dataset\Original Dataset\Glaucoma\Glaucoma195.jpg,1,Glaucoma
E:\eye diesea pred\Dataset 3\Eye Disease Image Dataset\Original Dataset\Original Dataset\Glaucoma\Glaucoma859.jpg,1,Glaucoma
E:\eye diesea pred\Dataset 3\Eye Disease Image Dataset\Original Dataset\Original Dataset\Glaucoma\Glaucoma865.jpg,1,Glaucoma
E:\eye diesea pred\Dataset 3\Eye Disease Image Dataset\Original Dataset\Original Dataset\Glaucoma\Glaucoma393.jpg,1,Glaucoma
E:\eye diesea pred\Dataset 3\Eye Disease Image Dataset\Original Dataset\Original Dataset\Glaucoma\Glaucoma130.jpg,1,Glaucoma
E:\eye diesea pred\Dataset 3\Eye Disease Image Dataset\Original Dataset\Original Dataset\Glaucoma\Glaucoma693.jpg,1,Glaucoma
E:\eye diesea pred\Dataset 3\Eye Disease Image Dataset\Original Dataset\Original Dataset\Glaucoma\Glaucoma1093.jpg,1,Glaucoma
E:\eye diesea pred\Dataset 3\Eye Disease Image Dataset\Original Dataset\Original Dataset\Glaucoma\Glaucoma73.jpg,1,Glaucoma
E:\eye diesea pred\Dataset 3\Eye Disease Image Dataset\Original Dataset\Original Dataset\Glaucoma\Glaucoma596.jpg,1,Glaucoma
E:\eye diesea pred\Dataset 3\Eye Disease Image Dataset\Original Dataset\Original Dataset\Glaucoma\Glaucoma936.jpg,1,Glaucoma
E:\eye diesea pred\Dataset 3\Eye Disease Image Dataset\Original Dataset\Original Dataset\Glaucoma\Glaucoma831.jpg,1,Glaucoma
E:\eye diesea pred\Dataset 3\Eye Disease Image Dataset\Original Dataset\Original Dataset\Glaucoma\Glaucoma542.jpg,1,Glaucoma
E:\eye diesea pred\Dataset 3\Eye Disease Image Dataset\Original Dataset\Original Dataset\Glaucoma\Glaucoma339.jpg,1,Glaucoma
E:\eye diesea pred\Dataset 3\Eye Disease Image Dataset\Original Dataset\Original Dataset\Glaucoma\Glaucoma960.jpg,1,Glaucoma
E:\eye diesea pred\Dataset 3\Eye Disease Image Dataset\Original Dataset\Original Dataset\Glaucoma\Glaucoma906.jpg,1,Glaucoma
E:\eye diesea pred\Dataset 3\Eye Disease Image Dataset\Original Dataset\Original Dataset\Glaucoma\Glaucoma175.jpg,1,Glaucoma
E:\eye diesea pred\Dataset 3\Eye Disease Image Dataset\Original Dataset\Original Dataset\Glaucoma\Glaucoma686.jpg,1,Glaucoma
E:\eye diesea pred\Dataset 3\Eye Disease Image Dataset\Original Dataset\Original Dataset\Glaucoma\Glaucoma827.jpg,1,Glaucoma
E:\eye diesea pred\Dataset 3\Eye Disease Image Dataset\Original Dataset\Original Dataset\Glaucoma\Glaucoma880.jpg,1,Glaucoma
E:\eye diesea pred\Dataset 3\Eye Disease Image Dataset\Original Dataset\Original Dataset\Glaucoma\Glaucoma1244.jpg,1,Glaucoma
E:\eye diesea pred\Dataset 3\Eye Disease Image Dataset\Original Dataset\Original Dataset\Glaucoma\Glaucoma262.jpg,1,Glaucoma
E:\eye diesea pred\Dataset 3\Eye Disease Image Dataset\Original Dataset\Original Dataset\Glaucoma\Glaucoma519.jpg,1,Glaucoma
E:\eye diesea pred\Dataset 3\Eye Disease Image Dataset\Original Dataset\Original Dataset\Glaucoma\Glaucoma571.jpg,1,Glaucoma
E:\eye diesea pred\Dataset 3\Eye Disease Image Dataset\Original Dataset\Original Dataset\Glaucoma\Glaucoma242.jpg,1,Glaucoma
E:\eye diesea pred\Dataset 3\Eye Disease Image Dataset\Original Dataset\Original Dataset\Glaucoma\Glaucoma421.jpg,1,Glaucoma
E:\eye diesea pred\Dataset 3\Eye Disease Image Dataset\Original Dataset\Original Dataset\Glaucoma\Glaucoma241.jpg,1,Glaucoma
E:\eye diesea pred\Dataset 3\Eye Disease Image Dataset\Original Dataset\Original Dataset\Glaucoma\Glaucoma687.jpg,1,Glaucoma
E:\eye diesea pred\Dataset 3\Eye Disease Image Dataset\Original Dataset\Original Dataset\Glaucoma\Glaucoma1310.jpg,1,Glaucoma
E:\eye diesea pred\Dataset 3\Eye Disease Image Dataset\Original Dataset\Original Dataset\Glaucoma\Glaucoma14.jpg,1,Glaucoma
E:\eye diesea pred\Dataset 3\Eye Disease Image Dataset\Original Dataset\Original Dataset\Glaucoma\Glaucoma19.jpg,1,Glaucoma
E:\eye diesea pred\Dataset 3\Eye Disease Image Dataset\Original Dataset\Original Dataset\Glaucoma\Glaucoma47.jpg,1,Glaucoma
E:\eye diesea pred\Dataset 3\Eye Disease Image Dataset\Original Dataset\Original Dataset\Glaucoma\Glaucoma152.jpg,1,Glaucoma
E:\eye diesea pred\Dataset 3\Eye Disease Image Dataset\Original Dataset\Original Dataset\Glaucoma\Glaucoma187.jpg,1,Glaucoma
E:\eye diesea pred\Dataset 3\Eye Disease Image Dataset\Original Dataset\Original Dataset\Glaucoma\Glaucoma1337.jpg,1,Glaucoma
E:\eye diesea pred\Dataset 3\Eye Disease Image Dataset\Original Dataset\Original Dataset\Glaucoma\Glaucoma520.jpg,1,Glaucoma
E:\eye diesea pred\Dataset 3\Eye Disease Image Dataset\Original Dataset\Original Dataset\Glaucoma\Glaucoma1112.jpg,1,Glaucoma
E:\eye diesea pred\Dataset 3\Eye Disease Image Dataset\Original Dataset\Original Dataset\Glaucoma\Glaucoma125.jpg,1,Glaucoma
E:\eye diesea pred\Dataset 3\Eye Disease Image Dataset\Original Dataset\Original Dataset\Glaucoma\Glaucoma759.jpg,1,Glaucoma
E:\eye diesea pred\Dataset 3\Eye Disease Image Dataset\Original Dataset\Original Dataset\Glaucoma\Glaucoma916.jpg,1,Glaucoma
E:\eye diesea pred\Dataset 3\Eye Disease Image Dataset\Original Dataset\Original Dataset\Glaucoma\Glaucoma677.jpg,1,Glaucoma
E:\eye diesea pred\Dataset 3\Eye Disease Image Dataset\Original Dataset\Original Dataset\Glaucoma\Glaucoma503.jpg,1,Glaucoma
E:\eye diesea pred\Dataset 3\Eye Disease Image Dataset\Original Dataset\Original Dataset\Glaucoma\Glaucoma629.jpg,1,Glaucoma
E:\eye diesea pred\Dataset 3\Eye Disease Image Dataset\Original Dataset\Original Dataset\Glaucoma\Glaucoma1261.jpg,1,Glaucoma
E:\eye diesea pred\Dataset 3\Eye Disease Image Dataset\Original Dataset\Original Dataset\Glaucoma\Glaucoma1174.jpg,1,Glaucoma
E:\eye diesea pred\Dataset 3\Eye Disease Image Dataset\Original Dataset\Original Dataset\Glaucoma\Glaucoma380.jpg,1,Glaucoma
E:\eye diesea pred\Dataset 3\Eye Disease Image Dataset\Original Dataset\Original Dataset\Glaucoma\Glaucoma87.jpg,1,Glaucoma
E:\eye diesea pred\Dataset 3\Eye Disease Image Dataset\Original Dataset\Original Dataset\Glaucoma\Glaucoma745.jpg,1,Glaucoma
E:\eye diesea pred\Dataset 3\Eye Disease Image Dataset\Original Dataset\Original Dataset\Glaucoma\Glaucoma90.jpg,1,Glaucoma
E:\eye diesea pred\Dataset 3\Eye Disease Image Dataset\Original Dataset\Original Dataset\Glaucoma\Glaucoma22.jpg,1,Glaucoma
E:\eye diesea pred\Dataset 3\Eye Disease Image Dataset\Original Dataset\Original Dataset\Glaucoma\Glaucoma285.jpg,1,Glaucoma
E:\eye diesea pred\Dataset 3\Eye Disease Image Dataset\Original Dataset\Original Dataset\Glaucoma\Glaucoma535.jpg,1,Glaucoma
E:\eye diesea pred\Dataset 3\Eye Disease Image Dataset\Original Dataset\Original Dataset\Glaucoma\Glaucoma150.jpg,1,Glaucoma
E:\eye diesea pred\Dataset 3\Eye Disease Image Dataset\Original Dataset\Original Dataset\Glaucoma\Glaucoma662.jpg,1,Glaucoma
E:\eye diesea pred\Dataset 3\Eye Disease Image Dataset\Original Dataset\Original Dataset\Glaucoma\Glaucoma770.jpg,1,Glaucoma
E:\eye diesea pred\Dataset 3\Eye Disease Image Dataset\Original Dataset\Original Dataset\Glaucoma\Glaucoma129.jpg,1,Glaucoma
E:\eye diesea pred\Dataset 3\Eye Disease Image Dataset\Original Dataset\Original Dataset\Glaucoma\Glaucoma890.jpg,1,Glaucoma
E:\eye diesea pred\Dataset 3\Eye Disease Image Dataset\Original Dataset\Original Dataset\Glaucoma\Glaucoma1182.jpg,1,Glaucoma
E:\eye diesea pred\Dataset 3\Eye Disease Image Dataset\Original Dataset\Original Dataset\Glaucoma\Glaucoma982.jpg,1,Glaucoma
E:\eye diesea pred\Dataset 3\Eye Disease Image Dataset\Original Dataset\Original Dataset\Glaucoma\Glaucoma744.jpg,1,Glaucoma
E:\eye diesea pred\Dataset 3\Eye Disease Image Dataset\Original Dataset\Original Dataset\Glaucoma\Glaucoma1184.jpg,1,Glaucoma
E:\eye diesea pred\Dataset 3\Eye Disease Image Dataset\Original Dataset\Original Dataset\Glaucoma\Glaucoma1269.jpg,1,Glaucoma
E:\eye diesea pred\Dataset 3\Eye Disease Image Dataset\Original Dataset\Original Dataset\Glaucoma\Glaucoma78.jpg,1,Glaucoma
E:\eye diesea pred\Dataset 3\Eye Disease Image Dataset\Original Dataset\Original Dataset\Glaucoma\Glaucoma671.jpg,1,Glaucoma
E:\eye diesea pred\Dataset 3\Eye Disease Image Dataset\Original Dataset\Original Dataset\Glaucoma\Glaucoma93.jpg,1,Glaucoma
E:\eye diesea pred\Dataset 3\Eye Disease Image Dataset\Original Dataset\Original Dataset\Glaucoma\Glaucoma444.jpg,1,Glaucoma
E:\eye diesea pred\Dataset 3\Eye Disease Image Dataset\Original Dataset\Original Dataset\Glaucoma\Glaucoma735.jpg,1,Glaucoma
E:\eye diesea pred\Dataset 3\Eye Disease Image Dataset\Original Dataset\Original Dataset\Glaucoma\Glaucoma1122.jpg,1,Glaucoma
E:\eye diesea pred\Dataset 3\Eye Disease Image Dataset\Original Dataset\Original Dataset\Glaucoma\Glaucoma531.jpg,1,Glaucoma
E:\eye diesea pred\Dataset 3\Eye Disease Image Dataset\Original Dataset\Original Dataset\Glaucoma\Glaucoma1166.jpg,1,Glaucoma
E:\eye diesea pred\Dataset 3\Eye Disease Image Dataset\Original Dataset\Original Dataset\Glaucoma\Glaucoma366.jpg,1,Glaucoma
E:\eye diesea pred\Dataset 3\Eye Disease Image Dataset\Original Dataset\Original Dataset\Glaucoma\Glaucoma225.jpg,1,Glaucoma
E:\eye diesea pred\Dataset 3\Eye Disease Image Dataset\Original Dataset\Original Dataset\Glaucoma\Glaucoma701.jpg,1,Glaucoma
E:\eye diesea pred\Dataset 3\Eye Disease Image Dataset\Original Dataset\Original Dataset\Glaucoma\Glaucoma211.jpg,1,Glaucoma
E:\eye diesea pred\Dataset 3\Eye Disease Image Dataset\Original Dataset\Original Dataset\Glaucoma\Glaucoma415.jpg,1,Glaucoma
E:\eye diesea pred\Dataset 3\Eye Disease Image Dataset\Original Dataset\Original Dataset\Glaucoma\Glaucoma501.jpg,1,Glaucoma
E:\eye diesea pred\Dataset 3\Eye Disease Image Dataset\Original Dataset\Original Dataset\Glaucoma\Glaucoma55.jpg,1,Glaucoma
E:\eye diesea pred\Dataset 3\Eye Disease Image Dataset\Original Dataset\Original Dataset\Glaucoma\Glaucoma116.jpg,1,Glaucoma
E:\eye diesea pred\Dataset 3\Eye Disease Image Dataset\Original Dataset\Original Dataset\Glaucoma\Glaucoma824.jpg,1,Glaucoma
E:\eye diesea pred\Dataset 3\Eye Disease Image Dataset\Original Dataset\Original Dataset\Glaucoma\Glaucoma534.jpg,1,Glaucoma
E:\eye diesea pred\Dataset 3\Eye Disease Image Dataset\Original Dataset\Original Dataset\Glaucoma\Glaucoma131.jpg,1,Glaucoma
E:\eye diesea pred\Dataset 3\Eye Disease Image Dataset\Original Dataset\Original Dataset\Glaucoma\Glaucoma938.jpg,1,Glaucoma
E:\eye diesea pred\Dataset 3\Eye Disease Image Dataset\Original Dataset\Original Dataset\Glaucoma\Glaucoma1322.jpg,1,Glaucoma
E:\eye diesea pred\Dataset 3\Eye Disease Image Dataset\Original Dataset\Original Dataset\Glaucoma\Glaucoma1039.jpg,1,Glaucoma
E:\eye diesea pred\Dataset 3\Eye Disease Image Dataset\Original Dataset\Original Dataset\Glaucoma\Glaucoma1120.jpg,1,Glaucoma
E:\eye diesea pred\Dataset 3\Eye Disease Image Dataset\Original Dataset\Original Dataset\Glaucoma\Glaucoma1304.jpg,1,Glaucoma
E:\eye diesea pred\Dataset 3\Eye Disease Image Dataset\Original Dataset\Original Dataset\Glaucoma\Glaucoma481.jpg,1,Glaucoma
E:\eye diesea pred\Dataset 3\Eye Disease Image Dataset\Original Dataset\Original Dataset\Glaucoma\Glaucoma989.jpg,1,Glaucoma
E:\eye diesea pred\Dataset 3\Eye Disease Image Dataset\Original Dataset\Original Dataset\Glaucoma\Glaucoma32.jpg,1,Glaucoma
E:\eye diesea pred\Dataset 3\Eye Disease Image Dataset\Original Dataset\Original Dataset\Glaucoma\Glaucoma715.jpg,1,Glaucoma
E:\eye diesea pred\Dataset 3\Eye Disease Image Dataset\Original Dataset\Original Dataset\Glaucoma\Glaucoma736.jpg,1,Glaucoma
E:\eye diesea pred\Dataset 3\Eye Disease Image Dataset\Original Dataset\Original Dataset\Glaucoma\Glaucoma363.jpg,1,Glaucoma
E:\eye diesea pred\Dataset 3\Eye Disease Image Dataset\Original Dataset\Original Dataset\Glaucoma\Glaucoma786.jpg,1,Glaucoma
E:\eye diesea pred\Dataset 3\Eye Disease Image Dataset\Original Dataset\Original Dataset\Glaucoma\Glaucoma46.jpg,1,Glaucoma
E:\eye diesea pred\Dataset 3\Eye Disease Image Dataset\Original Dataset\Original Dataset\Glaucoma\Glaucoma653.jpg,1,Glaucoma
E:\eye diesea pred\Dataset 3\Eye Disease Image Dataset\Original Dataset\Original Dataset\Glaucoma\Glaucoma815.jpg,1,Glaucoma
E:\eye diesea pred\Dataset 3\Eye Disease Image Dataset\Original Dataset\Original Dataset\Glaucoma\Glaucoma645.jpg,1,Glaucoma
E:\eye diesea pred\Dataset 3\Eye Disease Image Dataset\Original Dataset\Original Dataset\Glaucoma\Glaucoma510.jpg,1,Glaucoma
E:\eye diesea pred\Dataset 3\Eye Disease Image Dataset\Original Dataset\Original Dataset\Glaucoma\Glaucoma1327.jpg,1,Glaucoma
E:\eye diesea pred\Dataset 3\Eye Disease Image Dataset\Original Dataset\Original Dataset\Glaucoma\Glaucoma664.jpg,1,Glaucoma
E:\eye diesea pred\Dataset 3\Eye Disease Image Dataset\Original Dataset\Original Dataset\Glaucoma\Glaucoma717.jpg,1,Glaucoma
E:\eye diesea pred\Dataset 3\Eye Disease Image Dataset\Original Dataset\Original Dataset\Glaucoma\Glaucoma1231.jpg,1,Glaucoma
E:\eye diesea pred\Dataset 3\Eye Disease Image Dataset\Original Dataset\Original Dataset\Glaucoma\Glaucoma1342.jpg,1,Glaucoma
E:\eye diesea pred\Dataset 3\Eye Disease Image Dataset\Original Dataset\Original Dataset\Glaucoma\Glaucoma140.jpg,1,Glaucoma
E:\eye diesea pred\Dataset 3\Eye Disease Image Dataset\Original Dataset\Original Dataset\Healthy\Healthy76.jpg,2,Healthy
E:\eye diesea pred\Dataset 3\Eye Disease Image Dataset\Original Dataset\Original Dataset\Healthy\Healthy769.jpg,2,Healthy
E:\eye diesea pred\Dataset 3\Eye Disease Image Dataset\Original Dataset\Original Dataset\Healthy\Healthy749.jpg,2,Healthy
E:\eye diesea pred\Dataset 3\Eye Disease Image Dataset\Original Dataset\Original Dataset\Healthy\Healthy298.jpg,2,Healthy
E:\eye diesea pred\Dataset 3\Eye Disease Image Dataset\Original Dataset\Original Dataset\Healthy\Healthy127.jpg,2,Healthy
E:\eye diesea pred\Dataset 3\Eye Disease Image Dataset\Original Dataset\Original Dataset\Healthy\Healthy428.jpg,2,Healthy
E:\eye diesea pred\Dataset 3\Eye Disease Image Dataset\Original Dataset\Original Dataset\Healthy\Healthy604.jpg,2,Healthy
E:\eye diesea pred\Dataset 3\Eye Disease Image Dataset\Original Dataset\Original Dataset\Healthy\Healthy838.jpg,2,Healthy
E:\eye diesea pred\Dataset 3\Eye Disease Image Dataset\Original Dataset\Original Dataset\Healthy\Healthy720.jpg,2,Healthy
E:\eye diesea pred\Dataset 3\Eye Disease Image Dataset\Original Dataset\Original Dataset\Healthy\Healthy924.jpg,2,Healthy
E:\eye diesea pred\Dataset 3\Eye Disease Image Dataset\Original Dataset\Original Dataset\Healthy\Healthy418.jpg,2,Healthy
E:\eye diesea pred\Dataset 3\Eye Disease Image Dataset\Original Dataset\Original Dataset\Healthy\Healthy862.jpg,2,Healthy
E:\eye diesea pred\Dataset 3\Eye Disease Image Dataset\Original Dataset\Original Dataset\Healthy\Healthy531.jpg,2,Healthy
E:\eye diesea pred\Dataset 3\Eye Disease Image Dataset\Original Dataset\Original Dataset\Healthy\Healthy792.jpg,2,Healthy
E:\eye diesea pred\Dataset 3\Eye Disease Image Dataset\Original Dataset\Original Dataset\Healthy\Healthy933.jpg,2,Healthy
E:\eye diesea pred\Dataset 3\Eye Disease Image Dataset\Original Dataset\Original Dataset\Healthy\Healthy158.jpg,2,Healthy
E:\eye diesea pred\Dataset 3\Eye Disease Image Dataset\Original Dataset\Original Dataset\Healthy\Healthy32.jpg,2,Healthy
E:\eye diesea pred\Dataset 3\Eye Disease Image Dataset\Original Dataset\Original Dataset\Healthy\Healthy806.jpg,2,Healthy
E:\eye diesea pred\Dataset 3\Eye Disease Image Dataset\Original Dataset\Original Dataset\Healthy\Healthy406.jpg,2,Healthy
E:\eye diesea pred\Dataset 3\Eye Disease Image Dataset\Original Dataset\Original Dataset\Healthy\Healthy496.jpg,2,Healthy
E:\eye diesea pred\Dataset 3\Eye Disease Image Dataset\Original Dataset\Original Dataset\Healthy\Healthy74.jpg,2,Healthy
E:\eye diesea pred\Dataset 3\Eye Disease Image Dataset\Original Dataset\Original Dataset\Healthy\Healthy60.jpg,2,Healthy
E:\eye diesea pred\Dataset 3\Eye Disease Image Dataset\Original Dataset\Original Dataset\Healthy\Healthy893.jpg,2,Healthy
E:\eye diesea pred\Dataset 3\Eye Disease Image Dataset\Original Dataset\Original Dataset\Healthy\Healthy776.jpg,2,Healthy
E:\eye diesea pred\Dataset 3\Eye Disease Image Dataset\Original Dataset\Original Dataset\Healthy\Healthy498.jpg,2,Healthy
E:\eye diesea pred\Dataset 3\Eye Disease Image Dataset\Original Dataset\Original Dataset\Healthy\Healthy294.jpg,2,Healthy
E:\eye diesea pred\Dataset 3\Eye Disease Image Dataset\Original Dataset\Original Dataset\Healthy\Healthy307.jpg,2,Healthy
E:\eye diesea pred\Dataset 3\Eye Disease Image Dataset\Original Dataset\Original Dataset\Healthy\Healthy520.jpg,2,Healthy
E:\eye diesea pred\Dataset 3\Eye Disease Image Dataset\Original Dataset\Original Dataset\Healthy\Healthy229.jpg,2,Healthy
E:\eye diesea pred\Dataset 3\Eye Disease Image Dataset\Original Dataset\Original Dataset\Healthy\Healthy411.jpg,2,Healthy
E:\eye diesea pred\Dataset 3\Eye Disease Image Dataset\Original Dataset\Original Dataset\Healthy\Healthy493.jpg,2,Healthy
E:\eye diesea pred\Dataset 3\Eye Disease Image Dataset\Original Dataset\Original Dataset\Healthy\Healthy243.jpg,2,Healthy
E:\eye diesea pred\Dataset 3\Eye Disease Image Dataset\Original Dataset\Original Dataset\Healthy\Healthy355.jpg,2,Healthy
E:\eye diesea pred\Dataset 3\Eye Disease Image Dataset\Original Dataset\Original Dataset\Healthy\Healthy387.jpg,2,Healthy
E:\eye diesea pred\Dataset 3\Eye Disease Image Dataset\Original Dataset\Original Dataset\Healthy\Healthy269.jpg,2,Healthy
E:\eye diesea pred\Dataset 3\Eye Disease Image Dataset\Original Dataset\Original Dataset\Healthy\Healthy22.jpg,2,Healthy
E:\eye diesea pred\Dataset 3\Eye Disease Image Dataset\Original Dataset\Original Dataset\Healthy\Healthy564.jpg,2,Healthy
E:\eye diesea pred\Dataset 3\Eye Disease Image Dataset\Original Dataset\Original Dataset\Healthy\Healthy740.jpg,2,Healthy
E:\eye diesea pred\Dataset 3\Eye Disease Image Dataset\Original Dataset\Original Dataset\Healthy\Healthy273.jpg,2,Healthy
E:\eye diesea pred\Dataset 3\Eye Disease Image Dataset\Original Dataset\Original Dataset\Healthy\Healthy667.jpg,2,Healthy
E:\eye diesea pred\Dataset 3\Eye Disease Image Dataset\Original Dataset\Original Dataset\Healthy\Healthy876.jpg,2,Healthy
E:\eye diesea pred\Dataset 3\Eye Disease Image Dataset\Original Dataset\Original Dataset\Healthy\Healthy219.jpg,2,Healthy
E:\eye diesea pred\Dataset 3\Eye Disease Image Dataset\Original Dataset\Original Dataset\Healthy\Healthy471.jpg,2,Healthy
E:\eye diesea pred\Dataset 3\Eye Disease Image Dataset\Original Dataset\Original Dataset\Healthy\Healthy847.jpg,2,Healthy
E:\eye diesea pred\Dataset 3\Eye Disease Image Dataset\Original Dataset\Original Dataset\Healthy\Healthy361.jpg,2,Healthy
E:\eye diesea pred\Dataset 3\Eye Disease Image Dataset\Original Dataset\Original Dataset\Healthy\Healthy282.jpg,2,Healthy
E:\eye diesea pred\Dataset 3\Eye Disease Image Dataset\Original Dataset\Original Dataset\Healthy\Healthy362.jpg,2,Healthy
E:\eye diesea pred\Dataset 3\Eye Disease Image Dataset\Original Dataset\Original Dataset\Healthy\Healthy895.jpg,2,Healthy
E:\eye diesea pred\Dataset 3\Eye Disease Image Dataset\Original Dataset\Original Dataset\Healthy\Healthy251.jpg,2,Healthy
E:\eye diesea pred\Dataset 3\Eye Disease Image Dataset\Original Dataset\Original Dataset\Healthy\Healthy882.jpg,2,Healthy
E:\eye diesea pred\Dataset 3\Eye Disease Image Dataset\Original Dataset\Original Dataset\Healthy\Healthy962.jpg,2,Healthy
E:\eye diesea pred\Dataset 3\Eye Disease Image Dataset\Original Dataset\Original Dataset\Healthy\Healthy276.jpg,2,Healthy
E:\eye diesea pred\Dataset 3\Eye Disease Image Dataset\Original Dataset\Original Dataset\Healthy\Healthy78.jpg,2,Healthy
E:\eye diesea pred\Dataset 3\Eye Disease Image Dataset\Original Dataset\Original Dataset\Healthy\Healthy317.jpg,2,Healthy
E:\eye diesea pred\Dataset 3\Eye Disease Image Dataset\Original Dataset\Original Dataset\Healthy\Healthy939.jpg,2,Healthy
E:\eye diesea pred\Dataset 3\Eye Disease Image Dataset\Original Dataset\Original Dataset\Healthy\Healthy296.jpg,2,Healthy
E:\eye diesea pred\Dataset 3\Eye Disease Image Dataset\Original Dataset\Original Dataset\Healthy\Healthy554.jpg,2,Healthy
E:\eye diesea pred\Dataset 3\Eye Disease Image Dataset\Original Dataset\Original Dataset\Healthy\Healthy883.jpg,2,Healthy
E:\eye diesea pred\Dataset 3\Eye Disease Image Dataset\Original Dataset\Original Dataset\Healthy\Healthy635.jpg,2,Healthy
E:\eye diesea pred\Dataset 3\Eye Disease Image Dataset\Original Dataset\Original Dataset\Healthy\Healthy958.jpg,2,Healthy
E:\eye diesea pred\Dataset 3\Eye Disease Image Dataset\Original Dataset\Original Dataset\Healthy\Healthy449.jpg,2,Healthy
E:\eye diesea pred\Dataset 3\Eye Disease Image Dataset\Original Dataset\Original Dataset\Healthy\Healthy44.jpg,2,Healthy
E:\eye diesea pred\Dataset 3\Eye Disease Image Dataset\Original Dataset\Original Dataset\Healthy\Healthy51.jpg,2,Healthy
E:\eye diesea pred\Dataset 3\Eye Disease Image Dataset\Original Dataset\Original Dataset\Healthy\Healthy34.jpg,2,Healthy
E:\eye diesea pred\Dataset 3\Eye Disease Image Dataset\Original Dataset\Original Dataset\Healthy\Healthy959.jpg,2,Healthy
E:\eye diesea pred\Dataset 3\Eye Disease Image Dataset\Original Dataset\Original Dataset\Healthy\Healthy637.jpg,2,Healthy
E:\eye diesea pred\Dataset 3\Eye Disease Image Dataset\Original Dataset\Original Dataset\Healthy\Healthy463.jpg,2,Healthy
E:\eye diesea pred\Dataset 3\Eye Disease Image Dataset\Original Dataset\Original Dataset\Healthy\Healthy195.jpg,2,Healthy
E:\eye diesea pred\Dataset 3\Eye Disease Image Dataset\Original Dataset\Original Dataset\Healthy\Healthy62.jpg,2,Healthy
E:\eye diesea pred\Dataset 3\Eye Disease Image Dataset\Original Dataset\Original Dataset\Healthy\Healthy595.jpg,2,Healthy
E:\eye diesea pred\Dataset 3\Eye Disease Image Dataset\Original Dataset\Original Dataset\Healthy\Healthy189.jpg,2,Healthy
E:\eye diesea pred\Dataset 3\Eye Disease Image Dataset\Original Dataset\Original Dataset\Healthy\Healthy751.jpg,2,Healthy
E:\eye diesea pred\Dataset 3\Eye Disease Image Dataset\Original Dataset\Original Dataset\Healthy\Healthy7.jpg,2,Healthy
E:\eye diesea pred\Dataset 3\Eye Disease Image Dataset\Original Dataset\Original Dataset\Healthy\Healthy916.jpg,2,Healthy
E:\eye diesea pred\Dataset 3\Eye Disease Image Dataset\Original Dataset\Original Dataset\Healthy\Healthy752.jpg,2,Healthy
E:\eye diesea pred\Dataset 3\Eye Disease Image Dataset\Original Dataset\Original Dataset\Healthy\Healthy688.jpg,2,Healthy
E:\eye diesea pred\Dataset 3\Eye Disease Image Dataset\Original Dataset\Original Dataset\Healthy\Healthy18.jpg,2,Healthy
E:\eye diesea pred\Dataset 3\Eye Disease Image Dataset\Original Dataset\Original Dataset\Healthy\Healthy19.jpg,2,Healthy
E:\eye diesea pred\Dataset 3\Eye Disease Image Dataset\Original Dataset\Original Dataset\Healthy\Healthy176.jpg,2,Healthy
E:\eye diesea pred\Dataset 3\Eye Disease Image Dataset\Original Dataset\Original Dataset\Healthy\Healthy495.jpg,2,Healthy
E:\eye diesea pred\Dataset 3\Eye Disease Image Dataset\Original Dataset\Original Dataset\Healthy\Healthy608.jpg,2,Healthy
E:\eye diesea pred\Dataset 3\Eye Disease Image Dataset\Original Dataset\Original Dataset\Healthy\Healthy679.jpg,2,Healthy
E:\eye diesea pred\Dataset 3\Eye Disease Image Dataset\Original Dataset\Original Dataset\Healthy\Healthy817.jpg,2,Healthy
E:\eye diesea pred\Dataset 3\Eye Disease Image Dataset\Original Dataset\Original Dataset\Healthy\Healthy67.jpg,2,Healthy
E:\eye diesea pred\Dataset 3\Eye Disease Image Dataset\Original Dataset\Original Dataset\Healthy\Healthy429.jpg,2,Healthy
E:\eye diesea pred\Dataset 3\Eye Disease Image Dataset\Original Dataset\Original Dataset\Healthy\Healthy836.jpg,2,Healthy
E:\eye diesea pred\Dataset 3\Eye Disease Image Dataset\Original Dataset\Original Dataset\Healthy\Healthy31.jpg,2,Healthy
E:\eye diesea pred\Dataset 3\Eye Disease Image Dataset\Original Dataset\Original Dataset\Healthy\Healthy295.jpg,2,Healthy
E:\eye diesea pred\Dataset 3\Eye Disease Image Dataset\Original Dataset\Original Dataset\Healthy\Healthy721.jpg,2,Healthy
E:\eye diesea pred\Dataset 3\Eye Disease Image Dataset\Original Dataset\Original Dataset\Healthy\Healthy255.jpg,2,Healthy
E:\eye diesea pred\Dataset 3\Eye Disease Image Dataset\Original Dataset\Original Dataset\Healthy\Healthy753.jpg,2,Healthy
E:\eye diesea pred\Dataset 3\Eye Disease Image Dataset\Original Dataset\Original Dataset\Healthy\Healthy13.jpg,2,Healthy
E:\eye diesea pred\Dataset 3\Eye Disease Image Dataset\Original Dataset\Original Dataset\Healthy\Healthy623.jpg,2,Healthy
E:\eye diesea pred\Dataset 3\Eye Disease Image Dataset\Original Dataset\Original Dataset\Healthy\Healthy546.jpg,2,Healthy
E:\eye diesea pred\Dataset 3\Eye Disease Image Dataset\Original Dataset\Original Dataset\Healthy\Healthy807.jpg,2,Healthy
E:\eye diesea pred\Dataset 3\Eye Disease Image Dataset\Original Dataset\Original Dataset\Healthy\Healthy250.jpg,2,Healthy
E:\eye diesea pred\Dataset 3\Eye Disease Image Dataset\Original Dataset\Original Dataset\Healthy\Healthy178.jpg,2,Healthy
E:\eye diesea pred\Dataset 3\Eye Disease Image Dataset\Original Dataset\Original Dataset\Healthy\Healthy306.jpg,2,Healthy
E:\eye diesea pred\Dataset 3\Eye Disease Image Dataset\Original Dataset\Original Dataset\Healthy\Healthy739.jpg,2,Healthy
E:\eye diesea pred\Dataset 3\Eye Disease Image Dataset\Original Dataset\Original Dataset\Healthy\Healthy469.jpg,2,Healthy
E:\eye diesea pred\Dataset 3\Eye Disease Image Dataset\Original Dataset\Original Dataset\Healthy\Healthy460.jpg,2,Healthy
E:\eye diesea pred\Dataset 3\Eye Disease Image Dataset\Original Dataset\Original Dataset\Healthy\Healthy973.jpg,2,Healthy
E:\eye diesea pred\Dataset 3\Eye Disease Image Dataset\Original Dataset\Original Dataset\Healthy\Healthy821.jpg,2,Healthy
E:\eye diesea pred\Dataset 3\Eye Disease Image Dataset\Original Dataset\Original Dataset\Healthy\Healthy614.jpg,2,Healthy
E:\eye diesea pred\Dataset 3\Eye Disease Image Dataset\Original Dataset\Original Dataset\Healthy\Healthy659.jpg,2,Healthy
E:\eye diesea pred\Dataset 3\Eye Disease Image Dataset\Original Dataset\Original Dataset\Healthy\Healthy481.jpg,2,Healthy
E:\eye diesea pred\Dataset 3\Eye Disease Image Dataset\Original Dataset\Original Dataset\Healthy\Healthy995.jpg,2,Healthy
E:\eye diesea pred\Dataset 3\Eye Disease Image Dataset\Original Dataset\Original Dataset\Healthy\Healthy612.jpg,2,Healthy
E:\eye diesea pred\Dataset 3\Eye Disease Image Dataset\Original Dataset\Original Dataset\Healthy\Healthy572.jpg,2,Healthy
E:\eye diesea pred\Dataset 3\Eye Disease Image Dataset\Original Dataset\Original Dataset\Healthy\Healthy179.jpg,2,Healthy
E:\eye diesea pred\Dataset 3\Eye Disease Image Dataset\Original Dataset\Original Dataset\Healthy\Healthy550.jpg,2,Healthy
E:\eye diesea pred\Dataset 3\Eye Disease Image Dataset\Original Dataset\Original Dataset\Healthy\Healthy712.jpg,2,Healthy
E:\eye diesea pred\Dataset 3\Eye Disease Image Dataset\Original Dataset\Original Dataset\Healthy\Healthy1023.jpg,2,Healthy
E:\eye diesea pred\Dataset 3\Eye Disease Image Dataset\Original Dataset\Original Dataset\Healthy\Healthy124.jpg,2,Healthy
E:\eye diesea pred\Dataset 3\Eye Disease Image Dataset\Original Dataset\Original Dataset\Healthy\Healthy270.jpg,2,Healthy
E:\eye diesea pred\Dataset 3\Eye Disease Image Dataset\Original Dataset\Original Dataset\Healthy\Healthy666.jpg,2,Healthy
E:\eye diesea pred\Dataset 3\Eye Disease Image Dataset\Original Dataset\Original Dataset\Healthy\Healthy783.jpg,2,Healthy
E:\eye diesea pred\Dataset 3\Eye Disease Image Dataset\Original Dataset\Original Dataset\Healthy\Healthy208.jpg,2,Healthy
E:\eye diesea pred\Dataset 3\Eye Disease Image Dataset\Original Dataset\Original Dataset\Healthy\Healthy636.jpg,2,Healthy
E:\eye diesea pred\Dataset 3\Eye Disease Image Dataset\Original Dataset\Original Dataset\Healthy\Healthy774.jpg,2,Healthy
E:\eye diesea pred\Dataset 3\Eye Disease Image Dataset\Original Dataset\Original Dataset\Healthy\Healthy967.jpg,2,Healthy
E:\eye diesea pred\Dataset 3\Eye Disease Image Dataset\Original Dataset\Original Dataset\Healthy\Healthy316.jpg,2,Healthy
E:\eye diesea pred\Dataset 3\Eye Disease Image Dataset\Original Dataset\Original Dataset\Healthy\Healthy629.jpg,2,Healthy
E:\eye diesea pred\Dataset 3\Eye Disease Image Dataset\Original Dataset\Original Dataset\Healthy\Healthy511.jpg,2,Healthy
E:\eye diesea pred\Dataset 3\Eye Disease Image Dataset\Original Dataset\Original Dataset\Healthy\Healthy754.jpg,2,Healthy
E:\eye diesea pred\Dataset 3\Eye Disease Image Dataset\Original Dataset\Original Dataset\Healthy\Healthy470.jpg,2,Healthy
E:\eye diesea pred\Dataset 3\Eye Disease Image Dataset\Original Dataset\Original Dataset\Healthy\Healthy984.jpg,2,Healthy
E:\eye diesea pred\Dataset 3\Eye Disease Image Dataset\Original Dataset\Original Dataset\Healthy\Healthy291.jpg,2,Healthy
E:\eye diesea pred\Dataset 3\Eye Disease Image Dataset\Original Dataset\Original Dataset\Healthy\Healthy461.jpg,2,Healthy
E:\eye diesea pred\Dataset 3\Eye Disease Image Dataset\Original Dataset\Original Dataset\Healthy\Healthy265.jpg,2,Healthy
E:\eye diesea pred\Dataset 3\Eye Disease Image Dataset\Original Dataset\Original Dataset\Healthy\Healthy573.jpg,2,Healthy
E:\eye diesea pred\Dataset 3\Eye Disease Image Dataset\Original Dataset\Original Dataset\Healthy\Healthy966.jpg,2,Healthy
E:\eye diesea pred\Dataset 3\Eye Disease Image Dataset\Original Dataset\Original Dataset\Healthy\Healthy1008.jpg,2,Healthy
E:\eye diesea pred\Dataset 3\Eye Disease Image Dataset\Original Dataset\Original Dataset\Healthy\Healthy559.jpg,2,Healthy
E:\eye diesea pred\Dataset 3\Eye Disease Image Dataset\Original Dataset\Original Dataset\Healthy\Healthy293.jpg,2,Healthy
E:\eye diesea pred\Dataset 3\Eye Disease Image Dataset\Original Dataset\Original Dataset\Healthy\Healthy954.jpg,2,Healthy
E:\eye diesea pred\Dataset 3\Eye Disease Image Dataset\Original Dataset\Original Dataset\Healthy\Healthy239.jpg,2,Healthy
E:\eye diesea pred\Dataset 3\Eye Disease Image Dataset\Original Dataset\Original Dataset\Healthy\Healthy374.jpg,2,Healthy
E:\eye diesea pred\Dataset 3\Eye Disease Image Dataset\Original Dataset\Original Dataset\Healthy\Healthy135.jpg,2,Healthy
E:\eye diesea pred\Dataset 3\Eye Disease Image Dataset\Original Dataset\Original Dataset\Healthy\Healthy112.jpg,2,Healthy
E:\eye diesea pred\Dataset 3\Eye Disease Image Dataset\Original Dataset\Original Dataset\Healthy\Healthy161.jpg,2,Healthy
E:\eye diesea pred\Dataset 3\Eye Disease Image Dataset\Original Dataset\Original Dataset\Healthy\Healthy760.jpg,2,Healthy
E:\eye diesea pred\Dataset 3\Eye Disease Image Dataset\Original Dataset\Original Dataset\Healthy\Healthy466.jpg,2,Healthy
E:\eye diesea pred\Dataset 3\Eye Disease Image Dataset\Original Dataset\Original Dataset\Healthy\Healthy582.jpg,2,Healthy
E:\eye diesea pred\Dataset 3\Eye Disease Image Dataset\Original Dataset\Original Dataset\Healthy\Healthy985.jpg,2,Healthy
E:\eye diesea pred\Dataset 3\Eye Disease Image Dataset\Original Dataset\Original Dataset\Healthy\Healthy312.jpg,2,Healthy
E:\eye diesea pred\Dataset 3\Eye Disease Image Dataset\Original Dataset\Original Dataset\Healthy\Healthy652.jpg,2,Healthy
E:\eye diesea pred\Dataset 3\Eye Disease Image Dataset\Original Dataset\Original Dataset\Healthy\Healthy535.jpg,2,Healthy
E:\eye diesea pred\Dataset 3\Eye Disease Image Dataset\Original Dataset\Original Dataset\Healthy\Healthy1015.jpg,2,Healthy
E:\eye diesea pred\Dataset 3\Eye Disease Image Dataset\Original Dataset\Original Dataset\Healthy\Healthy871.jpg,2,Healthy
E:\eye diesea pred\Dataset 3\Eye Disease Image Dataset\Original Dataset\Original Dataset\Healthy\Healthy331.jpg,2,Healthy
E:\eye diesea pred\Dataset 3\Eye Disease Image Dataset\Original Dataset\Original Dataset\Healthy\Healthy247.jpg,2,Healthy
E:\eye diesea pred\Dataset 3\Eye Disease Image Dataset\Original Dataset\Original Dataset\Healthy\Healthy701.jpg,2,Healthy
E:\eye diesea pred\Dataset 3\Eye Disease Image Dataset\Original Dataset\Original Dataset\Healthy\Healthy509.jpg,2,Healthy
E:\eye diesea pred\Dataset 3\Eye Disease Image Dataset\Original Dataset\Original Dataset\Healthy\Healthy334.jpg,2,Healthy
E:\eye diesea pred\Dataset 3\Eye Disease Image Dataset\Original Dataset\Original Dataset\Healthy\Healthy153.jpg,2,Healthy
E:\eye diesea pred\Dataset 3\Eye Disease Image Dataset\Original Dataset\Original Dataset\Healthy\Healthy1004.jpg,2,Healthy
E:\eye diesea pred\Dataset 3\Eye Disease Image Dataset\Original Dataset\Original Dataset\Healthy\Healthy544.jpg,2,Healthy
E:\eye diesea pred\Dataset 3\Eye Disease Image Dataset\Original Dataset\Original Dataset\Healthy\Healthy782.jpg,2,Healthy
E:\eye diesea pred\Dataset 3\Eye Disease Image Dataset\Original Dataset\Original Dataset\Healthy\Healthy55.jpg,2,Healthy
E:\eye diesea pred\Dataset 3\Eye Disease Image Dataset\Original Dataset\Original Dataset\Healthy\Healthy780.jpg,2,Healthy
E:\eye diesea pred\Dataset 3\Eye Disease Image Dataset\Original Dataset\Original Dataset\Healthy\Healthy508.jpg,2,Healthy
E:\eye diesea pred\Dataset 3\Eye Disease Image Dataset\Original Dataset\Original Dataset\Healthy\Healthy401.jpg,2,Healthy
E:\eye diesea pred\Dataset 3\Eye Disease Image Dataset\Original Dataset\Original Dataset\Healthy\Healthy196.jpg,2,Healthy
E:\eye diesea pred\Dataset 3\Eye Disease Image Dataset\Original Dataset\Original Dataset\Healthy\Healthy197.jpg,2,Healthy
E:\eye diesea pred\Dataset 3\Eye Disease Image Dataset\Original Dataset\Original Dataset\Healthy\Healthy156.jpg,2,Healthy
E:\eye diesea pred\Dataset 3\Eye Disease Image Dataset\Original Dataset\Original Dataset\Healthy\Healthy672.jpg,2,Healthy
E:\eye diesea pred\Dataset 3\Eye Disease Image Dataset\Original Dataset\Original Dataset\Healthy\Healthy113.jpg,2,Healthy
E:\eye diesea pred\Dataset 3\Eye Disease Image Dataset\Original Dataset\Original Dataset\Healthy\Healthy100.jpg,2,Healthy
E:\eye diesea pred\Dataset 3\Eye Disease Image Dataset\Original Dataset\Original Dataset\Healthy\Healthy464.jpg,2,Healthy
E:\eye diesea pred\Dataset 3\Eye Disease Image Dataset\Original Dataset\Original Dataset\Healthy\Healthy689.jpg,2,Healthy
E:\eye diesea pred\Dataset 3\Eye Disease Image Dataset\Original Dataset\Original Dataset\Healthy\Healthy455.jpg,2,Healthy
E:\eye diesea pred\Dataset 3\Eye Disease Image Dataset\Original Dataset\Original Dataset\Healthy\Healthy489.jpg,2,Healthy
E:\eye diesea pred\Dataset 3\Eye Disease Image Dataset\Original Dataset\Original Dataset\Healthy\Healthy621.jpg,2,Healthy
E:\eye diesea pred\Dataset 3\Eye Disease Image Dataset\Original Dataset\Original Dataset\Healthy\Healthy59.jpg,2,Healthy
E:\eye diesea pred\Dataset 3\Eye Disease Image Dataset\Original Dataset\Original Dataset\Healthy\Healthy540.jpg,2,Healthy
E:\eye diesea pred\Dataset 3\Eye Disease Image Dataset\Original Dataset\Original Dataset\Healthy\Healthy38.jpg,2,Healthy
E:\eye diesea pred\Dataset 3\Eye Disease Image Dataset\Original Dataset\Original Dataset\Healthy\Healthy216.jpg,2,Healthy
E:\eye diesea pred\Dataset 3\Eye Disease Image Dataset\Original Dataset\Original Dataset\Healthy\Healthy371.jpg,2,Healthy
E:\eye diesea pred\Dataset 3\Eye Disease Image Dataset\Original Dataset\Original Dataset\Healthy\Healthy872.jpg,2,Healthy
E:\eye diesea pred\Dataset 3\Eye Disease Image Dataset\Original Dataset\Original Dataset\Healthy\Healthy656.jpg,2,Healthy
E:\eye diesea pred\Dataset 3\Eye Disease Image Dataset\Original Dataset\Original Dataset\Healthy\Healthy244.jpg,2,Healthy
E:\eye diesea pred\Dataset 3\Eye Disease Image Dataset\Original Dataset\Original Dataset\Healthy\Healthy1018.jpg,2,Healthy
E:\eye diesea pred\Dataset 3\Eye Disease Image Dataset\Original Dataset\Original Dataset\Healthy\Healthy132.jpg,2,Healthy
E:\eye diesea pred\Dataset 3\Eye Disease Image Dataset\Original Dataset\Original Dataset\Healthy\Healthy1010.jpg,2,Healthy
E:\eye diesea pred\Dataset 3\Eye Disease Image Dataset\Original Dataset\Original Dataset\Healthy\Healthy694.jpg,2,Healthy
E:\eye diesea pred\Dataset 3\Eye Disease Image Dataset\Original Dataset\Original Dataset\Healthy\Healthy755.jpg,2,Healthy
E:\eye diesea pred\Dataset 3\Eye Disease Image Dataset\Original Dataset\Original Dataset\Healthy\Healthy500.jpg,2,Healthy
E:\eye diesea pred\Dataset 3\Eye Disease Image Dataset\Original Dataset\Original Dataset\Healthy\Healthy277.jpg,2,Healthy
E:\eye diesea pred\Dataset 3\Eye Disease Image Dataset\Original Dataset\Original Dataset\Healthy\Healthy651.jpg,2,Healthy
E:\eye diesea pred\Dataset 3\Eye Disease Image Dataset\Original Dataset\Original Dataset\Healthy\Healthy447.jpg,2,Healthy
E:\eye diesea pred\Dataset 3\Eye Disease Image Dataset\Original Dataset\Original Dataset\Healthy\Healthy978.jpg,2,Healthy
E:\eye diesea pred\Dataset 3\Eye Disease Image Dataset\Original Dataset\Original Dataset\Healthy\Healthy864.jpg,2,Healthy
E:\eye diesea pred\Dataset 3\Eye Disease Image Dataset\Original Dataset\Original Dataset\Healthy\Healthy222.jpg,2,Healthy
E:\eye diesea pred\Dataset 3\Eye Disease Image Dataset\Original Dataset\Original Dataset\Healthy\Healthy283.jpg,2,Healthy
E:\eye diesea pred\Dataset 3\Eye Disease Image Dataset\Original Dataset\Original Dataset\Healthy\Healthy662.jpg,2,Healthy
E:\eye diesea pred\Dataset 3\Eye Disease Image Dataset\Original Dataset\Original Dataset\Healthy\Healthy151.jpg,2,Healthy
E:\eye diesea pred\Dataset 3\Eye Disease Image Dataset\Original Dataset\Original Dataset\Healthy\Healthy263.jpg,2,Healthy
E:\eye diesea pred\Dataset 3\Eye Disease Image Dataset\Original Dataset\Original Dataset\Healthy\Healthy902.jpg,2,Healthy
E:\eye diesea pred\Dataset 3\Eye Disease Image Dataset\Original Dataset\Original Dataset\Healthy\Healthy49.jpg,2,Healthy
E:\eye diesea pred\Dataset 3\Eye Disease Image Dataset\Original Dataset\Original Dataset\Healthy\Healthy194.jpg,2,Healthy
E:\eye diesea pred\Dataset 3\Eye Disease Image Dataset\Original Dataset\Original Dataset\Healthy\Healthy1016.jpg,2,Healthy
E:\eye diesea pred\Dataset 3\Eye Disease Image Dataset\Original Dataset\Original Dataset\Healthy\Healthy148.jpg,2,Healthy
E:\eye diesea pred\Dataset 3\Eye Disease Image Dataset\Original Dataset\Original Dataset\Healthy\Healthy332.jpg,2,Healthy
E:\eye diesea pred\Dataset 3\Eye Disease Image Dataset\Original Dataset\Original Dataset\Healthy\Healthy71.jpg,2,Healthy
E:\eye diesea pred\Dataset 3\Eye Disease Image Dataset\Original Dataset\Original Dataset\Healthy\Healthy639.jpg,2,Healthy
E:\eye diesea pred\Dataset 3\Eye Disease Image Dataset\Original Dataset\Original Dataset\Healthy\Healthy690.jpg,2,Healthy
E:\eye diesea pred\Dataset 3\Eye Disease Image Dataset\Original Dataset\Original Dataset\Healthy\Healthy264.jpg,2,Healthy
E:\eye diesea pred\Dataset 3\Eye Disease Image Dataset\Original Dataset\Original Dataset\Healthy\Healthy556.jpg,2,Healthy
E:\eye diesea pred\Dataset 3\Eye Disease Image Dataset\Original Dataset\Original Dataset\Healthy\Healthy692.jpg,2,Healthy
E:\eye diesea pred\Dataset 3\Eye Disease Image Dataset\Original Dataset\Original Dataset\Healthy\Healthy517.jpg,2,Healthy
E:\eye diesea pred\Dataset 3\Eye Disease Image Dataset\Original Dataset\Original Dataset\Healthy\Healthy169.jpg,2,Healthy
E:\eye diesea pred\Dataset 3\Eye Disease Image Dataset\Original Dataset\Original Dataset\Healthy\Healthy795.jpg,2,Healthy
E:\eye diesea pred\Dataset 3\Eye Disease Image Dataset\Original Dataset\Original Dataset\Healthy\Healthy750.jpg,2,Healthy
E:\eye diesea pred\Dataset 3\Eye Disease Image Dataset\Original Dataset\Original Dataset\Healthy\Healthy172.jpg,2,Healthy
E:\eye diesea pred\Dataset 3\Eye Disease Image Dataset\Original Dataset\Original Dataset\Healthy\Healthy52.jpg,2,Healthy
E:\eye diesea pred\Dataset 3\Eye Disease Image Dataset\Original Dataset\Original Dataset\Healthy\Healthy813.jpg,2,Healthy
E:\eye diesea pred\Dataset 3\Eye Disease Image Dataset\Original Dataset\Original Dataset\Healthy\Healthy240.jpg,2,Healthy
E:\eye diesea pred\Dataset 3\Eye Disease Image Dataset\Original Dataset\Original Dataset\Healthy\Healthy347.jpg,2,Healthy
E:\eye diesea pred\Dataset 3\Eye Disease Image Dataset\Original Dataset\Original Dataset\Healthy\Healthy341.jpg,2,Healthy
E:\eye diesea pred\Dataset 3\Eye Disease Image Dataset\Original Dataset\Original Dataset\Healthy\Healthy193.jpg,2,Healthy
E:\eye diesea pred\Dataset 3\Eye Disease Image Dataset\Original Dataset\Original Dataset\Healthy\Healthy168.jpg,2,Healthy
E:\eye diesea pred\Dataset 3\Eye Disease Image Dataset\Original Dataset\Original Dataset\Healthy\Healthy373.jpg,2,Healthy
E:\eye diesea pred\Dataset 3\Eye Disease Image Dataset\Original Dataset\Original Dataset\Healthy\Healthy1011.jpg,2,Healthy
E:\eye diesea pred\Dataset 3\Eye Disease Image Dataset\Original Dataset\Original Dataset\Healthy\Healthy663.jpg,2,Healthy
E:\eye diesea pred\Dataset 3\Eye Disease Image Dataset\Original Dataset\Original Dataset\Healthy\Healthy126.jpg,2,Healthy
E:\eye diesea pred\Dataset 3\Eye Disease Image Dataset\Original Dataset\Original Dataset\Healthy\Healthy761.jpg,2,Healthy
E:\eye diesea pred\Dataset 3\Eye Disease Image Dataset\Original Dataset\Original Dataset\Healthy\Healthy756.jpg,2,Healthy
E:\eye diesea pred\Dataset 3\Eye Disease Image Dataset\Original Dataset\Original Dataset\Healthy\Healthy95.jpg,2,Healthy
E:\eye diesea pred\Dataset 3\Eye Disease Image Dataset\Original Dataset\Original Dataset\Healthy\Healthy211.jpg,2,Healthy
E:\eye diesea pred\Dataset 3\Eye Disease Image Dataset\Original Dataset\Original Dataset\Healthy\Healthy338.jpg,2,Healthy
E:\eye diesea pred\Dataset 3\Eye Disease Image Dataset\Original Dataset\Original Dataset\Healthy\Healthy302.jpg,2,Healthy
E:\eye diesea pred\Dataset 3\Eye Disease Image Dataset\Original Dataset\Original Dataset\Healthy\Healthy75.jpg,2,Healthy
E:\eye diesea pred\Dataset 3\Eye Disease Image Dataset\Original Dataset\Original Dataset\Healthy\Healthy942.jpg,2,Healthy
E:\eye diesea pred\Dataset 3\Eye Disease Image Dataset\Original Dataset\Original Dataset\Healthy\Healthy343.jpg,2,Healthy
E:\eye diesea pred\Dataset 3\Eye Disease Image Dataset\Original Dataset\Original Dataset\Healthy\Healthy716.jpg,2,Healthy
E:\eye diesea pred\Dataset 3\Eye Disease Image Dataset\Original Dataset\Original Dataset\Healthy\Healthy233.jpg,2,Healthy
E:\eye diesea pred\Dataset 3\Eye Disease Image Dataset\Original Dataset\Original Dataset\Healthy\Healthy553.jpg,2,Healthy
E:\eye diesea pred\Dataset 3\Eye Disease Image Dataset\Original Dataset\Original Dataset\Healthy\Healthy997.jpg,2,Healthy
E:\eye diesea pred\Dataset 3\Eye Disease Image Dataset\Original Dataset\Original Dataset\Healthy\Healthy558.jpg,2,Healthy
E:\eye diesea pred\Dataset 3\Eye Disease Image Dataset\Original Dataset\Original Dataset\Healthy\Healthy979.jpg,2,Healthy
E:\eye diesea pred\Dataset 3\Eye Disease Image Dataset\Original Dataset\Original Dataset\Healthy\Healthy989.jpg,2,Healthy
E:\eye diesea pred\Dataset 3\Eye Disease Image Dataset\Original Dataset\Original Dataset\Healthy\Healthy275.jpg,2,Healthy
E:\eye diesea pred\Dataset 3\Eye Disease Image Dataset\Original Dataset\Original Dataset\Healthy\Healthy631.jpg,2,Healthy
E:\eye diesea pred\Dataset 3\Eye Disease Image Dataset\Original Dataset\Original Dataset\Healthy\Healthy949.jpg,2,Healthy
E:\eye diesea pred\Dataset 3\Eye Disease Image Dataset\Original Dataset\Original Dataset\Healthy\Healthy687.jpg,2,Healthy
E:\eye diesea pred\Dataset 3\Eye Disease Image Dataset\Original Dataset\Original Dataset\Healthy\Healthy292.jpg,2,Healthy
E:\eye diesea pred\Dataset 3\Eye Disease Image Dataset\Original Dataset\Original Dataset\Healthy\Healthy16.jpg,2,Healthy
E:\eye diesea pred\Dataset 3\Eye Disease Image Dataset\Original Dataset\Original Dataset\Healthy\Healthy1000.jpg,2,Healthy
E:\eye diesea pred\Dataset 3\Eye Disease Image Dataset\Original Dataset\Original Dataset\Healthy\Healthy36.jpg,2,Healthy
E:\eye diesea pred\Dataset 3\Eye Disease Image Dataset\Original Dataset\Original Dataset\Healthy\Healthy793.jpg,2,Healthy
E:\eye diesea pred\Dataset 3\Eye Disease Image Dataset\Original Dataset\Original Dataset\Healthy\Healthy1014.jpg,2,Healthy
E:\eye diesea pred\Dataset 3\Eye Disease Image Dataset\Original Dataset\Original Dataset\Healthy\Healthy505.jpg,2,Healthy
E:\eye diesea pred\Dataset 3\Eye Disease Image Dataset\Original Dataset\Original Dataset\Healthy\Healthy617.jpg,2,Healthy
E:\eye diesea pred\Dataset 3\Eye Disease Image Dataset\Original Dataset\Original Dataset\Healthy\Healthy319.jpg,2,Healthy
E:\eye diesea pred\Dataset 3\Eye Disease Image Dataset\Original Dataset\Original Dataset\Healthy\Healthy188.jpg,2,Healthy
E:\eye diesea pred\Dataset 3\Eye Disease Image Dataset\Original Dataset\Original Dataset\Healthy\Healthy545.jpg,2,Healthy
E:\eye diesea pred\Dataset 3\Eye Disease Image Dataset\Original Dataset\Original Dataset\Healthy\Healthy254.jpg,2,Healthy
E:\eye diesea pred\Dataset 3\Eye Disease Image Dataset\Original Dataset\Original Dataset\Healthy\Healthy726.jpg,2,Healthy
E:\eye diesea pred\Dataset 3\Eye Disease Image Dataset\Original Dataset\Original Dataset\Healthy\Healthy187.jpg,2,Healthy
E:\eye diesea pred\Dataset 3\Eye Disease Image Dataset\Original Dataset\Original Dataset\Healthy\Healthy702.jpg,2,Healthy
E:\eye diesea pred\Dataset 3\Eye Disease Image Dataset\Original Dataset\Original Dataset\Healthy\Healthy212.jpg,2,Healthy
E:\eye diesea pred\Dataset 3\Eye Disease Image Dataset\Original Dataset\Original Dataset\Healthy\Healthy743.jpg,2,Healthy
E:\eye diesea pred\Dataset 3\Eye Disease Image Dataset\Original Dataset\Original Dataset\Healthy\Healthy163.jpg,2,Healthy
E:\eye diesea pred\Dataset 3\Eye Disease Image Dataset\Original Dataset\Original Dataset\Healthy\Healthy310.jpg,2,Healthy
E:\eye diesea pred\Dataset 3\Eye Disease Image Dataset\Original Dataset\Original Dataset\Healthy\Healthy899.jpg,2,Healthy
E:\eye diesea pred\Dataset 3\Eye Disease Image Dataset\Original Dataset\Original Dataset\Healthy\Healthy384.jpg,2,Healthy
E:\eye diesea pred\Dataset 3\Eye Disease Image Dataset\Original Dataset\Original Dataset\Healthy\Healthy101.jpg,2,Healthy
E:\eye diesea pred\Dataset 3\Eye Disease Image Dataset\Original Dataset\Original Dataset\Healthy\Healthy405.jpg,2,Healthy
E:\eye diesea pred\Dataset 3\Eye Disease Image Dataset\Original Dataset\Original Dataset\Healthy\Healthy657.jpg,2,Healthy
E:\eye diesea pred\Dataset 3\Eye Disease Image Dataset\Original Dataset\Original Dataset\Healthy\Healthy891.jpg,2,Healthy
E:\eye diesea pred\Dataset 3\Eye Disease Image Dataset\Original Dataset\Original Dataset\Healthy\Healthy454.jpg,2,Healthy
E:\eye diesea pred\Dataset 3\Eye Disease Image Dataset\Original Dataset\Original Dataset\Healthy\Healthy879.jpg,2,Healthy
E:\eye diesea pred\Dataset 3\Eye Disease Image Dataset\Original Dataset\Original Dataset\Healthy\Healthy513.jpg,2,Healthy
E:\eye diesea pred\Dataset 3\Eye Disease Image Dataset\Original Dataset\Original Dataset\Healthy\Healthy221.jpg,2,Healthy
E:\eye diesea pred\Dataset 3\Eye Disease Image Dataset\Original Dataset\Original Dataset\Healthy\Healthy417.jpg,2,Healthy
E:\eye diesea pred\Dataset 3\Eye Disease Image Dataset\Original Dataset\Original Dataset\Healthy\Healthy99.jpg,2,Healthy
E:\eye diesea pred\Dataset 3\Eye Disease Image Dataset\Original Dataset\Original Dataset\Healthy\Healthy581.jpg,2,Healthy
E:\eye diesea pred\Dataset 3\Eye Disease Image Dataset\Original Dataset\Original Dataset\Healthy\Healthy392.jpg,2,Healthy
E:\eye diesea pred\Dataset 3\Eye Disease Image Dataset\Original Dataset\Original Dataset\Healthy\Healthy630.jpg,2,Healthy
E:\eye diesea pred\Dataset 3\Eye Disease Image Dataset\Original Dataset\Original Dataset\Healthy\Healthy122.jpg,2,Healthy
E:\eye diesea pred\Dataset 3\Eye Disease Image Dataset\Original Dataset\Original Dataset\Healthy\Healthy583.jpg,2,Healthy
E:\eye diesea pred\Dataset 3\Eye Disease Image Dataset\Original Dataset\Original Dataset\Healthy\Healthy410.jpg,2,Healthy
E:\eye diesea pred\Dataset 3\Eye Disease Image Dataset\Original Dataset\Original Dataset\Healthy\Healthy655.jpg,2,Healthy
E:\eye diesea pred\Dataset 3\Eye Disease Image Dataset\Original Dataset\Original Dataset\Healthy\Healthy519.jpg,2,Healthy
E:\eye diesea pred\Dataset 3\Eye Disease Image Dataset\Original Dataset\Original Dataset\Healthy\Healthy841.jpg,2,Healthy
E:\eye diesea pred\Dataset 3\Eye Disease Image Dataset\Original Dataset\Original Dataset\Healthy\Healthy504.jpg,2,Healthy
E:\eye diesea pred\Dataset 3\Eye Disease Image Dataset\Original Dataset\Original Dataset\Healthy\Healthy798.jpg,2,Healthy
E:\eye diesea pred\Dataset 3\Eye Disease Image Dataset\Original Dataset\Original Dataset\Healthy\Healthy840.jpg,2,Healthy
E:\eye diesea pred\Dataset 3\Eye Disease Image Dataset\Original Dataset\Original Dataset\Healthy\Healthy375.jpg,2,Healthy
E:\eye diesea pred\Dataset 3\Eye Disease Image Dataset\Original Dataset\Original Dataset\Healthy\Healthy485.jpg,2,Healthy
E:\eye diesea pred\Dataset 3\Eye Disease Image Dataset\Original Dataset\Original Dataset\Healthy\Healthy336.jpg,2,Healthy
E:\eye diesea pred\Dataset 3\Eye Disease Image Dataset\Original Dataset\Original Dataset\Healthy\Healthy320.jpg,2,Healthy
E:\eye diesea pred\Dataset 3\Eye Disease Image Dataset\Original Dataset\Original Dataset\Healthy\Healthy108.jpg,2,Healthy
E:\eye diesea pred\Dataset 3\Eye Disease Image Dataset\Original Dataset\Original Dataset\Healthy\Healthy142.jpg,2,Healthy
E:\eye diesea pred\Dataset 3\Eye Disease Image Dataset\Original Dataset\Original Dataset\Healthy\Healthy820.jpg,2,Healthy
E:\eye diesea pred\Dataset 3\Eye Disease Image Dataset\Original Dataset\Original Dataset\Healthy\Healthy252.jpg,2,Healthy
E:\eye diesea pred\Dataset 3\Eye Disease Image Dataset\Original Dataset\Original Dataset\Healthy\Healthy946.jpg,2,Healthy
E:\eye diesea pred\Dataset 3\Eye Disease Image Dataset\Original Dataset\Original Dataset\Healthy\Healthy214.jpg,2,Healthy
E:\eye diesea pred\Dataset 3\Eye Disease Image Dataset\Original Dataset\Original Dataset\Healthy\Healthy909.jpg,2,Healthy
E:\eye diesea pred\Dataset 3\Eye Disease Image Dataset\Original Dataset\Original Dataset\Healthy\Healthy220.jpg,2,Healthy
E:\eye diesea pred\Dataset 3\Eye Disease Image Dataset\Original Dataset\Original Dataset\Healthy\Healthy644.jpg,2,Healthy
E:\eye diesea pred\Dataset 3\Eye Disease Image Dataset\Original Dataset\Original Dataset\Healthy\Healthy510.jpg,2,Healthy
E:\eye diesea pred\Dataset 3\Eye Disease Image Dataset\Original Dataset\Original Dataset\Healthy\Healthy626.jpg,2,Healthy
E:\eye diesea pred\Dataset 3\Eye Disease Image Dataset\Original Dataset\Original Dataset\Healthy\Healthy935.jpg,2,Healthy
E:\eye diesea pred\Dataset 3\Eye Disease Image Dataset\Original Dataset\Original Dataset\Healthy\Healthy837.jpg,2,Healthy
E:\eye diesea pred\Dataset 3\Eye Disease Image Dataset\Original Dataset\Original Dataset\Healthy\Healthy109.jpg,2,Healthy
E:\eye diesea pred\Dataset 3\Eye Disease Image Dataset\Original Dataset\Original Dataset\Healthy\Healthy727.jpg,2,Healthy
E:\eye diesea pred\Dataset 3\Eye Disease Image Dataset\Original Dataset\Original Dataset\Healthy\Healthy363.jpg,2,Healthy
E:\eye diesea pred\Dataset 3\Eye Disease Image Dataset\Original Dataset\Original Dataset\Healthy\Healthy89.jpg,2,Healthy
E:\eye diesea pred\Dataset 3\Eye Disease Image Dataset\Original Dataset\Original Dataset\Healthy\Healthy97.jpg,2,Healthy
E:\eye diesea pred\Dataset 3\Eye Disease Image Dataset\Original Dataset\Original Dataset\Healthy\Healthy4.jpg,2,Healthy
E:\eye diesea pred\Dataset 3\Eye Disease Image Dataset\Original Dataset\Original Dataset\Healthy\Healthy359.jpg,2,Healthy
E:\eye diesea pred\Dataset 3\Eye Disease Image Dataset\Original Dataset\Original Dataset\Healthy\Healthy602.jpg,2,Healthy
E:\eye diesea pred\Dataset 3\Eye Disease Image Dataset\Original Dataset\Original Dataset\Healthy\Healthy695.jpg,2,Healthy
E:\eye diesea pred\Dataset 3\Eye Disease Image Dataset\Original Dataset\Original Dataset\Healthy\Healthy315.jpg,2,Healthy
E:\eye diesea pred\Dataset 3\Eye Disease Image Dataset\Original Dataset\Original Dataset\Healthy\Healthy180.jpg,2,Healthy
E:\eye diesea pred\Dataset 3\Eye Disease Image Dataset\Original Dataset\Original Dataset\Healthy\Healthy35.jpg,2,Healthy
E:\eye diesea pred\Dataset 3\Eye Disease Image Dataset\Original Dataset\Original Dataset\Healthy\Healthy386.jpg,2,Healthy
E:\eye diesea pred\Dataset 3\Eye Disease Image Dataset\Original Dataset\Original Dataset\Healthy\Healthy111.jpg,2,Healthy
E:\eye diesea pred\Dataset 3\Eye Disease Image Dataset\Original Dataset\Original Dataset\Healthy\Healthy996.jpg,2,Healthy
E:\eye diesea pred\Dataset 3\Eye Disease Image Dataset\Original Dataset\Original Dataset\Healthy\Healthy748.jpg,2,Healthy
E:\eye diesea pred\Dataset 3\Eye Disease Image Dataset\Original Dataset\Original Dataset\Healthy\Healthy444.jpg,2,Healthy
E:\eye diesea pred\Dataset 3\Eye Disease Image Dataset\Original Dataset\Original Dataset\Healthy\Healthy66.jpg,2,Healthy
E:\eye diesea pred\Dataset 3\Eye Disease Image Dataset\Original Dataset\Original Dataset\Healthy\Healthy118.jpg,2,Healthy
E:\eye diesea pred\Dataset 3\Eye Disease Image Dataset\Original Dataset\Original Dataset\Healthy\Healthy388.jpg,2,Healthy
E:\eye diesea pred\Dataset 3\Eye Disease Image Dataset\Original Dataset\Original Dataset\Healthy\Healthy857.jpg,2,Healthy
E:\eye diesea pred\Dataset 3\Eye Disease Image Dataset\Original Dataset\Original Dataset\Healthy\Healthy217.jpg,2,Healthy
E:\eye diesea pred\Dataset 3\Eye Disease Image Dataset\Original Dataset\Original Dataset\Healthy\Healthy934.jpg,2,Healthy
E:\eye diesea pred\Dataset 3\Eye Disease Image Dataset\Original Dataset\Original Dataset\Healthy\Healthy606.jpg,2,Healthy
E:\eye diesea pred\Dataset 3\Eye Disease Image Dataset\Original Dataset\Original Dataset\Healthy\Healthy784.jpg,2,Healthy
E:\eye diesea pred\Dataset 3\Eye Disease Image Dataset\Original Dataset\Original Dataset\Healthy\Healthy869.jpg,2,Healthy
E:\eye diesea pred\Dataset 3\Eye Disease Image Dataset\Original Dataset\Original Dataset\Healthy\Healthy808.jpg,2,Healthy
E:\eye diesea pred\Dataset 3\Eye Disease Image Dataset\Original Dataset\Original Dataset\Healthy\Healthy566.jpg,2,Healthy
E:\eye diesea pred\Dataset 3\Eye Disease Image Dataset\Original Dataset\Original Dataset\Healthy\Healthy114.jpg,2,Healthy
E:\eye diesea pred\Dataset 3\Eye Disease Image Dataset\Original Dataset\Original Dataset\Healthy\Healthy192.jpg,2,Healthy
E:\eye diesea pred\Dataset 3\Eye Disease Image Dataset\Original Dataset\Original Dataset\Healthy\Healthy704.jpg,2,Healthy
E:\eye diesea pred\Dataset 3\Eye Disease Image Dataset\Original Dataset\Original Dataset\Healthy\Healthy5.jpg,2,Healthy
E:\eye diesea pred\Dataset 3\Eye Disease Image Dataset\Original Dataset\Original Dataset\Healthy\Healthy42.jpg,2,Healthy
E:\eye diesea pred\Dataset 3\Eye Disease Image Dataset\Original Dataset\Original Dataset\Healthy\Healthy980.jpg,2,Healthy
E:\eye diesea pred\Dataset 3\Eye Disease Image Dataset\Original Dataset\Original Dataset\Healthy\Healthy15.jpg,2,Healthy
E:\eye diesea pred\Dataset 3\Eye Disease Image Dataset\Original Dataset\Original Dataset\Healthy\Healthy736.jpg,2,Healthy
E:\eye diesea pred\Dataset 3\Eye Disease Image Dataset\Original Dataset\Original Dataset\Healthy\Healthy778.jpg,2,Healthy
E:\eye diesea pred\Dataset 3\Eye Disease Image Dataset\Original Dataset\Original Dataset\Healthy\Healthy605.jpg,2,Healthy
E:\eye diesea pred\Dataset 3\Eye Disease Image Dataset\Original Dataset\Original Dataset\Healthy\Healthy17.jpg,2,Healthy
E:\eye diesea pred\Dataset 3\Eye Disease Image Dataset\Original Dataset\Original Dataset\Healthy\Healthy41.jpg,2,Healthy
E:\eye diesea pred\Dataset 3\Eye Disease Image Dataset\Original Dataset\Original Dataset\Healthy\Healthy1.jpg,2,Healthy
E:\eye diesea pred\Dataset 3\Eye Disease Image Dataset\Original Dataset\Original Dataset\Healthy\Healthy931.jpg,2,Healthy
E:\eye diesea pred\Dataset 3\Eye Disease Image Dataset\Original Dataset\Original Dataset\Healthy\Healthy886.jpg,2,Healthy
E:\eye diesea pred\Dataset 3\Eye Disease Image Dataset\Original Dataset\Original Dataset\Healthy\Healthy849.jpg,2,Healthy
E:\eye diesea pred\Dataset 3\Eye Disease Image Dataset\Original Dataset\Original Dataset\Healthy\Healthy133.jpg,2,Healthy
E:\eye diesea pred\Dataset 3\Eye Disease Image Dataset\Original Dataset\Original Dataset\Healthy\Healthy1005.jpg,2,Healthy
E:\eye diesea pred\Dataset 3\Eye Disease Image Dataset\Original Dataset\Original Dataset\Healthy\Healthy890.jpg,2,Healthy
E:\eye diesea pred\Dataset 3\Eye Disease Image Dataset\Original Dataset\Original Dataset\Healthy\Healthy579.jpg,2,Healthy
E:\eye diesea pred\Dataset 3\Eye Disease Image Dataset\Original Dataset\Original Dataset\Healthy\Healthy121.jpg,2,Healthy
E:\eye diesea pred\Dataset 3\Eye Disease Image Dataset\Original Dataset\Original Dataset\Healthy\Healthy913.jpg,2,Healthy
E:\eye diesea pred\Dataset 3\Eye Disease Image Dataset\Original Dataset\Original Dataset\Healthy\Healthy102.jpg,2,Healthy
E:\eye diesea pred\Dataset 3\Eye Disease Image Dataset\Original Dataset\Original Dataset\Healthy\Healthy391.jpg,2,Healthy
E:\eye diesea pred\Dataset 3\Eye Disease Image Dataset\Original Dataset\Original Dataset\Healthy\Healthy901.jpg,2,Healthy
E:\eye diesea pred\Dataset 3\Eye Disease Image Dataset\Original Dataset\Original Dataset\Healthy\Healthy888.jpg,2,Healthy
E:\eye diesea pred\Dataset 3\Eye Disease Image Dataset\Original Dataset\Original Dataset\Healthy\Healthy746.jpg,2,Healthy
E:\eye diesea pred\Dataset 3\Eye Disease Image Dataset\Original Dataset\Original Dataset\Healthy\Healthy136.jpg,2,Healthy
E:\eye diesea pred\Dataset 3\Eye Disease Image Dataset\Original Dataset\Original Dataset\Healthy\Healthy440.jpg,2,Healthy
E:\eye diesea pred\Dataset 3\Eye Disease Image Dataset\Original Dataset\Original Dataset\Healthy\Healthy329.jpg,2,Healthy
E:\eye diesea pred\Dataset 3\Eye Disease Image Dataset\Original Dataset\Original Dataset\Healthy\Healthy231.jpg,2,Healthy
E:\eye diesea pred\Dataset 3\Eye Disease Image Dataset\Original Dataset\Original Dataset\Healthy\Healthy640.jpg,2,Healthy
E:\eye diesea pred\Dataset 3\Eye Disease Image Dataset\Original Dataset\Original Dataset\Healthy\Healthy468.jpg,2,Healthy
E:\eye diesea pred\Dataset 3\Eye Disease Image Dataset\Original Dataset\Original Dataset\Healthy\Healthy981.jpg,2,Healthy
E:\eye diesea pred\Dataset 3\Eye Disease Image Dataset\Original Dataset\Original Dataset\Healthy\Healthy94.jpg,2,Healthy
E:\eye diesea pred\Dataset 3\Eye Disease Image Dataset\Original Dataset\Original Dataset\Healthy\Healthy904.jpg,2,Healthy
E:\eye diesea pred\Dataset 3\Eye Disease Image Dataset\Original Dataset\Original Dataset\Healthy\Healthy483.jpg,2,Healthy
E:\eye diesea pred\Dataset 3\Eye Disease Image Dataset\Original Dataset\Original Dataset\Healthy\Healthy512.jpg,2,Healthy
E:\eye diesea pred\Dataset 3\Eye Disease Image Dataset\Original Dataset\Original Dataset\Healthy\Healthy26.jpg,2,Healthy
E:\eye diesea pred\Dataset 3\Eye Disease Image Dataset\Original Dataset\Original Dataset\Healthy\Healthy93.jpg,2,Healthy
E:\eye diesea pred\Dataset 3\Eye Disease Image Dataset\Original Dataset\Original Dataset\Healthy\Healthy911.jpg,2,Healthy
E:\eye diesea pred\Dataset 3\Eye Disease Image Dataset\Original Dataset\Original Dataset\Healthy\Healthy889.jpg,2,Healthy
E:\eye diesea pred\Dataset 3\Eye Disease Image Dataset\Original Dataset\Original Dataset\Healthy\Healthy399.jpg,2,Healthy
E:\eye diesea pred\Dataset 3\Eye Disease Image Dataset\Original Dataset\Original Dataset\Healthy\Healthy737.jpg,2,Healthy
E:\eye diesea pred\Dataset 3\Eye Disease Image Dataset\Original Dataset\Original Dataset\Healthy\Healthy37.jpg,2,Healthy
E:\eye diesea pred\Dataset 3\Eye Disease Image Dataset\Original Dataset\Original Dataset\Healthy\Healthy534.jpg,2,Healthy
E:\eye diesea pred\Dataset 3\Eye Disease Image Dataset\Original Dataset\Original Dataset\Healthy\Healthy668.jpg,2,Healthy
E:\eye diesea pred\Dataset 3\Eye Disease Image Dataset\Original Dataset\Original Dataset\Healthy\Healthy912.jpg,2,Healthy
E:\eye diesea pred\Dataset 3\Eye Disease Image Dataset\Original Dataset\Original Dataset\Healthy\Healthy414.jpg,2,Healthy
E:\eye diesea pred\Dataset 3\Eye Disease Image Dataset\Original Dataset\Original Dataset\Healthy\Healthy10.jpg,2,Healthy
E:\eye diesea pred\Dataset 3\Eye Disease Image Dataset\Original Dataset\Original Dataset\Healthy\Healthy344.jpg,2,Healthy
E:\eye diesea pred\Dataset 3\Eye Disease Image Dataset\Original Dataset\Original Dataset\Healthy\Healthy227.jpg,2,Healthy
E:\eye diesea pred\Dataset 3\Eye Disease Image Dataset\Original Dataset\Original Dataset\Healthy\Healthy620.jpg,2,Healthy
E:\eye diesea pred\Dataset 3\Eye Disease Image Dataset\Original Dataset\Original Dataset\Healthy\Healthy286.jpg,2,Healthy
E:\eye diesea pred\Dataset 3\Eye Disease Image Dataset\Original Dataset\Original Dataset\Healthy\Healthy610.jpg,2,Healthy
E:\eye diesea pred\Dataset 3\Eye Disease Image Dataset\Original Dataset\Original Dataset\Healthy\Healthy397.jpg,2,Healthy
E:\eye diesea pred\Dataset 3\Eye Disease Image Dataset\Original Dataset\Original Dataset\Healthy\Healthy696.jpg,2,Healthy
E:\eye diesea pred\Dataset 3\Eye Disease Image Dataset\Original Dataset\Original Dataset\Healthy\Healthy747.jpg,2,Healthy
E:\eye diesea pred\Dataset 3\Eye Disease Image Dataset\Original Dataset\Original Dataset\Healthy\Healthy682.jpg,2,Healthy
E:\eye diesea pred\Dataset 3\Eye Disease Image Dataset\Original Dataset\Original Dataset\Healthy\Healthy262.jpg,2,Healthy
E:\eye diesea pred\Dataset 3\Eye Disease Image Dataset\Original Dataset\Original Dataset\Healthy\Healthy884.jpg,2,Healthy
E:\eye diesea pred\Dataset 3\Eye Disease Image Dataset\Original Dataset\Original Dataset\Healthy\Healthy551.jpg,2,Healthy
E:\eye diesea pred\Dataset 3\Eye Disease Image Dataset\Original Dataset\Original Dataset\Healthy\Healthy802.jpg,2,Healthy
E:\eye diesea pred\Dataset 3\Eye Disease Image Dataset\Original Dataset\Original Dataset\Healthy\Healthy110.jpg,2,Healthy
E:\eye diesea pred\Dataset 3\Eye Disease Image Dataset\Original Dataset\Original Dataset\Healthy\Healthy920.jpg,2,Healthy
E:\eye diesea pred\Dataset 3\Eye Disease Image Dataset\Original Dataset\Original Dataset\Healthy\Healthy25.jpg,2,Healthy
E:\eye diesea pred\Dataset 3\Eye Disease Image Dataset\Original Dataset\Original Dataset\Healthy\Healthy873.jpg,2,Healthy
E:\eye diesea pred\Dataset 3\Eye Disease Image Dataset\Original Dataset\Original Dataset\Healthy\Healthy722.jpg,2,Healthy
E:\eye diesea pred\Dataset 3\Eye Disease Image Dataset\Original Dataset\Original Dataset\Healthy\Healthy524.jpg,2,Healthy
E:\eye diesea pred\Dataset 3\Eye Disease Image Dataset\Original Dataset\Original Dataset\Healthy\Healthy484.jpg,2,Healthy
E:\eye diesea pred\Dataset 3\Eye Disease Image Dataset\Original Dataset\Original Dataset\Healthy\Healthy697.jpg,2,Healthy
E:\eye diesea pred\Dataset 3\Eye Disease Image Dataset\Original Dataset\Original Dataset\Healthy\Healthy141.jpg,2,Healthy
E:\eye diesea pred\Dataset 3\Eye Disease Image Dataset\Original Dataset\Original Dataset\Healthy\Healthy301.jpg,2,Healthy
E:\eye diesea pred\Dataset 3\Eye Disease Image Dataset\Original Dataset\Original Dataset\Healthy\Healthy594.jpg,2,Healthy
E:\eye diesea pred\Dataset 3\Eye Disease Image Dataset\Original Dataset\Original Dataset\Healthy\Healthy389.jpg,2,Healthy
E:\eye diesea pred\Dataset 3\Eye Disease Image Dataset\Original Dataset\Original Dataset\Healthy\Healthy516.jpg,2,Healthy
E:\eye diesea pred\Dataset 3\Eye Disease Image Dataset\Original Dataset\Original Dataset\Healthy\Healthy506.jpg,2,Healthy
E:\eye diesea pred\Dataset 3\Eye Disease Image Dataset\Original Dataset\Original Dataset\Healthy\Healthy224.jpg,2,Healthy
E:\eye diesea pred\Dataset 3\Eye Disease Image Dataset\Original Dataset\Original Dataset\Healthy\Healthy827.jpg,2,Healthy
E:\eye diesea pred\Dataset 3\Eye Disease Image Dataset\Original Dataset\Original Dataset\Healthy\Healthy143.jpg,2,Healthy
E:\eye diesea pred\Dataset 3\Eye Disease Image Dataset\Original Dataset\Original Dataset\Healthy\Healthy191.jpg,2,Healthy
E:\eye diesea pred\Dataset 3\Eye Disease Image Dataset\Original Dataset\Original Dataset\Healthy\Healthy137.jpg,2,Healthy
E:\eye diesea pred\Dataset 3\Eye Disease Image Dataset\Original Dataset\Original Dataset\Healthy\Healthy40.jpg,2,Healthy
E:\eye diesea pred\Dataset 3\Eye Disease Image Dataset\Original Dataset\Original Dataset\Healthy\Healthy861.jpg,2,Healthy
E:\eye diesea pred\Dataset 3\Eye Disease Image Dataset\Original Dataset\Original Dataset\Healthy\Healthy379.jpg,2,Healthy
E:\eye diesea pred\Dataset 3\Eye Disease Image Dataset\Original Dataset\Original Dataset\Healthy\Healthy569.jpg,2,Healthy
E:\eye diesea pred\Dataset 3\Eye Disease Image Dataset\Original Dataset\Original Dataset\Healthy\Healthy609.jpg,2,Healthy
E:\eye diesea pred\Dataset 3\Eye Disease Image Dataset\Original Dataset\Original Dataset\Healthy\Healthy600.jpg,2,Healthy
E:\eye diesea pred\Dataset 3\Eye Disease Image Dataset\Original Dataset\Original Dataset\Healthy\Healthy710.jpg,2,Healthy
E:\eye diesea pred\Dataset 3\Eye Disease Image Dataset\Original Dataset\Original Dataset\Healthy\Healthy507.jpg,2,Healthy
E:\eye diesea pred\Dataset 3\Eye Disease Image Dataset\Original Dataset\Original Dataset\Healthy\Healthy977.jpg,2,Healthy
E:\eye diesea pred\Dataset 3\Eye Disease Image Dataset\Original Dataset\Original Dataset\Healthy\Healthy12.jpg,2,Healthy
E:\eye diesea pred\Dataset 3\Eye Disease Image Dataset\Original Dataset\Original Dataset\Healthy\Healthy839.jpg,2,Healthy
E:\eye diesea pred\Dataset 3\Eye Disease Image Dataset\Original Dataset\Original Dataset\Healthy\Healthy39.jpg,2,Healthy
E:\eye diesea pred\Dataset 3\Eye Disease Image Dataset\Original Dataset\Original Dataset\Healthy\Healthy313.jpg,2,Healthy
E:\eye diesea pred\Dataset 3\Eye Disease Image Dataset\Original Dataset\Original Dataset\Healthy\Healthy2.jpg,2,Healthy
E:\eye diesea pred\Dataset 3\Eye Disease Image Dataset\Original Dataset\Original Dataset\Healthy\Healthy961.jpg,2,Healthy
E:\eye diesea pred\Dataset 3\Eye Disease Image Dataset\Original Dataset\Original Dataset\Healthy\Healthy21.jpg,2,Healthy
E:\eye diesea pred\Dataset 3\Eye Disease Image Dataset\Original Dataset\Original Dataset\Healthy\Healthy804.jpg,2,Healthy
E:\eye diesea pred\Dataset 3\Eye Disease Image Dataset\Original Dataset\Original Dataset\Healthy\Healthy822.jpg,2,Healthy
E:\eye diesea pred\Dataset 3\Eye Disease Image Dataset\Original Dataset\Original Dataset\Healthy\Healthy225.jpg,2,Healthy
E:\eye diesea pred\Dataset 3\Eye Disease Image Dataset\Original Dataset\Original Dataset\Healthy\Healthy536.jpg,2,Healthy
E:\eye diesea pred\Dataset 3\Eye Disease Image Dataset\Original Dataset\Original Dataset\Healthy\Healthy762.jpg,2,Healthy
E:\eye diesea pred\Dataset 3\Eye Disease Image Dataset\Original Dataset\Original Dataset\Healthy\Healthy351.jpg,2,Healthy
E:\eye diesea pred\Dataset 3\Eye Disease Image Dataset\Original Dataset\Original Dataset\Healthy\Healthy560.jpg,2,Healthy
E:\eye diesea pred\Dataset 3\Eye Disease Image Dataset\Original Dataset\Original Dataset\Healthy\Healthy321.jpg,2,Healthy
E:\eye diesea pred\Dataset 3\Eye Disease Image Dataset\Original Dataset\Original Dataset\Healthy\Healthy654.jpg,2,Healthy
E:\eye diesea pred\Dataset 3\Eye Disease Image Dataset\Original Dataset\Original Dataset\Healthy\Healthy339.jpg,2,Healthy
E:\eye diesea pred\Dataset 3\Eye Disease Image Dataset\Original Dataset\Original Dataset\Healthy\Healthy894.jpg,2,Healthy
E:\eye diesea pred\Dataset 3\Eye Disease Image Dataset\Original Dataset\Original Dataset\Healthy\Healthy448.jpg,2,Healthy
E:\eye diesea pred\Dataset 3\Eye Disease Image Dataset\Original Dataset\Original Dataset\Healthy\Healthy479.jpg,2,Healthy
E:\eye diesea pred\Dataset 3\Eye Disease Image Dataset\Original Dataset\Original Dataset\Healthy\Healthy451.jpg,2,Healthy
E:\eye diesea pred\Dataset 3\Eye Disease Image Dataset\Original Dataset\Original Dataset\Healthy\Healthy785.jpg,2,Healthy
E:\eye diesea pred\Dataset 3\Eye Disease Image Dataset\Original Dataset\Original Dataset\Healthy\Healthy987.jpg,2,Healthy
E:\eye diesea pred\Dataset 3\Eye Disease Image Dataset\Original Dataset\Original Dataset\Healthy\Healthy140.jpg,2,Healthy
E:\eye diesea pred\Dataset 3\Eye Disease Image Dataset\Original Dataset\Original Dataset\Healthy\Healthy799.jpg,2,Healthy
E:\eye diesea pred\Dataset 3\Eye Disease Image Dataset\Original Dataset\Original Dataset\Healthy\Healthy681.jpg,2,Healthy
E:\eye diesea pred\Dataset 3\Eye Disease Image Dataset\Original Dataset\Original Dataset\Healthy\Healthy601.jpg,2,Healthy
E:\eye diesea pred\Dataset 3\Eye Disease Image Dataset\Original Dataset\Original Dataset\Healthy\Healthy368.jpg,2,Healthy
E:\eye diesea pred\Dataset 3\Eye Disease Image Dataset\Original Dataset\Original Dataset\Healthy\Healthy576.jpg,2,Healthy
E:\eye diesea pred\Dataset 3\Eye Disease Image Dataset\Original Dataset\Original Dataset\Healthy\Healthy898.jpg,2,Healthy
E:\eye diesea pred\Dataset 3\Eye Disease Image Dataset\Original Dataset\Original Dataset\Healthy\Healthy675.jpg,2,Healthy
E:\eye diesea pred\Dataset 3\Eye Disease Image Dataset\Original Dataset\Original Dataset\Healthy\Healthy238.jpg,2,Healthy
E:\eye diesea pred\Dataset 3\Eye Disease Image Dataset\Original Dataset\Original Dataset\Healthy\Healthy394.jpg,2,Healthy
E:\eye diesea pred\Dataset 3\Eye Disease Image Dataset\Original Dataset\Original Dataset\Healthy\Healthy348.jpg,2,Healthy
E:\eye diesea pred\Dataset 3\Eye Disease Image Dataset\Original Dataset\Original Dataset\Healthy\Healthy416.jpg,2,Healthy
E:\eye diesea pred\Dataset 3\Eye Disease Image Dataset\Original Dataset\Original Dataset\Healthy\Healthy63.jpg,2,Healthy
E:\eye diesea pred\Dataset 3\Eye Disease Image Dataset\Original Dataset\Original Dataset\Healthy\Healthy85.jpg,2,Healthy
E:\eye diesea pred\Dataset 3\Eye Disease Image Dataset\Original Dataset\Original Dataset\Healthy\Healthy186.jpg,2,Healthy
E:\eye diesea pred\Dataset 3\Eye Disease Image Dataset\Original Dataset\Original Dataset\Healthy\Healthy91.jpg,2,Healthy
E:\eye diesea pred\Dataset 3\Eye Disease Image Dataset\Original Dataset\Original Dataset\Healthy\Healthy951.jpg,2,Healthy
E:\eye diesea pred\Dataset 3\Eye Disease Image Dataset\Original Dataset\Original Dataset\Healthy\Healthy992.jpg,2,Healthy
E:\eye diesea pred\Dataset 3\Eye Disease Image Dataset\Original Dataset\Original Dataset\Healthy\Healthy476.jpg,2,Healthy
E:\eye diesea pred\Dataset 3\Eye Disease Image Dataset\Original Dataset\Original Dataset\Healthy\Healthy279.jpg,2,Healthy
E:\eye diesea pred\Dataset 3\Eye Disease Image Dataset\Original Dataset\Original Dataset\Healthy\Healthy116.jpg,2,Healthy
E:\eye diesea pred\Dataset 3\Eye Disease Image Dataset\Original Dataset\Original Dataset\Healthy\Healthy787.jpg,2,Healthy
E:\eye diesea pred\Dataset 3\Eye Disease Image Dataset\Original Dataset\Original Dataset\Healthy\Healthy835.jpg,2,Healthy
E:\eye diesea pred\Dataset 3\Eye Disease Image Dataset\Original Dataset\Original Dataset\Healthy\Healthy650.jpg,2,Healthy
E:\eye diesea pred\Dataset 3\Eye Disease Image Dataset\Original Dataset\Original Dataset\Healthy\Healthy198.jpg,2,Healthy
E:\eye diesea pred\Dataset 3\Eye Disease Image Dataset\Original Dataset\Original Dataset\Healthy\Healthy65.jpg,2,Healthy
E:\eye diesea pred\Dataset 3\Eye Disease Image Dataset\Original Dataset\Original Dataset\Healthy\Healthy874.jpg,2,Healthy
E:\eye diesea pred\Dataset 3\Eye Disease Image Dataset\Original Dataset\Original Dataset\Healthy\Healthy843.jpg,2,Healthy
E:\eye diesea pred\Dataset 3\Eye Disease Image Dataset\Original Dataset\Original Dataset\Healthy\Healthy937.jpg,2,Healthy
E:\eye diesea pred\Dataset 3\Eye Disease Image Dataset\Original Dataset\Original Dataset\Healthy\Healthy190.jpg,2,Healthy
E:\eye diesea pred\Dataset 3\Eye Disease Image Dataset\Original Dataset\Original Dataset\Healthy\Healthy825.jpg,2,Healthy
E:\eye diesea pred\Dataset 3\Eye Disease Image Dataset\Original Dataset\Original Dataset\Healthy\Healthy834.jpg,2,Healthy
E:\eye diesea pred\Dataset 3\Eye Disease Image Dataset\Original Dataset\Original Dataset\Healthy\Healthy459.jpg,2,Healthy
E:\eye diesea pred\Dataset 3\Eye Disease Image Dataset\Original Dataset\Original Dataset\Healthy\Healthy999.jpg,2,Healthy
E:\eye diesea pred\Dataset 3\Eye Disease Image Dataset\Original Dataset\Original Dataset\Healthy\Healthy123.jpg,2,Healthy
E:\eye diesea pred\Dataset 3\Eye Disease Image Dataset\Original Dataset\Original Dataset\Healthy\Healthy272.jpg,2,Healthy
E:\eye diesea pred\Dataset 3\Eye Disease Image Dataset\Original Dataset\Original Dataset\Healthy\Healthy706.jpg,2,Healthy
E:\eye diesea pred\Dataset 3\Eye Disease Image Dataset\Original Dataset\Original Dataset\Healthy\Healthy831.jpg,2,Healthy
E:\eye diesea pred\Dataset 3\Eye Disease Image Dataset\Original Dataset\Original Dataset\Healthy\Healthy541.jpg,2,Healthy
E:\eye diesea pred\Dataset 3\Eye Disease Image Dataset\Original Dataset\Original Dataset\Healthy\Healthy678.jpg,2,Healthy
E:\eye diesea pred\Dataset 3\Eye Disease Image Dataset\Original Dataset\Original Dataset\Healthy\Healthy735.jpg,2,Healthy
E:\eye diesea pred\Dataset 3\Eye Disease Image Dataset\Original Dataset\Original Dataset\Healthy\Healthy1017.jpg,2,Healthy
E:\eye diesea pred\Dataset 3\Eye Disease Image Dataset\Original Dataset\Original Dataset\Healthy\Healthy425.jpg,2,Healthy
E:\eye diesea pred\Dataset 3\Eye Disease Image Dataset\Original Dataset\Original Dataset\Healthy\Healthy964.jpg,2,Healthy
E:\eye diesea pred\Dataset 3\Eye Disease Image Dataset\Original Dataset\Original Dataset\Healthy\Healthy885.jpg,2,Healthy
E:\eye diesea pred\Dataset 3\Eye Disease Image Dataset\Original Dataset\Original Dataset\Healthy\Healthy574.jpg,2,Healthy
E:\eye diesea pred\Dataset 3\Eye Disease Image Dataset\Original Dataset\Original Dataset\Healthy\Healthy957.jpg,2,Healthy
E:\eye diesea pred\Dataset 3\Eye Disease Image Dataset\Original Dataset\Original Dataset\Healthy\Healthy327.jpg,2,Healthy
E:\eye diesea pred\Dataset 3\Eye Disease Image Dataset\Original Dataset\Original Dataset\Healthy\Healthy433.jpg,2,Healthy
E:\eye diesea pred\Dataset 3\Eye Disease Image Dataset\Original Dataset\Original Dataset\Healthy\Healthy705.jpg,2,Healthy
E:\eye diesea pred\Dataset 3\Eye Disease Image Dataset\Original Dataset\Original Dataset\Healthy\Healthy129.jpg,2,Healthy
E:\eye diesea pred\Dataset 3\Eye Disease Image Dataset\Original Dataset\Original Dataset\Healthy\Healthy950.jpg,2,Healthy
E:\eye diesea pred\Dataset 3\Eye Disease Image Dataset\Original Dataset\Original Dataset\Healthy\Healthy905.jpg,2,Healthy
E:\eye diesea pred\Dataset 3\Eye Disease Image Dataset\Original Dataset\Original Dataset\Healthy\Healthy311.jpg,2,Healthy
E:\eye diesea pred\Dataset 3\Eye Disease Image Dataset\Original Dataset\Original Dataset\Healthy\Healthy539.jpg,2,Healthy
E:\eye diesea pred\Dataset 3\Eye Disease Image Dataset\Original Dataset\Original Dataset\Healthy\Healthy304.jpg,2,Healthy
E:\eye diesea pred\Dataset 3\Eye Disease Image Dataset\Original Dataset\Original Dataset\Healthy\Healthy568.jpg,2,Healthy
E:\eye diesea pred\Dataset 3\Eye Disease Image Dataset\Original Dataset\Original Dataset\Healthy\Healthy432.jpg,2,Healthy
E:\eye diesea pred\Dataset 3\Eye Disease Image Dataset\Original Dataset\Original Dataset\Healthy\Healthy419.jpg,2,Healthy
E:\eye diesea pred\Dataset 3\Eye Disease Image Dataset\Original Dataset\Original Dataset\Healthy\Healthy337.jpg,2,Healthy
E:\eye diesea pred\Dataset 3\Eye Disease Image Dataset\Original Dataset\Original Dataset\Healthy\Healthy288.jpg,2,Healthy
E:\eye diesea pred\Dataset 3\Eye Disease Image Dataset\Original Dataset\Original Dataset\Healthy\Healthy436.jpg,2,Healthy
E:\eye diesea pred\Dataset 3\Eye Disease Image Dataset\Original Dataset\Original Dataset\Healthy\Healthy580.jpg,2,Healthy
E:\eye diesea pred\Dataset 3\Eye Disease Image Dataset\Original Dataset\Original Dataset\Healthy\Healthy561.jpg,2,Healthy
E:\eye diesea pred\Dataset 3\Eye Disease Image Dataset\Original Dataset\Original Dataset\Healthy\Healthy284.jpg,2,Healthy
E:\eye diesea pred\Dataset 3\Eye Disease Image Dataset\Original Dataset\Original Dataset\Healthy\Healthy952.jpg,2,Healthy
E:\eye diesea pred\Dataset 3\Eye Disease Image Dataset\Original Dataset\Original Dataset\Healthy\Healthy878.jpg,2,Healthy
E:\eye diesea pred\Dataset 3\Eye Disease Image Dataset\Original Dataset\Original Dataset\Healthy\Healthy346.jpg,2,Healthy
E:\eye diesea pred\Dataset 3\Eye Disease Image Dataset\Original Dataset\Original Dataset\Healthy\Healthy28.jpg,2,Healthy
E:\eye diesea pred\Dataset 3\Eye Disease Image Dataset\Original Dataset\Original Dataset\Healthy\Healthy104.jpg,2,Healthy
E:\eye diesea pred\Dataset 3\Eye Disease Image Dataset\Original Dataset\Original Dataset\Healthy\Healthy811.jpg,2,Healthy
E:\eye diesea pred\Dataset 3\Eye Disease Image Dataset\Original Dataset\Original Dataset\Healthy\Healthy757.jpg,2,Healthy
E:\eye diesea pred\Dataset 3\Eye Disease Image Dataset\Original Dataset\Original Dataset\Healthy\Healthy527.jpg,2,Healthy
E:\eye diesea pred\Dataset 3\Eye Disease Image Dataset\Original Dataset\Original Dataset\Healthy\Healthy486.jpg,2,Healthy
E:\eye diesea pred\Dataset 3\Eye Disease Image Dataset\Original Dataset\Original Dataset\Healthy\Healthy643.jpg,2,Healthy
E:\eye diesea pred\Dataset 3\Eye Disease Image Dataset\Original Dataset\Original Dataset\Healthy\Healthy53.jpg,2,Healthy
E:\eye diesea pred\Dataset 3\Eye Disease Image Dataset\Original Dataset\Original Dataset\Healthy\Healthy698.jpg,2,Healthy
E:\eye diesea pred\Dataset 3\Eye Disease Image Dataset\Original Dataset\Original Dataset\Healthy\Healthy532.jpg,2,Healthy
E:\eye diesea pred\Dataset 3\Eye Disease Image Dataset\Original Dataset\Original Dataset\Healthy\Healthy972.jpg,2,Healthy
E:\eye diesea pred\Dataset 3\Eye Disease Image Dataset\Original Dataset\Original Dataset\Healthy\Healthy855.jpg,2,Healthy
E:\eye diesea pred\Dataset 3\Eye Disease Image Dataset\Original Dataset\Original Dataset\Healthy\Healthy256.jpg,2,Healthy
E:\eye diesea pred\Dataset 3\Eye Disease Image Dataset\Original Dataset\Original Dataset\Healthy\Healthy976.jpg,2,Healthy
E:\eye diesea pred\Dataset 3\Eye Disease Image Dataset\Original Dataset\Original Dataset\Healthy\Healthy523.jpg,2,Healthy
E:\eye diesea pred\Dataset 3\Eye Disease Image Dataset\Original Dataset\Original Dataset\Healthy\Healthy903.jpg,2,Healthy
E:\eye diesea pred\Dataset 3\Eye Disease Image Dataset\Original Dataset\Original Dataset\Healthy\Healthy407.jpg,2,Healthy
E:\eye diesea pred\Dataset 3\Eye Disease Image Dataset\Original Dataset\Original Dataset\Healthy\Healthy845.jpg,2,Healthy
E:\eye diesea pred\Dataset 3\Eye Disease Image Dataset\Original Dataset\Original Dataset\Healthy\Healthy83.jpg,2,Healthy
E:\eye diesea pred\Dataset 3\Eye Disease Image Dataset\Original Dataset\Original Dataset\Healthy\Healthy875.jpg,2,Healthy
E:\eye diesea pred\Dataset 3\Eye Disease Image Dataset\Original Dataset\Original Dataset\Healthy\Healthy766.jpg,2,Healthy
E:\eye diesea pred\Dataset 3\Eye Disease Image Dataset\Original Dataset\Original Dataset\Healthy\Healthy852.jpg,2,Healthy
E:\eye diesea pred\Dataset 3\Eye Disease Image Dataset\Original Dataset\Original Dataset\Healthy\Healthy342.jpg,2,Healthy
E:\eye diesea pred\Dataset 3\Eye Disease Image Dataset\Original Dataset\Original Dataset\Healthy\Healthy818.jpg,2,Healthy
E:\eye diesea pred\Dataset 3\Eye Disease Image Dataset\Original Dataset\Original Dataset\Healthy\Healthy670.jpg,2,Healthy
E:\eye diesea pred\Dataset 3\Eye Disease Image Dataset\Original Dataset\Original Dataset\Healthy\Healthy236.jpg,2,Healthy
E:\eye diesea pred\Dataset 3\Eye Disease Image Dataset\Original Dataset\Original Dataset\Healthy\Healthy525.jpg,2,Healthy
E:\eye diesea pred\Dataset 3\Eye Disease Image Dataset\Original Dataset\Original Dataset\Healthy\Healthy61.jpg,2,Healthy
E:\eye diesea pred\Dataset 3\Eye Disease Image Dataset\Original Dataset\Original Dataset\Healthy\Healthy69.jpg,2,Healthy
E:\eye diesea pred\Dataset 3\Eye Disease Image Dataset\Original Dataset\Original Dataset\Healthy\Healthy43.jpg,2,Healthy
E:\eye diesea pred\Dataset 3\Eye Disease Image Dataset\Original Dataset\Original Dataset\Healthy\Healthy203.jpg,2,Healthy
E:\eye diesea pred\Dataset 3\Eye Disease Image Dataset\Original Dataset\Original Dataset\Healthy\Healthy680.jpg,2,Healthy
E:\eye diesea pred\Dataset 3\Eye Disease Image Dataset\Original Dataset\Original Dataset\Healthy\Healthy983.jpg,2,Healthy
E:\eye diesea pred\Dataset 3\Eye Disease Image Dataset\Original Dataset\Original Dataset\Healthy\Healthy548.jpg,2,Healthy
E:\eye diesea pred\Dataset 3\Eye Disease Image Dataset\Original Dataset\Original Dataset\Healthy\Healthy206.jpg,2,Healthy
E:\eye diesea pred\Dataset 3\Eye Disease Image Dataset\Original Dataset\Original Dataset\Healthy\Healthy926.jpg,2,Healthy
E:\eye diesea pred\Dataset 3\Eye Disease Image Dataset\Original Dataset\Original Dataset\Healthy\Healthy245.jpg,2,Healthy
E:\eye diesea pred\Dataset 3\Eye Disease Image Dataset\Original Dataset\Original Dataset\Healthy\Healthy184.jpg,2,Healthy
E:\eye diesea pred\Dataset 3\Eye Disease Image Dataset\Original Dataset\Original Dataset\Healthy\Healthy358.jpg,2,Healthy
E:\eye diesea pred\Dataset 3\Eye Disease Image Dataset\Original Dataset\Original Dataset\Healthy\Healthy297.jpg,2,Healthy
E:\eye diesea pred\Dataset 3\Eye Disease Image Dataset\Original Dataset\Original Dataset\Healthy\Healthy185.jpg,2,Healthy
E:\eye diesea pred\Dataset 3\Eye Disease Image Dataset\Original Dataset\Original Dataset\Healthy\Healthy788.jpg,2,Healthy
E:\eye diesea pred\Dataset 3\Eye Disease Image Dataset\Original Dataset\Original Dataset\Healthy\Healthy20.jpg,2,Healthy
E:\eye diesea pred\Dataset 3\Eye Disease Image Dataset\Original Dataset\Original Dataset\Healthy\Healthy772.jpg,2,Healthy
E:\eye diesea pred\Dataset 3\Eye Disease Image Dataset\Original Dataset\Original Dataset\Healthy\Healthy350.jpg,2,Healthy
E:\eye diesea pred\Dataset 3\Eye Disease Image Dataset\Original Dataset\Original Dataset\Healthy\Healthy235.jpg,2,Healthy
E:\eye diesea pred\Dataset 3\Eye Disease Image Dataset\Original Dataset\Original Dataset\Healthy\Healthy615.jpg,2,Healthy
E:\eye diesea pred\Dataset 3\Eye Disease Image Dataset\Original Dataset\Original Dataset\Healthy\Healthy400.jpg,2,Healthy
E:\eye diesea pred\Dataset 3\Eye Disease Image Dataset\Original Dataset\Original Dataset\Healthy\Healthy633.jpg,2,Healthy
E:\eye diesea pred\Dataset 3\Eye Disease Image Dataset\Original Dataset\Original Dataset\Healthy\Healthy870.jpg,2,Healthy
E:\eye diesea pred\Dataset 3\Eye Disease Image Dataset\Original Dataset\Original Dataset\Healthy\Healthy438.jpg,2,Healthy
E:\eye diesea pred\Dataset 3\Eye Disease Image Dataset\Original Dataset\Original Dataset\Healthy\Healthy854.jpg,2,Healthy
E:\eye diesea pred\Dataset 3\Eye Disease Image Dataset\Original Dataset\Original Dataset\Healthy\Healthy365.jpg,2,Healthy
E:\eye diesea pred\Dataset 3\Eye Disease Image Dataset\Original Dataset\Original Dataset\Healthy\Healthy892.jpg,2,Healthy
E:\eye diesea pred\Dataset 3\Eye Disease Image Dataset\Original Dataset\Original Dataset\Healthy\Healthy528.jpg,2,Healthy
E:\eye diesea pred\Dataset 3\Eye Disease Image Dataset\Original Dataset\Original Dataset\Healthy\Healthy318.jpg,2,Healthy
E:\eye diesea pred\Dataset 3\Eye Disease Image Dataset\Original Dataset\Original Dataset\Healthy\Healthy709.jpg,2,Healthy
E:\eye diesea pred\Dataset 3\Eye Disease Image Dataset\Original Dataset\Original Dataset\Healthy\Healthy953.jpg,2,Healthy
E:\eye diesea pred\Dataset 3\Eye Disease Image Dataset\Original Dataset\Original Dataset\Healthy\Healthy258.jpg,2,Healthy
E:\eye diesea pred\Dataset 3\Eye Disease Image Dataset\Original Dataset\Original Dataset\Healthy\Healthy713.jpg,2,Healthy
E:\eye diesea pred\Dataset 3\Eye Disease Image Dataset\Original Dataset\Original Dataset\Healthy\Healthy413.jpg,2,Healthy
E:\eye diesea pred\Dataset 3\Eye Disease Image Dataset\Original Dataset\Original Dataset\Healthy\Healthy791.jpg,2,Healthy
E:\eye diesea pred\Dataset 3\Eye Disease Image Dataset\Original Dataset\Original Dataset\Healthy\Healthy730.jpg,2,Healthy
E:\eye diesea pred\Dataset 3\Eye Disease Image Dataset\Original Dataset\Original Dataset\Healthy\Healthy794.jpg,2,Healthy
E:\eye diesea pred\Dataset 3\Eye Disease Image Dataset\Original Dataset\Original Dataset\Healthy\Healthy758.jpg,2,Healthy
E:\eye diesea pred\Dataset 3\Eye Disease Image Dataset\Original Dataset\Original Dataset\Healthy\Healthy333.jpg,2,Healthy
E:\eye diesea pred\Dataset 3\Eye Disease Image Dataset\Original Dataset\Original Dataset\Healthy\Healthy266.jpg,2,Healthy
E:\eye diesea pred\Dataset 3\Eye Disease Image Dataset\Original Dataset\Original Dataset\Healthy\Healthy274.jpg,2,Healthy
E:\eye diesea pred\Dataset 3\Eye Disease Image Dataset\Original Dataset\Original Dataset\Healthy\Healthy1001.jpg,2,Healthy
E:\eye diesea pred\Dataset 3\Eye Disease Image Dataset\Original Dataset\Original Dataset\Healthy\Healthy803.jpg,2,Healthy
E:\eye diesea pred\Dataset 3\Eye Disease Image Dataset\Original Dataset\Original Dataset\Healthy\Healthy472.jpg,2,Healthy
E:\eye diesea pred\Dataset 3\Eye Disease Image Dataset\Original Dataset\Original Dataset\Healthy\Healthy491.jpg,2,Healthy
E:\eye diesea pred\Dataset 3\Eye Disease Image Dataset\Original Dataset\Original Dataset\Healthy\Healthy259.jpg,2,Healthy
E:\eye diesea pred\Dataset 3\Eye Disease Image Dataset\Original Dataset\Original Dataset\Healthy\Healthy1024.jpg,2,Healthy
E:\eye diesea pred\Dataset 3\Eye Disease Image Dataset\Original Dataset\Original Dataset\Healthy\Healthy738.jpg,2,Healthy
E:\eye diesea pred\Dataset 3\Eye Disease Image Dataset\Original Dataset\Original Dataset\Healthy\Healthy824.jpg,2,Healthy
E:\eye diesea pred\Dataset 3\Eye Disease Image Dataset\Original Dataset\Original Dataset\Healthy\Healthy823.jpg,2,Healthy
E:\eye diesea pred\Dataset 3\Eye Disease Image Dataset\Original Dataset\Original Dataset\Healthy\Healthy246.jpg,2,Healthy
E:\eye diesea pred\Dataset 3\Eye Disease Image Dataset\Original Dataset\Original Dataset\Healthy\Healthy45.jpg,2,Healthy
E:\eye diesea pred\Dataset 3\Eye Disease Image Dataset\Original Dataset\Original Dataset\Healthy\Healthy842.jpg,2,Healthy
E:\eye diesea pred\Dataset 3\Eye Disease Image Dataset\Original Dataset\Original Dataset\Healthy\Healthy502.jpg,2,Healthy
E:\eye diesea pred\Dataset 3\Eye Disease Image Dataset\Original Dataset\Original Dataset\Healthy\Healthy47.jpg,2,Healthy
E:\eye diesea pred\Dataset 3\Eye Disease Image Dataset\Original Dataset\Original Dataset\Healthy\Healthy593.jpg,2,Healthy
E:\eye diesea pred\Dataset 3\Eye Disease Image Dataset\Original Dataset\Original Dataset\Healthy\Healthy381.jpg,2,Healthy
E:\eye diesea pred\Dataset 3\Eye Disease Image Dataset\Original Dataset\Original Dataset\Healthy\Healthy223.jpg,2,Healthy
E:\eye diesea pred\Dataset 3\Eye Disease Image Dataset\Original Dataset\Original Dataset\Healthy\Healthy907.jpg,2,Healthy
E:\eye diesea pred\Dataset 3\Eye Disease Image Dataset\Original Dataset\Original Dataset\Healthy\Healthy237.jpg,2,Healthy
E:\eye diesea pred\Dataset 3\Eye Disease Image Dataset\Original Dataset\Original Dataset\Healthy\Healthy552.jpg,2,Healthy
E:\eye diesea pred\Dataset 3\Eye Disease Image Dataset\Original Dataset\Original Dataset\Healthy\Healthy922.jpg,2,Healthy
E:\eye diesea pred\Dataset 3\Eye Disease Image Dataset\Original Dataset\Original Dataset\Healthy\Healthy228.jpg,2,Healthy
E:\eye diesea pred\Dataset 3\Eye Disease Image Dataset\Original Dataset\Original Dataset\Healthy\Healthy673.jpg,2,Healthy
E:\eye diesea pred\Dataset 3\Eye Disease Image Dataset\Original Dataset\Original Dataset\Healthy\Healthy638.jpg,2,Healthy
E:\eye diesea pred\Dataset 3\Eye Disease Image Dataset\Original Dataset\Original Dataset\Healthy\Healthy1019.jpg,2,Healthy
E:\eye diesea pred\Dataset 3\Eye Disease Image Dataset\Original Dataset\Original Dataset\Healthy\Healthy182.jpg,2,Healthy
E:\eye diesea pred\Dataset 3\Eye Disease Image Dataset\Original Dataset\Original Dataset\Healthy\Healthy994.jpg,2,Healthy
E:\eye diesea pred\Dataset 3\Eye Disease Image Dataset\Original Dataset\Original Dataset\Healthy\Healthy728.jpg,2,Healthy
E:\eye diesea pred\Dataset 3\Eye Disease Image Dataset\Original Dataset\Original Dataset\Healthy\Healthy138.jpg,2,Healthy
E:\eye diesea pred\Dataset 3\Eye Disease Image Dataset\Original Dataset\Original Dataset\Healthy\Healthy947.jpg,2,Healthy
E:\eye diesea pred\Dataset 3\Eye Disease Image Dataset\Original Dataset\Original Dataset\Healthy\Healthy494.jpg,2,Healthy
E:\eye diesea pred\Dataset 3\Eye Disease Image Dataset\Original Dataset\Original Dataset\Healthy\Healthy70.jpg,2,Healthy
E:\eye diesea pred\Dataset 3\Eye Disease Image Dataset\Original Dataset\Original Dataset\Healthy\Healthy166.jpg,2,Healthy
E:\eye diesea pred\Dataset 3\Eye Disease Image Dataset\Original Dataset\Original Dataset\Healthy\Healthy906.jpg,2,Healthy
E:\eye diesea pred\Dataset 3\Eye Disease Image Dataset\Original Dataset\Original Dataset\Healthy\Healthy64.jpg,2,Healthy
E:\eye diesea pred\Dataset 3\Eye Disease Image Dataset\Original Dataset\Original Dataset\Healthy\Healthy969.jpg,2,Healthy
E:\eye diesea pred\Dataset 3\Eye Disease Image Dataset\Original Dataset\Original Dataset\Healthy\Healthy768.jpg,2,Healthy
E:\eye diesea pred\Dataset 3\Eye Disease Image Dataset\Original Dataset\Original Dataset\Healthy\Healthy267.jpg,2,Healthy
E:\eye diesea pred\Dataset 3\Eye Disease Image Dataset\Original Dataset\Original Dataset\Healthy\Healthy971.jpg,2,Healthy
E:\eye diesea pred\Dataset 3\Eye Disease Image Dataset\Original Dataset\Original Dataset\Healthy\Healthy393.jpg,2,Healthy
E:\eye diesea pred\Dataset 3\Eye Disease Image Dataset\Original Dataset\Original Dataset\Healthy\Healthy364.jpg,2,Healthy
E:\eye diesea pred\Dataset 3\Eye Disease Image Dataset\Original Dataset\Original Dataset\Healthy\Healthy398.jpg,2,Healthy
E:\eye diesea pred\Dataset 3\Eye Disease Image Dataset\Original Dataset\Original Dataset\Healthy\Healthy207.jpg,2,Healthy
E:\eye diesea pred\Dataset 3\Eye Disease Image Dataset\Original Dataset\Original Dataset\Healthy\Healthy183.jpg,2,Healthy
E:\eye diesea pred\Dataset 3\Eye Disease Image Dataset\Original Dataset\Original Dataset\Healthy\Healthy674.jpg,2,Healthy
E:\eye diesea pred\Dataset 3\Eye Disease Image Dataset\Original Dataset\Original Dataset\Healthy\Healthy46.jpg,2,Healthy
E:\eye diesea pred\Dataset 3\Eye Disease Image Dataset\Original Dataset\Original Dataset\Healthy\Healthy816.jpg,2,Healthy
E:\eye diesea pred\Dataset 3\Eye Disease Image Dataset\Original Dataset\Original Dataset\Healthy\Healthy173.jpg,2,Healthy
E:\eye diesea pred\Dataset 3\Eye Disease Image Dataset\Original Dataset\Original Dataset\Healthy\Healthy963.jpg,2,Healthy
E:\eye diesea pred\Dataset 3\Eye Disease Image Dataset\Original Dataset\Original Dataset\Healthy\Healthy1020.jpg,2,Healthy
E:\eye diesea pred\Dataset 3\Eye Disease Image Dataset\Original Dataset\Original Dataset\Healthy\Healthy395.jpg,2,Healthy
E:\eye diesea pred\Dataset 3\Eye Disease Image Dataset\Original Dataset\Original Dataset\Healthy\Healthy975.jpg,2,Healthy
E:\eye diesea pred\Dataset 3\Eye Disease Image Dataset\Original Dataset\Original Dataset\Healthy\Healthy848.jpg,2,Healthy
E:\eye diesea pred\Dataset 3\Eye Disease Image Dataset\Original Dataset\Original Dataset\Healthy\Healthy619.jpg,2,Healthy
E:\eye diesea pred\Dataset 3\Eye Disease Image Dataset\Original Dataset\Original Dataset\Healthy\Healthy503.jpg,2,Healthy
E:\eye diesea pred\Dataset 3\Eye Disease Image Dataset\Original Dataset\Original Dataset\Healthy\Healthy437.jpg,2,Healthy
E:\eye diesea pred\Dataset 3\Eye Disease Image Dataset\Original Dataset\Original Dataset\Healthy\Healthy421.jpg,2,Healthy
E:\eye diesea pred\Dataset 3\Eye Disease Image Dataset\Original Dataset\Original Dataset\Healthy\Healthy488.jpg,2,Healthy
E:\eye diesea pred\Dataset 3\Eye Disease Image Dataset\Original Dataset\Original Dataset\Healthy\Healthy280.jpg,2,Healthy
E:\eye diesea pred\Dataset 3\Eye Disease Image Dataset\Original Dataset\Original Dataset\Healthy\Healthy715.jpg,2,Healthy
E:\eye diesea pred\Dataset 3\Eye Disease Image Dataset\Original Dataset\Original Dataset\Healthy\Healthy611.jpg,2,Healthy
E:\eye diesea pred\Dataset 3\Eye Disease Image Dataset\Original Dataset\Original Dataset\Healthy\Healthy591.jpg,2,Healthy
E:\eye diesea pred\Dataset 3\Eye Disease Image Dataset\Original Dataset\Original Dataset\Healthy\Healthy555.jpg,2,Healthy
E:\eye diesea pred\Dataset 3\Eye Disease Image Dataset\Original Dataset\Original Dataset\Healthy\Healthy547.jpg,2,Healthy
E:\eye diesea pred\Dataset 3\Eye Disease Image Dataset\Original Dataset\Original Dataset\Healthy\Healthy281.jpg,2,Healthy
E:\eye diesea pred\Dataset 3\Eye Disease Image Dataset\Original Dataset\Original Dataset\Healthy\Healthy314.jpg,2,Healthy
E:\eye diesea pred\Dataset 3\Eye Disease Image Dataset\Original Dataset\Original Dataset\Healthy\Healthy844.jpg,2,Healthy
E:\eye diesea pred\Dataset 3\Eye Disease Image Dataset\Original Dataset\Original Dataset\Healthy\Healthy1007.jpg,2,Healthy
E:\eye diesea pred\Dataset 3\Eye Disease Image Dataset\Original Dataset\Original Dataset\Healthy\Healthy174.jpg,2,Healthy
E:\eye diesea pred\Dataset 3\Eye Disease Image Dataset\Original Dataset\Original Dataset\Healthy\Healthy731.jpg,2,Healthy
E:\eye diesea pred\Dataset 3\Eye Disease Image Dataset\Original Dataset\Original Dataset\Healthy\Healthy9.jpg,2,Healthy
E:\eye diesea pred\Dataset 3\Eye Disease Image Dataset\Original Dataset\Original Dataset\Healthy\Healthy445.jpg,2,Healthy
E:\eye diesea pred\Dataset 3\Eye Disease Image Dataset\Original Dataset\Original Dataset\Healthy\Healthy596.jpg,2,Healthy
E:\eye diesea pred\Dataset 3\Eye Disease Image Dataset\Original Dataset\Original Dataset\Healthy\Healthy117.jpg,2,Healthy
E:\eye diesea pred\Dataset 3\Eye Disease Image Dataset\Original Dataset\Original Dataset\Healthy\Healthy641.jpg,2,Healthy
E:\eye diesea pred\Dataset 3\Eye Disease Image Dataset\Original Dataset\Original Dataset\Healthy\Healthy23.jpg,2,Healthy
E:\eye diesea pred\Dataset 3\Eye Disease Image Dataset\Original Dataset\Original Dataset\Healthy\Healthy403.jpg,2,Healthy
E:\eye diesea pred\Dataset 3\Eye Disease Image Dataset\Original Dataset\Original Dataset\Healthy\Healthy305.jpg,2,Healthy
E:\eye diesea pred\Dataset 3\Eye Disease Image Dataset\Original Dataset\Original Dataset\Healthy\Healthy177.jpg,2,Healthy
E:\eye diesea pred\Dataset 3\Eye Disease Image Dataset\Original Dataset\Original Dataset\Healthy\Healthy819.jpg,2,Healthy
E:\eye diesea pred\Dataset 3\Eye Disease Image Dataset\Original Dataset\Original Dataset\Healthy\Healthy968.jpg,2,Healthy
E:\eye diesea pred\Dataset 3\Eye Disease Image Dataset\Original Dataset\Original Dataset\Healthy\Healthy73.jpg,2,Healthy
E:\eye diesea pred\Dataset 3\Eye Disease Image Dataset\Original Dataset\Original Dataset\Healthy\Healthy571.jpg,2,Healthy
E:\eye diesea pred\Dataset 3\Eye Disease Image Dataset\Original Dataset\Original Dataset\Healthy\Healthy797.jpg,2,Healthy
E:\eye diesea pred\Dataset 3\Eye Disease Image Dataset\Original Dataset\Original Dataset\Healthy\Healthy11.jpg,2,Healthy
E:\eye diesea pred\Dataset 3\Eye Disease Image Dataset\Original Dataset\Original Dataset\Healthy\Healthy880.jpg,2,Healthy
E:\eye diesea pred\Dataset 3\Eye Disease Image Dataset\Original Dataset\Original Dataset\Healthy\Healthy462.jpg,2,Healthy
E:\eye diesea pred\Dataset 3\Eye Disease Image Dataset\Original Dataset\Original Dataset\Healthy\Healthy543.jpg,2,Healthy
E:\eye diesea pred\Dataset 3\Eye Disease Image Dataset\Original Dataset\Original Dataset\Healthy\Healthy57.jpg,2,Healthy
E:\eye diesea pred\Dataset 3\Eye Disease Image Dataset\Original Dataset\Original Dataset\Healthy\Healthy446.jpg,2,Healthy
E:\eye diesea pred\Dataset 3\Eye Disease Image Dataset\Original Dataset\Original Dataset\Healthy\Healthy613.jpg,2,Healthy
E:\eye diesea pred\Dataset 3\Eye Disease Image Dataset\Original Dataset\Original Dataset\Healthy\Healthy723.jpg,2,Healthy
E:\eye diesea pred\Dataset 3\Eye Disease Image Dataset\Original Dataset\Original Dataset\Healthy\Healthy796.jpg,2,Healthy
E:\eye diesea pred\Dataset 3\Eye Disease Image Dataset\Original Dataset\Original Dataset\Healthy\Healthy79.jpg,2,Healthy
E:\eye diesea pred\Dataset 3\Eye Disease Image Dataset\Original Dataset\Original Dataset\Healthy\Healthy815.jpg,2,Healthy
E:\eye diesea pred\Dataset 3\Eye Disease Image Dataset\Original Dataset\Original Dataset\Healthy\Healthy908.jpg,2,Healthy
E:\eye diesea pred\Dataset 3\Eye Disease Image Dataset\Original Dataset\Original Dataset\Healthy\Healthy467.jpg,2,Healthy
E:\eye diesea pred\Dataset 3\Eye Disease Image Dataset\Original Dataset\Original Dataset\Healthy\Healthy851.jpg,2,Healthy
E:\eye diesea pred\Dataset 3\Eye Disease Image Dataset\Original Dataset\Original Dataset\Healthy\Healthy684.jpg,2,Healthy
E:\eye diesea pred\Dataset 3\Eye Disease Image Dataset\Original Dataset\Original Dataset\Healthy\Healthy932.jpg,2,Healthy
E:\eye diesea pred\Dataset 3\Eye Disease Image Dataset\Original Dataset\Original Dataset\Healthy\Healthy3.jpg,2,Healthy
E:\eye diesea pred\Dataset 3\Eye Disease Image Dataset\Original Dataset\Original Dataset\Healthy\Healthy356.jpg,2,Healthy
E:\eye diesea pred\Dataset 3\Eye Disease Image Dataset\Original Dataset\Original Dataset\Healthy\Healthy718.jpg,2,Healthy
E:\eye diesea pred\Dataset 3\Eye Disease Image Dataset\Original Dataset\Original Dataset\Healthy\Healthy763.jpg,2,Healthy
E:\eye diesea pred\Dataset 3\Eye Disease Image Dataset\Original Dataset\Original Dataset\Healthy\Healthy90.jpg,2,Healthy
E:\eye diesea pred\Dataset 3\Eye Disease Image Dataset\Original Dataset\Original Dataset\Healthy\Healthy453.jpg,2,Healthy
E:\eye diesea pred\Dataset 3\Eye Disease Image Dataset\Original Dataset\Original Dataset\Healthy\Healthy14.jpg,2,Healthy
E:\eye diesea pred\Dataset 3\Eye Disease Image Dataset\Original Dataset\Original Dataset\Healthy\Healthy998.jpg,2,Healthy
E:\eye diesea pred\Dataset 3\Eye Disease Image Dataset\Original Dataset\Original Dataset\Healthy\Healthy480.jpg,2,Healthy
E:\eye diesea pred\Dataset 3\Eye Disease Image Dataset\Original Dataset\Original Dataset\Healthy\Healthy27.jpg,2,Healthy
E:\eye diesea pred\Dataset 3\Eye Disease Image Dataset\Original Dataset\Original Dataset\Healthy\Healthy501.jpg,2,Healthy
E:\eye diesea pred\Dataset 3\Eye Disease Image Dataset\Original Dataset\Original Dataset\Healthy\Healthy1022.jpg,2,Healthy
E:\eye diesea pred\Dataset 3\Eye Disease Image Dataset\Original Dataset\Original Dataset\Healthy\Healthy584.jpg,2,Healthy
E:\eye diesea pred\Dataset 3\Eye Disease Image Dataset\Original Dataset\Original Dataset\Healthy\Healthy242.jpg,2,Healthy
E:\eye diesea pred\Dataset 3\Eye Disease Image Dataset\Original Dataset\Original Dataset\Healthy\Healthy58.jpg,2,Healthy
E:\eye diesea pred\Dataset 3\Eye Disease Image Dataset\Original Dataset\Original Dataset\Healthy\Healthy622.jpg,2,Healthy
E:\eye diesea pred\Dataset 3\Eye Disease Image Dataset\Original Dataset\Original Dataset\Healthy\Healthy260.jpg,2,Healthy
E:\eye diesea pred\Dataset 3\Eye Disease Image Dataset\Original Dataset\Original Dataset\Healthy\Healthy863.jpg,2,Healthy
E:\eye diesea pred\Dataset 3\Eye Disease Image Dataset\Original Dataset\Original Dataset\Healthy\Healthy181.jpg,2,Healthy
E:\eye diesea pred\Dataset 3\Eye Disease Image Dataset\Original Dataset\Original Dataset\Healthy\Healthy412.jpg,2,Healthy
E:\eye diesea pred\Dataset 3\Eye Disease Image Dataset\Original Dataset\Original Dataset\Healthy\Healthy439.jpg,2,Healthy
E:\eye diesea pred\Dataset 3\Eye Disease Image Dataset\Original Dataset\Original Dataset\Healthy\Healthy881.jpg,2,Healthy
E:\eye diesea pred\Dataset 3\Eye Disease Image Dataset\Original Dataset\Original Dataset\Healthy\Healthy423.jpg,2,Healthy
E:\eye diesea pred\Dataset 3\Eye Disease Image Dataset\Original Dataset\Original Dataset\Healthy\Healthy377.jpg,2,Healthy
E:\eye diesea pred\Dataset 3\Eye Disease Image Dataset\Original Dataset\Original Dataset\Healthy\Healthy77.jpg,2,Healthy
E:\eye diesea pred\Dataset 3\Eye Disease Image Dataset\Original Dataset\Original Dataset\Healthy\Healthy607.jpg,2,Healthy
E:\eye diesea pred\Dataset 3\Eye Disease Image Dataset\Original Dataset\Original Dataset\Healthy\Healthy829.jpg,2,Healthy
E:\eye diesea pred\Dataset 3\Eye Disease Image Dataset\Original Dataset\Original Dataset\Healthy\Healthy660.jpg,2,Healthy
E:\eye diesea pred\Dataset 3\Eye Disease Image Dataset\Original Dataset\Original Dataset\Healthy\Healthy725.jpg,2,Healthy
E:\eye diesea pred\Dataset 3\Eye Disease Image Dataset\Original Dataset\Original Dataset\Healthy\Healthy775.jpg,2,Healthy
E:\eye diesea pred\Dataset 3\Eye Disease Image Dataset\Original Dataset\Original Dataset\Healthy\Healthy370.jpg,2,Healthy
E:\eye diesea pred\Dataset 3\Eye Disease Image Dataset\Original Dataset\Original Dataset\Healthy\Healthy867.jpg,2,Healthy
E:\eye diesea pred\Dataset 3\Eye Disease Image Dataset\Original Dataset\Original Dataset\Myopia\Myopia438.jpg,3,Myopia
E:\eye diesea pred\Dataset 3\Eye Disease Image Dataset\Original Dataset\Original Dataset\Myopia\Myopia279.jpg,3,Myopia
E:\eye diesea pred\Dataset 3\Eye Disease Image Dataset\Original Dataset\Original Dataset\Myopia\Myopia331.jpg,3,Myopia
E:\eye diesea pred\Dataset 3\Eye Disease Image Dataset\Original Dataset\Original Dataset\Myopia\Myopia277.jpg,3,Myopia
E:\eye diesea pred\Dataset 3\Eye Disease Image Dataset\Original Dataset\Original Dataset\Myopia\Myopia33.jpg,3,Myopia
E:\eye diesea pred\Dataset 3\Eye Disease Image Dataset\Original Dataset\Original Dataset\Myopia\Myopia429.jpg,3,Myopia
E:\eye diesea pred\Dataset 3\Eye Disease Image Dataset\Original Dataset\Original Dataset\Myopia\Myopia388.jpg,3,Myopia
E:\eye diesea pred\Dataset 3\Eye Disease Image Dataset\Original Dataset\Original Dataset\Myopia\Myopia384.jpg,3,Myopia
E:\eye diesea pred\Dataset 3\Eye Disease Image Dataset\Original Dataset\Original Dataset\Myopia\Myopia203.jpg,3,Myopia
E:\eye diesea pred\Dataset 3\Eye Disease Image Dataset\Original Dataset\Original Dataset\Myopia\Myopia128.jpg,3,Myopia
E:\eye diesea pred\Dataset 3\Eye Disease Image Dataset\Original Dataset\Original Dataset\Myopia\Myopia101.jpg,3,Myopia
E:\eye diesea pred\Dataset 3\Eye Disease Image Dataset\Original Dataset\Original Dataset\Myopia\Myopia272.jpg,3,Myopia
E:\eye diesea pred\Dataset 3\Eye Disease Image Dataset\Original Dataset\Original Dataset\Myopia\Myopia282.jpg,3,Myopia
E:\eye diesea pred\Dataset 3\Eye Disease Image Dataset\Original Dataset\Original Dataset\Myopia\Myopia451.jpg,3,Myopia
E:\eye diesea pred\Dataset 3\Eye Disease Image Dataset\Original Dataset\Original Dataset\Myopia\Myopia431.jpg,3,Myopia
E:\eye diesea pred\Dataset 3\Eye Disease Image Dataset\Original Dataset\Original Dataset\Myopia\Myopia300.jpg,3,Myopia
E:\eye diesea pred\Dataset 3\Eye Disease Image Dataset\Original Dataset\Original Dataset\Myopia\Myopia365.jpg,3,Myopia
E:\eye diesea pred\Dataset 3\Eye Disease Image Dataset\Original Dataset\Original Dataset\Myopia\Myopia204.jpg,3,Myopia
E:\eye diesea pred\Dataset 3\Eye Disease Image Dataset\Original Dataset\Original Dataset\Myopia\Myopia367.jpg,3,Myopia
E:\eye diesea pred\Dataset 3\Eye Disease Image Dataset\Original Dataset\Original Dataset\Myopia\Myopia408.jpg,3,Myopia
E:\eye diesea pred\Dataset 3\Eye Disease Image Dataset\Original Dataset\Original Dataset\Myopia\Myopia391.jpg,3,Myopia
E:\eye diesea pred\Dataset 3\Eye Disease Image Dataset\Original Dataset\Original Dataset\Myopia\Myopia475.jpg,3,Myopia
E:\eye diesea pred\Dataset 3\Eye Disease Image Dataset\Original Dataset\Original Dataset\Myopia\Myopia356.jpg,3,Myopia
E:\eye diesea pred\Dataset 3\Eye Disease Image Dataset\Original Dataset\Original Dataset\Myopia\Myopia41.jpg,3,Myopia
E:\eye diesea pred\Dataset 3\Eye Disease Image Dataset\Original Dataset\Original Dataset\Myopia\Myopia229.jpg,3,Myopia
E:\eye diesea pred\Dataset 3\Eye Disease Image Dataset\Original Dataset\Original Dataset\Myopia\Myopia430.jpg,3,Myopia
E:\eye diesea pred\Dataset 3\Eye Disease Image Dataset\Original Dataset\Original Dataset\Myopia\Myopia69.jpg,3,Myopia
E:\eye diesea pred\Dataset 3\Eye Disease Image Dataset\Original Dataset\Original Dataset\Myopia\Myopia222.jpg,3,Myopia
E:\eye diesea pred\Dataset 3\Eye Disease Image Dataset\Original Dataset\Original Dataset\Myopia\Myopia346.jpg,3,Myopia
E:\eye diesea pred\Dataset 3\Eye Disease Image Dataset\Original Dataset\Original Dataset\Myopia\Myopia250.jpg,3,Myopia
E:\eye diesea pred\Dataset 3\Eye Disease Image Dataset\Original Dataset\Original Dataset\Myopia\Myopia98.jpg,3,Myopia
E:\eye diesea pred\Dataset 3\Eye Disease Image Dataset\Original Dataset\Original Dataset\Myopia\Myopia55.jpg,3,Myopia
E:\eye diesea pred\Dataset 3\Eye Disease Image Dataset\Original Dataset\Original Dataset\Myopia\Myopia244.jpg,3,Myopia
E:\eye diesea pred\Dataset 3\Eye Disease Image Dataset\Original Dataset\Original Dataset\Myopia\Myopia97.jpg,3,Myopia
E:\eye diesea pred\Dataset 3\Eye Disease Image Dataset\Original Dataset\Original Dataset\Myopia\Myopia232.jpg,3,Myopia
E:\eye diesea pred\Dataset 3\Eye Disease Image Dataset\Original Dataset\Original Dataset\Myopia\Myopia169.jpg,3,Myopia
E:\eye diesea pred\Dataset 3\Eye Disease Image Dataset\Original Dataset\Original Dataset\Myopia\Myopia324.jpg,3,Myopia
E:\eye diesea pred\Dataset 3\Eye Disease Image Dataset\Original Dataset\Original Dataset\Myopia\Myopia386.jpg,3,Myopia
E:\eye diesea pred\Dataset 3\Eye Disease Image Dataset\Original Dataset\Original Dataset\Myopia\Myopia100.jpg,3,Myopia
E:\eye diesea pred\Dataset 3\Eye Disease Image Dataset\Original Dataset\Original Dataset\Myopia\Myopia441.jpg,3,Myopia
E:\eye diesea pred\Dataset 3\Eye Disease Image Dataset\Original Dataset\Original Dataset\Myopia\Myopia394.jpg,3,Myopia
E:\eye diesea pred\Dataset 3\Eye Disease Image Dataset\Original Dataset\Original Dataset\Myopia\Myopia461.jpg,3,Myopia
E:\eye diesea pred\Dataset 3\Eye Disease Image Dataset\Original Dataset\Original Dataset\Myopia\Myopia447.jpg,3,Myopia
E:\eye diesea pred\Dataset 3\Eye Disease Image Dataset\Original Dataset\Original Dataset\Myopia\Myopia205.jpg,3,Myopia
E:\eye diesea pred\Dataset 3\Eye Disease Image Dataset\Original Dataset\Original Dataset\Myopia\Myopia174.jpg,3,Myopia
E:\eye diesea pred\Dataset 3\Eye Disease Image Dataset\Original Dataset\Original Dataset\Myopia\Myopia173.jpg,3,Myopia
E:\eye diesea pred\Dataset 3\Eye Disease Image Dataset\Original Dataset\Original Dataset\Myopia\Myopia68.jpg,3,Myopia
E:\eye diesea pred\Dataset 3\Eye Disease Image Dataset\Original Dataset\Original Dataset\Myopia\Myopia419.jpg,3,Myopia
E:\eye diesea pred\Dataset 3\Eye Disease Image Dataset\Original Dataset\Original Dataset\Myopia\Myopia13.jpg,3,Myopia
E:\eye diesea pred\Dataset 3\Eye Disease Image Dataset\Original Dataset\Original Dataset\Myopia\Myopia43.jpg,3,Myopia
E:\eye diesea pred\Dataset 3\Eye Disease Image Dataset\Original Dataset\Original Dataset\Myopia\Myopia340.jpg,3,Myopia
E:\eye diesea pred\Dataset 3\Eye Disease Image Dataset\Original Dataset\Original Dataset\Myopia\Myopia357.jpg,3,Myopia
E:\eye diesea pred\Dataset 3\Eye Disease Image Dataset\Original Dataset\Original Dataset\Myopia\Myopia54.jpg,3,Myopia
E:\eye diesea pred\Dataset 3\Eye Disease Image Dataset\Original Dataset\Original Dataset\Myopia\Myopia152.jpg,3,Myopia
E:\eye diesea pred\Dataset 3\Eye Disease Image Dataset\Original Dataset\Original Dataset\Myopia\Myopia233.jpg,3,Myopia
E:\eye diesea pred\Dataset 3\Eye Disease Image Dataset\Original Dataset\Original Dataset\Myopia\Myopia24.jpg,3,Myopia
E:\eye diesea pred\Dataset 3\Eye Disease Image Dataset\Original Dataset\Original Dataset\Myopia\Myopia470.jpg,3,Myopia
E:\eye diesea pred\Dataset 3\Eye Disease Image Dataset\Original Dataset\Original Dataset\Myopia\Myopia217.jpg,3,Myopia
E:\eye diesea pred\Dataset 3\Eye Disease Image Dataset\Original Dataset\Original Dataset\Myopia\Myopia404.jpg,3,Myopia
E:\eye diesea pred\Dataset 3\Eye Disease Image Dataset\Original Dataset\Original Dataset\Myopia\Myopia131.jpg,3,Myopia
E:\eye diesea pred\Dataset 3\Eye Disease Image Dataset\Original Dataset\Original Dataset\Myopia\Myopia91.jpg,3,Myopia
E:\eye diesea pred\Dataset 3\Eye Disease Image Dataset\Original Dataset\Original Dataset\Myopia\Myopia436.jpg,3,Myopia
E:\eye diesea pred\Dataset 3\Eye Disease Image Dataset\Original Dataset\Original Dataset\Myopia\Myopia45.jpg,3,Myopia
E:\eye diesea pred\Dataset 3\Eye Disease Image Dataset\Original Dataset\Original Dataset\Myopia\Myopia440.jpg,3,Myopia
E:\eye diesea pred\Dataset 3\Eye Disease Image Dataset\Original Dataset\Original Dataset\Myopia\Myopia495.jpg,3,Myopia
E:\eye diesea pred\Dataset 3\Eye Disease Image Dataset\Original Dataset\Original Dataset\Myopia\Myopia10.jpg,3,Myopia
E:\eye diesea pred\Dataset 3\Eye Disease Image Dataset\Original Dataset\Original Dataset\Myopia\Myopia151.jpg,3,Myopia
E:\eye diesea pred\Dataset 3\Eye Disease Image Dataset\Original Dataset\Original Dataset\Myopia\Myopia342.jpg,3,Myopia
E:\eye diesea pred\Dataset 3\Eye Disease Image Dataset\Original Dataset\Original Dataset\Myopia\Myopia130.jpg,3,Myopia
E:\eye diesea pred\Dataset 3\Eye Disease Image Dataset\Original Dataset\Original Dataset\Myopia\Myopia496.jpg,3,Myopia
E:\eye diesea pred\Dataset 3\Eye Disease Image Dataset\Original Dataset\Original Dataset\Myopia\Myopia317.jpg,3,Myopia
E:\eye diesea pred\Dataset 3\Eye Disease Image Dataset\Original Dataset\Original Dataset\Myopia\Myopia3.jpg,3,Myopia
E:\eye diesea pred\Dataset 3\Eye Disease Image Dataset\Original Dataset\Original Dataset\Myopia\Myopia99.jpg,3,Myopia
E:\eye diesea pred\Dataset 3\Eye Disease Image Dataset\Original Dataset\Original Dataset\Myopia\Myopia293.jpg,3,Myopia
E:\eye diesea pred\Dataset 3\Eye Disease Image Dataset\Original Dataset\Original Dataset\Myopia\Myopia27.jpg,3,Myopia
E:\eye diesea pred\Dataset 3\Eye Disease Image Dataset\Original Dataset\Original Dataset\Myopia\Myopia485.jpg,3,Myopia
E:\eye diesea pred\Dataset 3\Eye Disease Image Dataset\Original Dataset\Original Dataset\Myopia\Myopia434.jpg,3,Myopia
E:\eye diesea pred\Dataset 3\Eye Disease Image Dataset\Original Dataset\Original Dataset\Myopia\Myopia294.jpg,3,Myopia
E:\eye diesea pred\Dataset 3\Eye Disease Image Dataset\Original Dataset\Original Dataset\Myopia\Myopia149.jpg,3,Myopia
E:\eye diesea pred\Dataset 3\Eye Disease Image Dataset\Original Dataset\Original Dataset\Myopia\Myopia227.jpg,3,Myopia
E:\eye diesea pred\Dataset 3\Eye Disease Image Dataset\Original Dataset\Original Dataset\Myopia\Myopia148.jpg,3,Myopia
E:\eye diesea pred\Dataset 3\Eye Disease Image Dataset\Original Dataset\Original Dataset\Myopia\Myopia291.jpg,3,Myopia
E:\eye diesea pred\Dataset 3\Eye Disease Image Dataset\Original Dataset\Original Dataset\Myopia\Myopia416.jpg,3,Myopia
E:\eye diesea pred\Dataset 3\Eye Disease Image Dataset\Original Dataset\Original Dataset\Myopia\Myopia403.jpg,3,Myopia
E:\eye diesea pred\Dataset 3\Eye Disease Image Dataset\Original Dataset\Original Dataset\Myopia\Myopia320.jpg,3,Myopia
E:\eye diesea pred\Dataset 3\Eye Disease Image Dataset\Original Dataset\Original Dataset\Myopia\Myopia476.jpg,3,Myopia
E:\eye diesea pred\Dataset 3\Eye Disease Image Dataset\Original Dataset\Original Dataset\Myopia\Myopia333.jpg,3,Myopia
E:\eye diesea pred\Dataset 3\Eye Disease Image Dataset\Original Dataset\Original Dataset\Myopia\Myopia216.jpg,3,Myopia
E:\eye diesea pred\Dataset 3\Eye Disease Image Dataset\Original Dataset\Original Dataset\Myopia\Myopia214.jpg,3,Myopia
E:\eye diesea pred\Dataset 3\Eye Disease Image Dataset\Original Dataset\Original Dataset\Myopia\Myopia288.jpg,3,Myopia
E:\eye diesea pred\Dataset 3\Eye Disease Image Dataset\Original Dataset\Original Dataset\Myopia\Myopia170.jpg,3,Myopia
E:\eye diesea pred\Dataset 3\Eye Disease Image Dataset\Original Dataset\Original Dataset\Myopia\Myopia344.jpg,3,Myopia
E:\eye diesea pred\Dataset 3\Eye Disease Image Dataset\Original Dataset\Original Dataset\Myopia\Myopia61.jpg,3,Myopia
E:\eye diesea pred\Dataset 3\Eye Disease Image Dataset\Original Dataset\Original Dataset\Myopia\Myopia197.jpg,3,Myopia
E:\eye diesea pred\Dataset 3\Eye Disease Image Dataset\Original Dataset\Original Dataset\Myopia\Myopia489.jpg,3,Myopia
E:\eye diesea pred\Dataset 3\Eye Disease Image Dataset\Original Dataset\Original Dataset\Myopia\Myopia157.jpg,3,Myopia
E:\eye diesea pred\Dataset 3\Eye Disease Image Dataset\Original Dataset\Original Dataset\Myopia\Myopia102.jpg,3,Myopia
E:\eye diesea pred\Dataset 3\Eye Disease Image Dataset\Original Dataset\Original Dataset\Myopia\Myopia181.jpg,3,Myopia
E:\eye diesea pred\Dataset 3\Eye Disease Image Dataset\Original Dataset\Original Dataset\Myopia\Myopia144.jpg,3,Myopia
E:\eye diesea pred\Dataset 3\Eye Disease Image Dataset\Original Dataset\Original Dataset\Myopia\Myopia242.jpg,3,Myopia
E:\eye diesea pred\Dataset 3\Eye Disease Image Dataset\Original Dataset\Original Dataset\Myopia\Myopia439.jpg,3,Myopia
E:\eye diesea pred\Dataset 3\Eye Disease Image Dataset\Original Dataset\Original Dataset\Myopia\Myopia76.jpg,3,Myopia
E:\eye diesea pred\Dataset 3\Eye Disease Image Dataset\Original Dataset\Original Dataset\Myopia\Myopia370.jpg,3,Myopia
E:\eye diesea pred\Dataset 3\Eye Disease Image Dataset\Original Dataset\Original Dataset\Myopia\Myopia165.jpg,3,Myopia
E:\eye diesea pred\Dataset 3\Eye Disease Image Dataset\Original Dataset\Original Dataset\Myopia\Myopia31.jpg,3,Myopia
E:\eye diesea pred\Dataset 3\Eye Disease Image Dataset\Original Dataset\Original Dataset\Myopia\Myopia287.jpg,3,Myopia
E:\eye diesea pred\Dataset 3\Eye Disease Image Dataset\Original Dataset\Original Dataset\Myopia\Myopia215.jpg,3,Myopia
E:\eye diesea pred\Dataset 3\Eye Disease Image Dataset\Original Dataset\Original Dataset\Myopia\Myopia327.jpg,3,Myopia
E:\eye diesea pred\Dataset 3\Eye Disease Image Dataset\Original Dataset\Original Dataset\Myopia\Myopia29.jpg,3,Myopia
E:\eye diesea pred\Dataset 3\Eye Disease Image Dataset\Original Dataset\Original Dataset\Myopia\Myopia452.jpg,3,Myopia
E:\eye diesea pred\Dataset 3\Eye Disease Image Dataset\Original Dataset\Original Dataset\Myopia\Myopia143.jpg,3,Myopia
E:\eye diesea pred\Dataset 3\Eye Disease Image Dataset\Original Dataset\Original Dataset\Myopia\Myopia314.jpg,3,Myopia
E:\eye diesea pred\Dataset 3\Eye Disease Image Dataset\Original Dataset\Original Dataset\Myopia\Myopia435.jpg,3,Myopia
E:\eye diesea pred\Dataset 3\Eye Disease Image Dataset\Original Dataset\Original Dataset\Myopia\Myopia443.jpg,3,Myopia
E:\eye diesea pred\Dataset 3\Eye Disease Image Dataset\Original Dataset\Original Dataset\Myopia\Myopia348.jpg,3,Myopia
E:\eye diesea pred\Dataset 3\Eye Disease Image Dataset\Original Dataset\Original Dataset\Myopia\Myopia366.jpg,3,Myopia
E:\eye diesea pred\Dataset 3\Eye Disease Image Dataset\Original Dataset\Original Dataset\Myopia\Myopia310.jpg,3,Myopia
E:\eye diesea pred\Dataset 3\Eye Disease Image Dataset\Original Dataset\Original Dataset\Myopia\Myopia497.jpg,3,Myopia
E:\eye diesea pred\Dataset 3\Eye Disease Image Dataset\Original Dataset\Original Dataset\Myopia\Myopia358.jpg,3,Myopia
E:\eye diesea pred\Dataset 3\Eye Disease Image Dataset\Original Dataset\Original Dataset\Myopia\Myopia375.jpg,3,Myopia
E:\eye diesea pred\Dataset 3\Eye Disease Image Dataset\Original Dataset\Original Dataset\Myopia\Myopia446.jpg,3,Myopia
E:\eye diesea pred\Dataset 3\Eye Disease Image Dataset\Original Dataset\Original Dataset\Myopia\Myopia210.jpg,3,Myopia
E:\eye diesea pred\Dataset 3\Eye Disease Image Dataset\Original Dataset\Original Dataset\Myopia\Myopia38.jpg,3,Myopia
E:\eye diesea pred\Dataset 3\Eye Disease Image Dataset\Original Dataset\Original Dataset\Myopia\Myopia255.jpg,3,Myopia
E:\eye diesea pred\Dataset 3\Eye Disease Image Dataset\Original Dataset\Original Dataset\Myopia\Myopia332.jpg,3,Myopia
E:\eye diesea pred\Dataset 3\Eye Disease Image Dataset\Original Dataset\Original Dataset\Myopia\Myopia308.jpg,3,Myopia
E:\eye diesea pred\Dataset 3\Eye Disease Image Dataset\Original Dataset\Original Dataset\Myopia\Myopia285.jpg,3,Myopia
E:\eye diesea pred\Dataset 3\Eye Disease Image Dataset\Original Dataset\Original Dataset\Myopia\Myopia487.jpg,3,Myopia
E:\eye diesea pred\Dataset 3\Eye Disease Image Dataset\Original Dataset\Original Dataset\Myopia\Myopia84.jpg,3,Myopia
E:\eye diesea pred\Dataset 3\Eye Disease Image Dataset\Original Dataset\Original Dataset\Myopia\Myopia160.jpg,3,Myopia
E:\eye diesea pred\Dataset 3\Eye Disease Image Dataset\Original Dataset\Original Dataset\Myopia\Myopia298.jpg,3,Myopia
E:\eye diesea pred\Dataset 3\Eye Disease Image Dataset\Original Dataset\Original Dataset\Myopia\Myopia22.jpg,3,Myopia
E:\eye diesea pred\Dataset 3\Eye Disease Image Dataset\Original Dataset\Original Dataset\Myopia\Myopia456.jpg,3,Myopia
E:\eye diesea pred\Dataset 3\Eye Disease Image Dataset\Original Dataset\Original Dataset\Myopia\Myopia417.jpg,3,Myopia
E:\eye diesea pred\Dataset 3\Eye Disease Image Dataset\Original Dataset\Original Dataset\Myopia\Myopia23.jpg,3,Myopia
E:\eye diesea pred\Dataset 3\Eye Disease Image Dataset\Original Dataset\Original Dataset\Myopia\Myopia49.jpg,3,Myopia
E:\eye diesea pred\Dataset 3\Eye Disease Image Dataset\Original Dataset\Original Dataset\Myopia\Myopia351.jpg,3,Myopia
E:\eye diesea pred\Dataset 3\Eye Disease Image Dataset\Original Dataset\Original Dataset\Myopia\Myopia402.jpg,3,Myopia
E:\eye diesea pred\Dataset 3\Eye Disease Image Dataset\Original Dataset\Original Dataset\Myopia\Myopia252.jpg,3,Myopia
E:\eye diesea pred\Dataset 3\Eye Disease Image Dataset\Original Dataset\Original Dataset\Myopia\Myopia187.jpg,3,Myopia
E:\eye diesea pred\Dataset 3\Eye Disease Image Dataset\Original Dataset\Original Dataset\Myopia\Myopia184.jpg,3,Myopia
E:\eye diesea pred\Dataset 3\Eye Disease Image Dataset\Original Dataset\Original Dataset\Myopia\Myopia48.jpg,3,Myopia
E:\eye diesea pred\Dataset 3\Eye Disease Image Dataset\Original Dataset\Original Dataset\Myopia\Myopia189.jpg,3,Myopia
E:\eye diesea pred\Dataset 3\Eye Disease Image Dataset\Original Dataset\Original Dataset\Myopia\Myopia63.jpg,3,Myopia
E:\eye diesea pred\Dataset 3\Eye Disease Image Dataset\Original Dataset\Original Dataset\Myopia\Myopia94.jpg,3,Myopia
E:\eye diesea pred\Dataset 3\Eye Disease Image Dataset\Original Dataset\Original Dataset\Myopia\Myopia260.jpg,3,Myopia
E:\eye diesea pred\Dataset 3\Eye Disease Image Dataset\Original Dataset\Original Dataset\Myopia\Myopia449.jpg,3,Myopia
E:\eye diesea pred\Dataset 3\Eye Disease Image Dataset\Original Dataset\Original Dataset\Myopia\Myopia207.jpg,3,Myopia
E:\eye diesea pred\Dataset 3\Eye Disease Image Dataset\Original Dataset\Original Dataset\Myopia\Myopia80.jpg,3,Myopia
E:\eye diesea pred\Dataset 3\Eye Disease Image Dataset\Original Dataset\Original Dataset\Myopia\Myopia17.jpg,3,Myopia
E:\eye diesea pred\Dataset 3\Eye Disease Image Dataset\Original Dataset\Original Dataset\Myopia\Myopia418.jpg,3,Myopia
E:\eye diesea pred\Dataset 3\Eye Disease Image Dataset\Original Dataset\Original Dataset\Myopia\Myopia72.jpg,3,Myopia
E:\eye diesea pred\Dataset 3\Eye Disease Image Dataset\Original Dataset\Original Dataset\Myopia\Myopia82.jpg,3,Myopia
E:\eye diesea pred\Dataset 3\Eye Disease Image Dataset\Original Dataset\Original Dataset\Myopia\Myopia166.jpg,3,Myopia
E:\eye diesea pred\Dataset 3\Eye Disease Image Dataset\Original Dataset\Original Dataset\Myopia\Myopia65.jpg,3,Myopia
E:\eye diesea pred\Dataset 3\Eye Disease Image Dataset\Original Dataset\Original Dataset\Myopia\Myopia266.jpg,3,Myopia
E:\eye diesea pred\Dataset 3\Eye Disease Image Dataset\Original Dataset\Original Dataset\Myopia\Myopia52.jpg,3,Myopia
E:\eye diesea pred\Dataset 3\Eye Disease Image Dataset\Original Dataset\Original Dataset\Myopia\Myopia373.jpg,3,Myopia
E:\eye diesea pred\Dataset 3\Eye Disease Image Dataset\Original Dataset\Original Dataset\Myopia\Myopia361.jpg,3,Myopia
E:\eye diesea pred\Dataset 3\Eye Disease Image Dataset\Original Dataset\Original Dataset\Myopia\Myopia500.jpg,3,Myopia
E:\eye diesea pred\Dataset 3\Eye Disease Image Dataset\Original Dataset\Original Dataset\Myopia\Myopia7.jpg,3,Myopia
E:\eye diesea pred\Dataset 3\Eye Disease Image Dataset\Original Dataset\Original Dataset\Myopia\Myopia243.jpg,3,Myopia
E:\eye diesea pred\Dataset 3\Eye Disease Image Dataset\Original Dataset\Original Dataset\Myopia\Myopia442.jpg,3,Myopia
E:\eye diesea pred\Dataset 3\Eye Disease Image Dataset\Original Dataset\Original Dataset\Myopia\Myopia119.jpg,3,Myopia
E:\eye diesea pred\Dataset 3\Eye Disease Image Dataset\Original Dataset\Original Dataset\Myopia\Myopia462.jpg,3,Myopia
E:\eye diesea pred\Dataset 3\Eye Disease Image Dataset\Original Dataset\Original Dataset\Myopia\Myopia378.jpg,3,Myopia
E:\eye diesea pred\Dataset 3\Eye Disease Image Dataset\Original Dataset\Original Dataset\Myopia\Myopia424.jpg,3,Myopia
E:\eye diesea pred\Dataset 3\Eye Disease Image Dataset\Original Dataset\Original Dataset\Myopia\Myopia269.jpg,3,Myopia
E:\eye diesea pred\Dataset 3\Eye Disease Image Dataset\Original Dataset\Original Dataset\Myopia\Myopia336.jpg,3,Myopia
E:\eye diesea pred\Dataset 3\Eye Disease Image Dataset\Original Dataset\Original Dataset\Myopia\Myopia453.jpg,3,Myopia
E:\eye diesea pred\Dataset 3\Eye Disease Image Dataset\Original Dataset\Original Dataset\Myopia\Myopia362.jpg,3,Myopia
E:\eye diesea pred\Dataset 3\Eye Disease Image Dataset\Original Dataset\Original Dataset\Myopia\Myopia230.jpg,3,Myopia
E:\eye diesea pred\Dataset 3\Eye Disease Image Dataset\Original Dataset\Original Dataset\Myopia\Myopia19.jpg,3,Myopia
E:\eye diesea pred\Dataset 3\Eye Disease Image Dataset\Original Dataset\Original Dataset\Myopia\Myopia318.jpg,3,Myopia
E:\eye diesea pred\Dataset 3\Eye Disease Image Dataset\Original Dataset\Original Dataset\Myopia\Myopia120.jpg,3,Myopia
E:\eye diesea pred\Dataset 3\Eye Disease Image Dataset\Original Dataset\Original Dataset\Myopia\Myopia153.jpg,3,Myopia
E:\eye diesea pred\Dataset 3\Eye Disease Image Dataset\Original Dataset\Original Dataset\Myopia\Myopia458.jpg,3,Myopia
E:\eye diesea pred\Dataset 3\Eye Disease Image Dataset\Original Dataset\Original Dataset\Myopia\Myopia338.jpg,3,Myopia
E:\eye diesea pred\Dataset 3\Eye Disease Image Dataset\Original Dataset\Original Dataset\Myopia\Myopia337.jpg,3,Myopia
E:\eye diesea pred\Dataset 3\Eye Disease Image Dataset\Original Dataset\Original Dataset\Myopia\Myopia339.jpg,3,Myopia
E:\eye diesea pred\Dataset 3\Eye Disease Image Dataset\Original Dataset\Original Dataset\Myopia\Myopia425.jpg,3,Myopia
E:\eye diesea pred\Dataset 3\Eye Disease Image Dataset\Original Dataset\Original Dataset\Myopia\Myopia226.jpg,3,Myopia
E:\eye diesea pred\Dataset 3\Eye Disease Image Dataset\Original Dataset\Original Dataset\Myopia\Myopia26.jpg,3,Myopia
E:\eye diesea pred\Dataset 3\Eye Disease Image Dataset\Original Dataset\Original Dataset\Myopia\Myopia193.jpg,3,Myopia
E:\eye diesea pred\Dataset 3\Eye Disease Image Dataset\Original Dataset\Original Dataset\Myopia\Myopia59.jpg,3,Myopia
E:\eye diesea pred\Dataset 3\Eye Disease Image Dataset\Original Dataset\Original Dataset\Myopia\Myopia57.jpg,3,Myopia
E:\eye diesea pred\Dataset 3\Eye Disease Image Dataset\Original Dataset\Original Dataset\Myopia\Myopia175.jpg,3,Myopia
E:\eye diesea pred\Dataset 3\Eye Disease Image Dataset\Original Dataset\Original Dataset\Myopia\Myopia305.jpg,3,Myopia
E:\eye diesea pred\Dataset 3\Eye Disease Image Dataset\Original Dataset\Original Dataset\Myopia\Myopia85.jpg,3,Myopia
E:\eye diesea pred\Dataset 3\Eye Disease Image Dataset\Original Dataset\Original Dataset\Myopia\Myopia135.jpg,3,Myopia
E:\eye diesea pred\Dataset 3\Eye Disease Image Dataset\Original Dataset\Original Dataset\Myopia\Myopia2.jpg,3,Myopia
E:\eye diesea pred\Dataset 3\Eye Disease Image Dataset\Original Dataset\Original Dataset\Myopia\Myopia87.jpg,3,Myopia
E:\eye diesea pred\Dataset 3\Eye Disease Image Dataset\Original Dataset\Original Dataset\Myopia\Myopia313.jpg,3,Myopia
E:\eye diesea pred\Dataset 3\Eye Disease Image Dataset\Original Dataset\Original Dataset\Myopia\Myopia79.jpg,3,Myopia
E:\eye diesea pred\Dataset 3\Eye Disease Image Dataset\Original Dataset\Original Dataset\Myopia\Myopia81.jpg,3,Myopia
E:\eye diesea pred\Dataset 3\Eye Disease Image Dataset\Original Dataset\Original Dataset\Myopia\Myopia105.jpg,3,Myopia
E:\eye diesea pred\Dataset 3\Eye Disease Image Dataset\Original Dataset\Original Dataset\Myopia\Myopia395.jpg,3,Myopia
E:\eye diesea pred\Dataset 3\Eye Disease Image Dataset\Original Dataset\Original Dataset\Myopia\Myopia409.jpg,3,Myopia
E:\eye diesea pred\Dataset 3\Eye Disease Image Dataset\Original Dataset\Original Dataset\Myopia\Myopia389.jpg,3,Myopia
E:\eye diesea pred\Dataset 3\Eye Disease Image Dataset\Original Dataset\Original Dataset\Myopia\Myopia236.jpg,3,Myopia
E:\eye diesea pred\Dataset 3\Eye Disease Image Dataset\Original Dataset\Original Dataset\Myopia\Myopia473.jpg,3,Myopia
E:\eye diesea pred\Dataset 3\Eye Disease Image Dataset\Original Dataset\Original Dataset\Myopia\Myopia12.jpg,3,Myopia
E:\eye diesea pred\Dataset 3\Eye Disease Image Dataset\Original Dataset\Original Dataset\Myopia\Myopia460.jpg,3,Myopia
E:\eye diesea pred\Dataset 3\Eye Disease Image Dataset\Original Dataset\Original Dataset\Myopia\Myopia455.jpg,3,Myopia
E:\eye diesea pred\Dataset 3\Eye Disease Image Dataset\Original Dataset\Original Dataset\Myopia\Myopia315.jpg,3,Myopia
E:\eye diesea pred\Dataset 3\Eye Disease Image Dataset\Original Dataset\Original Dataset\Myopia\Myopia297.jpg,3,Myopia
E:\eye diesea pred\Dataset 3\Eye Disease Image Dataset\Original Dataset\Original Dataset\Myopia\Myopia306.jpg,3,Myopia
E:\eye diesea pred\Dataset 3\Eye Disease Image Dataset\Original Dataset\Original Dataset\Myopia\Myopia491.jpg,3,Myopia
E:\eye diesea pred\Dataset 3\Eye Disease Image Dataset\Original Dataset\Original Dataset\Myopia\Myopia178.jpg,3,Myopia
E:\eye diesea pred\Dataset 3\Eye Disease Image Dataset\Original Dataset\Original Dataset\Myopia\Myopia295.jpg,3,Myopia
E:\eye diesea pred\Dataset 3\Eye Disease Image Dataset\Original Dataset\Original Dataset\Myopia\Myopia122.jpg,3,Myopia
E:\eye diesea pred\Dataset 3\Eye Disease Image Dataset\Original Dataset\Original Dataset\Myopia\Myopia421.jpg,3,Myopia
E:\eye diesea pred\Dataset 3\Eye Disease Image Dataset\Original Dataset\Original Dataset\Myopia\Myopia412.jpg,3,Myopia
E:\eye diesea pred\Dataset 3\Eye Disease Image Dataset\Original Dataset\Original Dataset\Myopia\Myopia450.jpg,3,Myopia
E:\eye diesea pred\Dataset 3\Eye Disease Image Dataset\Original Dataset\Original Dataset\Myopia\Myopia414.jpg,3,Myopia
E:\eye diesea pred\Dataset 3\Eye Disease Image Dataset\Original Dataset\Original Dataset\Myopia\Myopia106.jpg,3,Myopia
E:\eye diesea pred\Dataset 3\Eye Disease Image Dataset\Original Dataset\Original Dataset\Myopia\Myopia283.jpg,3,Myopia
E:\eye diesea pred\Dataset 3\Eye Disease Image Dataset\Original Dataset\Original Dataset\Myopia\Myopia115.jpg,3,Myopia
E:\eye diesea pred\Dataset 3\Eye Disease Image Dataset\Original Dataset\Original Dataset\Myopia\Myopia202.jpg,3,Myopia
E:\eye diesea pred\Dataset 3\Eye Disease Image Dataset\Original Dataset\Original Dataset\Myopia\Myopia136.jpg,3,Myopia
E:\eye diesea pred\Dataset 3\Eye Disease Image Dataset\Original Dataset\Original Dataset\Myopia\Myopia150.jpg,3,Myopia
E:\eye diesea pred\Dataset 3\Eye Disease Image Dataset\Original Dataset\Original Dataset\Myopia\Myopia257.jpg,3,Myopia
E:\eye diesea pred\Dataset 3\Eye Disease Image Dataset\Original Dataset\Original Dataset\Myopia\Myopia274.jpg,3,Myopia
E:\eye diesea pred\Dataset 3\Eye Disease Image Dataset\Original Dataset\Original Dataset\Myopia\Myopia249.jpg,3,Myopia
E:\eye diesea pred\Dataset 3\Eye Disease Image Dataset\Original Dataset\Original Dataset\Myopia\Myopia231.jpg,3,Myopia
E:\eye diesea pred\Dataset 3\Eye Disease Image Dataset\Original Dataset\Original Dataset\Myopia\Myopia89.jpg,3,Myopia
E:\eye diesea pred\Dataset 3\Eye Disease Image Dataset\Original Dataset\Original Dataset\Myopia\Myopia321.jpg,3,Myopia
E:\eye diesea pred\Dataset 3\Eye Disease Image Dataset\Original Dataset\Original Dataset\Myopia\Myopia209.jpg,3,Myopia
E:\eye diesea pred\Dataset 3\Eye Disease Image Dataset\Original Dataset\Original Dataset\Myopia\Myopia290.jpg,3,Myopia
E:\eye diesea pred\Dataset 3\Eye Disease Image Dataset\Original Dataset\Original Dataset\Myopia\Myopia488.jpg,3,Myopia
E:\eye diesea pred\Dataset 3\Eye Disease Image Dataset\Original Dataset\Original Dataset\Myopia\Myopia309.jpg,3,Myopia
E:\eye diesea pred\Dataset 3\Eye Disease Image Dataset\Original Dataset\Original Dataset\Myopia\Myopia224.jpg,3,Myopia
E:\eye diesea pred\Dataset 3\Eye Disease Image Dataset\Original Dataset\Original Dataset\Myopia\Myopia62.jpg,3,Myopia
E:\eye diesea pred\Dataset 3\Eye Disease Image Dataset\Original Dataset\Original Dataset\Myopia\Myopia390.jpg,3,Myopia
E:\eye diesea pred\Dataset 3\Eye Disease Image Dataset\Original Dataset\Original Dataset\Myopia\Myopia301.jpg,3,Myopia
E:\eye diesea pred\Dataset 3\Eye Disease Image Dataset\Original Dataset\Original Dataset\Myopia\Myopia70.jpg,3,Myopia
E:\eye diesea pred\Dataset 3\Eye Disease Image Dataset\Original Dataset\Original Dataset\Myopia\Myopia194.jpg,3,Myopia
E:\eye diesea pred\Dataset 3\Eye Disease Image Dataset\Original Dataset\Original Dataset\Myopia\Myopia302.jpg,3,Myopia
E:\eye diesea pred\Dataset 3\Eye Disease Image Dataset\Original Dataset\Original Dataset\Myopia\Myopia137.jpg,3,Myopia
E:\eye diesea pred\Dataset 3\Eye Disease Image Dataset\Original Dataset\Original Dataset\Myopia\Myopia196.jpg,3,Myopia
E:\eye diesea pred\Dataset 3\Eye Disease Image Dataset\Original Dataset\Original Dataset\Myopia\Myopia268.jpg,3,Myopia
E:\eye diesea pred\Dataset 3\Eye Disease Image Dataset\Original Dataset\Original Dataset\Myopia\Myopia380.jpg,3,Myopia
E:\eye diesea pred\Dataset 3\Eye Disease Image Dataset\Original Dataset\Original Dataset\Myopia\Myopia188.jpg,3,Myopia
E:\eye diesea pred\Dataset 3\Eye Disease Image Dataset\Original Dataset\Original Dataset\Myopia\Myopia11.jpg,3,Myopia
E:\eye diesea pred\Dataset 3\Eye Disease Image Dataset\Original Dataset\Original Dataset\Myopia\Myopia407.jpg,3,Myopia
E:\eye diesea pred\Dataset 3\Eye Disease Image Dataset\Original Dataset\Original Dataset\Myopia\Myopia265.jpg,3,Myopia
E:\eye diesea pred\Dataset 3\Eye Disease Image Dataset\Original Dataset\Original Dataset\Myopia\Myopia123.jpg,3,Myopia
E:\eye diesea pred\Dataset 3\Eye Disease Image Dataset\Original Dataset\Original Dataset\Myopia\Myopia280.jpg,3,Myopia
E:\eye diesea pred\Dataset 3\Eye Disease Image Dataset\Original Dataset\Original Dataset\Myopia\Myopia347.jpg,3,Myopia
E:\eye diesea pred\Dataset 3\Eye Disease Image Dataset\Original Dataset\Original Dataset\Myopia\Myopia350.jpg,3,Myopia
E:\eye diesea pred\Dataset 3\Eye Disease Image Dataset\Original Dataset\Original Dataset\Myopia\Myopia457.jpg,3,Myopia
E:\eye diesea pred\Dataset 3\Eye Disease Image Dataset\Original Dataset\Original Dataset\Myopia\Myopia334.jpg,3,Myopia
E:\eye diesea pred\Dataset 3\Eye Disease Image Dataset\Original Dataset\Original Dataset\Myopia\Myopia156.jpg,3,Myopia
E:\eye diesea pred\Dataset 3\Eye Disease Image Dataset\Original Dataset\Original Dataset\Myopia\Myopia34.jpg,3,Myopia
E:\eye diesea pred\Dataset 3\Eye Disease Image Dataset\Original Dataset\Original Dataset\Myopia\Myopia16.jpg,3,Myopia
E:\eye diesea pred\Dataset 3\Eye Disease Image Dataset\Original Dataset\Original Dataset\Myopia\Myopia103.jpg,3,Myopia
E:\eye diesea pred\Dataset 3\Eye Disease Image Dataset\Original Dataset\Original Dataset\Myopia\Myopia50.jpg,3,Myopia
E:\eye diesea pred\Dataset 3\Eye Disease Image Dataset\Original Dataset\Original Dataset\Myopia\Myopia253.jpg,3,Myopia
E:\eye diesea pred\Dataset 3\Eye Disease Image Dataset\Original Dataset\Original Dataset\Myopia\Myopia14.jpg,3,Myopia
E:\eye diesea pred\Dataset 3\Eye Disease Image Dataset\Original Dataset\Original Dataset\Myopia\Myopia176.jpg,3,Myopia
E:\eye diesea pred\Dataset 3\Eye Disease Image Dataset\Original Dataset\Original Dataset\Myopia\Myopia422.jpg,3,Myopia
E:\eye diesea pred\Dataset 3\Eye Disease Image Dataset\Original Dataset\Original Dataset\Myopia\Myopia259.jpg,3,Myopia
E:\eye diesea pred\Dataset 3\Eye Disease Image Dataset\Original Dataset\Original Dataset\Myopia\Myopia40.jpg,3,Myopia
E:\eye diesea pred\Dataset 3\Eye Disease Image Dataset\Original Dataset\Original Dataset\Myopia\Myopia134.jpg,3,Myopia
E:\eye diesea pred\Dataset 3\Eye Disease Image Dataset\Original Dataset\Original Dataset\Myopia\Myopia376.jpg,3,Myopia
E:\eye diesea pred\Dataset 3\Eye Disease Image Dataset\Original Dataset\Original Dataset\Myopia\Myopia490.jpg,3,Myopia
E:\eye diesea pred\Dataset 3\Eye Disease Image Dataset\Original Dataset\Original Dataset\Myopia\Myopia469.jpg,3,Myopia
E:\eye diesea pred\Dataset 3\Eye Disease Image Dataset\Original Dataset\Original Dataset\Myopia\Myopia147.jpg,3,Myopia
E:\eye diesea pred\Dataset 3\Eye Disease Image Dataset\Original Dataset\Original Dataset\Myopia\Myopia5.jpg,3,Myopia
E:\eye diesea pred\Dataset 3\Eye Disease Image Dataset\Original Dataset\Original Dataset\Myopia\Myopia354.jpg,3,Myopia
E:\eye diesea pred\Dataset 3\Eye Disease Image Dataset\Original Dataset\Original Dataset\Myopia\Myopia183.jpg,3,Myopia
E:\eye diesea pred\Dataset 3\Eye Disease Image Dataset\Original Dataset\Original Dataset\Myopia\Myopia113.jpg,3,Myopia
E:\eye diesea pred\Dataset 3\Eye Disease Image Dataset\Original Dataset\Original Dataset\Myopia\Myopia28.jpg,3,Myopia
E:\eye diesea pred\Dataset 3\Eye Disease Image Dataset\Original Dataset\Original Dataset\Myopia\Myopia381.jpg,3,Myopia
E:\eye diesea pred\Dataset 3\Eye Disease Image Dataset\Original Dataset\Original Dataset\Myopia\Myopia4.jpg,3,Myopia
E:\eye diesea pred\Dataset 3\Eye Disease Image Dataset\Original Dataset\Original Dataset\Myopia\Myopia86.jpg,3,Myopia
E:\eye diesea pred\Dataset 3\Eye Disease Image Dataset\Original Dataset\Original Dataset\Myopia\Myopia234.jpg,3,Myopia
E:\eye diesea pred\Dataset 3\Eye Disease Image Dataset\Original Dataset\Original Dataset\Myopia\Myopia95.jpg,3,Myopia
E:\eye diesea pred\Dataset 3\Eye Disease Image Dataset\Original Dataset\Original Dataset\Myopia\Myopia273.jpg,3,Myopia
E:\eye diesea pred\Dataset 3\Eye Disease Image Dataset\Original Dataset\Original Dataset\Myopia\Myopia353.jpg,3,Myopia
E:\eye diesea pred\Dataset 3\Eye Disease Image Dataset\Original Dataset\Original Dataset\Myopia\Myopia201.jpg,3,Myopia
E:\eye diesea pred\Dataset 3\Eye Disease Image Dataset\Original Dataset\Original Dataset\Myopia\Myopia74.jpg,3,Myopia
E:\eye diesea pred\Dataset 3\Eye Disease Image Dataset\Original Dataset\Original Dataset\Myopia\Myopia387.jpg,3,Myopia
E:\eye diesea pred\Dataset 3\Eye Disease Image Dataset\Original Dataset\Original Dataset\Myopia\Myopia399.jpg,3,Myopia
E:\eye diesea pred\Dataset 3\Eye Disease Image Dataset\Original Dataset\Original Dataset\Myopia\Myopia323.jpg,3,Myopia
E:\eye diesea pred\Dataset 3\Eye Disease Image Dataset\Original Dataset\Original Dataset\Myopia\Myopia30.jpg,3,Myopia
E:\eye diesea pred\Dataset 3\Eye Disease Image Dataset\Original Dataset\Original Dataset\Myopia\Myopia9.jpg,3,Myopia
E:\eye diesea pred\Dataset 3\Eye Disease Image Dataset\Original Dataset\Original Dataset\Myopia\Myopia161.jpg,3,Myopia
E:\eye diesea pred\Dataset 3\Eye Disease Image Dataset\Original Dataset\Original Dataset\Myopia\Myopia483.jpg,3,Myopia
E:\eye diesea pred\Dataset 3\Eye Disease Image Dataset\Original Dataset\Original Dataset\Myopia\Myopia238.jpg,3,Myopia
E:\eye diesea pred\Dataset 3\Eye Disease Image Dataset\Original Dataset\Original Dataset\Myopia\Myopia254.jpg,3,Myopia
E:\eye diesea pred\Dataset 3\Eye Disease Image Dataset\Original Dataset\Original Dataset\Myopia\Myopia411.jpg,3,Myopia
E:\eye diesea pred\Dataset 3\Eye Disease Image Dataset\Original Dataset\Original Dataset\Myopia\Myopia56.jpg,3,Myopia
E:\eye diesea pred\Dataset 3\Eye Disease Image Dataset\Original Dataset\Original Dataset\Myopia\Myopia271.jpg,3,Myopia
E:\eye diesea pred\Dataset 3\Eye Disease Image Dataset\Original Dataset\Original Dataset\Myopia\Myopia132.jpg,3,Myopia
E:\eye diesea pred\Dataset 3\Eye Disease Image Dataset\Original Dataset\Original Dataset\Myopia\Myopia267.jpg,3,Myopia
E:\eye diesea pred\Dataset 3\Eye Disease Image Dataset\Original Dataset\Original Dataset\Myopia\Myopia379.jpg,3,Myopia
E:\eye diesea pred\Dataset 3\Eye Disease Image Dataset\Original Dataset\Original Dataset\Myopia\Myopia15.jpg,3,Myopia
E:\eye diesea pred\Dataset 3\Eye Disease Image Dataset\Original Dataset\Original Dataset\Myopia\Myopia392.jpg,3,Myopia
E:\eye diesea pred\Dataset 3\Eye Disease Image Dataset\Original Dataset\Original Dataset\Myopia\Myopia78.jpg,3,Myopia
E:\eye diesea pred\Dataset 3\Eye Disease Image Dataset\Original Dataset\Original Dataset\Myopia\Myopia486.jpg,3,Myopia
E:\eye diesea pred\Dataset 3\Eye Disease Image Dataset\Original Dataset\Original Dataset\Myopia\Myopia126.jpg,3,Myopia
E:\eye diesea pred\Dataset 3\Eye Disease Image Dataset\Original Dataset\Original Dataset\Myopia\Myopia248.jpg,3,Myopia
E:\eye diesea pred\Dataset 3\Eye Disease Image Dataset\Original Dataset\Original Dataset\Myopia\Myopia400.jpg,3,Myopia
E:\eye diesea pred\Dataset 3\Eye Disease Image Dataset\Original Dataset\Original Dataset\Myopia\Myopia256.jpg,3,Myopia
E:\eye diesea pred\Dataset 3\Eye Disease Image Dataset\Original Dataset\Original Dataset\Myopia\Myopia499.jpg,3,Myopia
E:\eye diesea pred\Dataset 3\Eye Disease Image Dataset\Original Dataset\Original Dataset\Myopia\Myopia192.jpg,3,Myopia
E:\eye diesea pred\Dataset 3\Eye Disease Image Dataset\Original Dataset\Original Dataset\Myopia\Myopia478.jpg,3,Myopia
E:\eye diesea pred\Dataset 3\Eye Disease Image Dataset\Original Dataset\Original Dataset\Myopia\Myopia1.jpg,3,Myopia
E:\eye diesea pred\Dataset 3\Eye Disease Image Dataset\Original Dataset\Original Dataset\Myopia\Myopia319.jpg,3,Myopia
E:\eye diesea pred\Dataset 3\Eye Disease Image Dataset\Original Dataset\Original Dataset\Myopia\Myopia44.jpg,3,Myopia
E:\eye diesea pred\Dataset 3\Eye Disease Image Dataset\Original Dataset\Original Dataset\Myopia\Myopia108.jpg,3,Myopia
E:\eye diesea pred\Dataset 3\Eye Disease Image Dataset\Original Dataset\Original Dataset\Myopia\Myopia405.jpg,3,Myopia
E:\eye diesea pred\Dataset 3\Eye Disease Image Dataset\Original Dataset\Original Dataset\Myopia\Myopia83.jpg,3,Myopia
E:\eye diesea pred\Dataset 3\Eye Disease Image Dataset\Original Dataset\Original Dataset\Myopia\Myopia466.jpg,3,Myopia
E:\eye diesea pred\Dataset 3\Eye Disease Image Dataset\Original Dataset\Original Dataset\Myopia\Myopia406.jpg,3,Myopia
E:\eye diesea pred\Dataset 3\Eye Disease Image Dataset\Original Dataset\Original Dataset\Myopia\Myopia77.jpg,3,Myopia
E:\eye diesea pred\Dataset 3\Eye Disease Image Dataset\Original Dataset\Original Dataset\Myopia\Myopia116.jpg,3,Myopia
E:\eye diesea pred\Dataset 3\Eye Disease Image Dataset\Original Dataset\Original Dataset\Myopia\Myopia325.jpg,3,Myopia
E:\eye diesea pred\Dataset 3\Eye Disease Image Dataset\Original Dataset\Original Dataset\Myopia\Myopia67.jpg,3,Myopia
E:\eye diesea pred\Dataset 3\Eye Disease Image Dataset\Original Dataset\Original Dataset\Myopia\Myopia241.jpg,3,Myopia
E:\eye diesea pred\Dataset 3\Eye Disease Image Dataset\Original Dataset\Original Dataset\Myopia\Myopia349.jpg,3,Myopia
E:\eye diesea pred\Dataset 3\Eye Disease Image Dataset\Original Dataset\Original Dataset\Myopia\Myopia326.jpg,3,Myopia
E:\eye diesea pred\Dataset 3\Eye Disease Image Dataset\Original Dataset\Original Dataset\Myopia\Myopia186.jpg,3,Myopia
E:\eye diesea pred\Dataset 3\Eye Disease Image Dataset\Original Dataset\Original Dataset\Myopia\Myopia393.jpg,3,Myopia
E:\eye diesea pred\Dataset 3\Eye Disease Image Dataset\Original Dataset\Original Dataset\Myopia\Myopia164.jpg,3,Myopia
E:\eye diesea pred\Dataset 3\Eye Disease Image Dataset\Original Dataset\Original Dataset\Myopia\Myopia359.jpg,3,Myopia
E:\eye diesea pred\Dataset 3\Eye Disease Image Dataset\Original Dataset\Original Dataset\Myopia\Myopia360.jpg,3,Myopia
E:\eye diesea pred\Dataset 3\Eye Disease Image Dataset\Original Dataset\Original Dataset\Myopia\Myopia261.jpg,3,Myopia
E:\eye diesea pred\Dataset 3\Eye Disease Image Dataset\Original Dataset\Original Dataset\Myopia\Myopia111.jpg,3,Myopia
E:\eye diesea pred\Dataset 3\Eye Disease Image Dataset\Original Dataset\Original Dataset\Myopia\Myopia371.jpg,3,Myopia
E:\eye diesea pred\Dataset 3\Eye Disease Image Dataset\Original Dataset\Original Dataset\Myopia\Myopia8.jpg,3,Myopia
E:\eye diesea pred\Dataset 3\Eye Disease Image Dataset\Original Dataset\Original Dataset\Myopia\Myopia245.jpg,3,Myopia
E:\eye diesea pred\Dataset 3\Eye Disease Image Dataset\Original Dataset\Original Dataset\Myopia\Myopia372.jpg,3,Myopia
E:\eye diesea pred\Dataset 3\Eye Disease Image Dataset\Original Dataset\Original Dataset\Myopia\Myopia208.jpg,3,Myopia
E:\eye diesea pred\Dataset 3\Eye Disease Image Dataset\Original Dataset\Original Dataset\Myopia\Myopia180.jpg,3,Myopia
E:\eye diesea pred\Dataset 3\Eye Disease Image Dataset\Original Dataset\Original Dataset\Myopia\Myopia464.jpg,3,Myopia
E:\eye diesea pred\Dataset 3\Eye Disease Image Dataset\Original Dataset\Original Dataset\Myopia\Myopia463.jpg,3,Myopia
E:\eye diesea pred\Dataset 3\Eye Disease Image Dataset\Original Dataset\Original Dataset\Myopia\Myopia426.jpg,3,Myopia
E:\eye diesea pred\Dataset 3\Eye Disease Image Dataset\Original Dataset\Original Dataset\Myopia\Myopia364.jpg,3,Myopia
E:\eye diesea pred\Dataset 3\Eye Disease Image Dataset\Original Dataset\Original Dataset\Myopia\Myopia420.jpg,3,Myopia
E:\eye diesea pred\Dataset 3\Eye Disease Image Dataset\Original Dataset\Original Dataset\Myopia\Myopia124.jpg,3,Myopia
E:\eye diesea pred\Dataset 3\Eye Disease Image Dataset\Original Dataset\Original Dataset\Myopia\Myopia345.jpg,3,Myopia
E:\eye diesea pred\Dataset 3\Eye Disease Image Dataset\Original Dataset\Original Dataset\Myopia\Myopia221.jpg,3,Myopia
E:\eye diesea pred\Dataset 3\Eye Disease Image Dataset\Original Dataset\Original Dataset\Myopia\Myopia21.jpg,3,Myopia
E:\eye diesea pred\Dataset 3\Eye Disease Image Dataset\Original Dataset\Original Dataset\Myopia\Myopia401.jpg,3,Myopia
E:\eye diesea pred\Dataset 3\Eye Disease Image Dataset\Original Dataset\Original Dataset\Myopia\Myopia212.jpg,3,Myopia
E:\eye diesea pred\Dataset 3\Eye Disease Image Dataset\Original Dataset\Original Dataset\Myopia\Myopia145.jpg,3,Myopia
E:\eye diesea pred\Dataset 3\Eye Disease Image Dataset\Original Dataset\Original Dataset\Myopia\Myopia172.jpg,3,Myopia
E:\eye diesea pred\Dataset 3\Eye Disease Image Dataset\Original Dataset\Original Dataset\Myopia\Myopia206.jpg,3,Myopia
E:\eye diesea pred\Dataset 3\Eye Disease Image Dataset\Original Dataset\Original Dataset\Macular Scar\Macular Scar250.jpg,4,Macular Scar
E:\eye diesea pred\Dataset 3\Eye Disease Image Dataset\Original Dataset\Original Dataset\Macular Scar\Macular Scar409.jpg,4,Macular Scar
E:\eye diesea pred\Dataset 3\Eye Disease Image Dataset\Original Dataset\Original Dataset\Macular Scar\Macular Scar230.jpg,4,Macular Scar
E:\eye diesea pred\Dataset 3\Eye Disease Image Dataset\Original Dataset\Original Dataset\Macular Scar\Macular Scar9.jpg,4,Macular Scar
E:\eye diesea pred\Dataset 3\Eye Disease Image Dataset\Original Dataset\Original Dataset\Macular Scar\Macular Scar256.jpg,4,Macular Scar
E:\eye diesea pred\Dataset 3\Eye Disease Image Dataset\Original Dataset\Original Dataset\Macular Scar\Macular Scar252.jpg,4,Macular Scar
E:\eye diesea pred\Dataset 3\Eye Disease Image Dataset\Original Dataset\Original Dataset\Macular Scar\Macular Scar12.jpg,4,Macular Scar
E:\eye diesea pred\Dataset 3\Eye Disease Image Dataset\Original Dataset\Original Dataset\Macular Scar\Macular Scar375.jpg,4,Macular Scar
E:\eye diesea pred\Dataset 3\Eye Disease Image Dataset\Original Dataset\Original Dataset\Macular Scar\Macular Scar36.jpg,4,Macular Scar
E:\eye diesea pred\Dataset 3\Eye Disease Image Dataset\Original Dataset\Original Dataset\Macular Scar\Macular Scar414.jpg,4,Macular Scar
E:\eye diesea pred\Dataset 3\Eye Disease Image Dataset\Original Dataset\Original Dataset\Macular Scar\Macular Scar417.jpg,4,Macular Scar
E:\eye diesea pred\Dataset 3\Eye Disease Image Dataset\Original Dataset\Original Dataset\Macular Scar\Macular Scar443.jpg,4,Macular Scar
E:\eye diesea pred\Dataset 3\Eye Disease Image Dataset\Original Dataset\Original Dataset\Macular Scar\Macular Scar133.jpg,4,Macular Scar
E:\eye diesea pred\Dataset 3\Eye Disease Image Dataset\Original Dataset\Original Dataset\Macular Scar\Macular Scar184.jpg,4,Macular Scar
E:\eye diesea pred\Dataset 3\Eye Disease Image Dataset\Original Dataset\Original Dataset\Macular Scar\Macular Scar160.jpg,4,Macular Scar
E:\eye diesea pred\Dataset 3\Eye Disease Image Dataset\Original Dataset\Original Dataset\Macular Scar\Macular Scar267.jpg,4,Macular Scar
E:\eye diesea pred\Dataset 3\Eye Disease Image Dataset\Original Dataset\Original Dataset\Macular Scar\Macular Scar433.jpg,4,Macular Scar
E:\eye diesea pred\Dataset 3\Eye Disease Image Dataset\Original Dataset\Original Dataset\Macular Scar\Macular Scar43.jpg,4,Macular Scar
E:\eye diesea pred\Dataset 3\Eye Disease Image Dataset\Original Dataset\Original Dataset\Macular Scar\Macular Scar431.jpg,4,Macular Scar
E:\eye diesea pred\Dataset 3\Eye Disease Image Dataset\Original Dataset\Original Dataset\Macular Scar\Macular Scar65.jpg,4,Macular Scar
E:\eye diesea pred\Dataset 3\Eye Disease Image Dataset\Original Dataset\Original Dataset\Macular Scar\Macular Scar63.jpg,4,Macular Scar
E:\eye diesea pred\Dataset 3\Eye Disease Image Dataset\Original Dataset\Original Dataset\Macular Scar\Macular Scar3.jpg,4,Macular Scar
E:\eye diesea pred\Dataset 3\Eye Disease Image Dataset\Original Dataset\Original Dataset\Macular Scar\Macular Scar5.jpg,4,Macular Scar
E:\eye diesea pred\Dataset 3\Eye Disease Image Dataset\Original Dataset\Original Dataset\Macular Scar\Macular Scar18.jpg,4,Macular Scar
E:\eye diesea pred\Dataset 3\Eye Disease Image Dataset\Original Dataset\Original Dataset\Macular Scar\Macular Scar224.jpg,4,Macular Scar
E:\eye diesea pred\Dataset 3\Eye Disease Image Dataset\Original Dataset\Original Dataset\Macular Scar\Macular Scar175.jpg,4,Macular Scar
E:\eye diesea pred\Dataset 3\Eye Disease Image Dataset\Original Dataset\Original Dataset\Macular Scar\Macular Scar266.jpg,4,Macular Scar
E:\eye diesea pred\Dataset 3\Eye Disease Image Dataset\Original Dataset\Original Dataset\Macular Scar\Macular Scar428.jpg,4,Macular Scar
E:\eye diesea pred\Dataset 3\Eye Disease Image Dataset\Original Dataset\Original Dataset\Macular Scar\Macular Scar425.jpg,4,Macular Scar
E:\eye diesea pred\Dataset 3\Eye Disease Image Dataset\Original Dataset\Original Dataset\Macular Scar\Macular Scar8.jpg,4,Macular Scar
E:\eye diesea pred\Dataset 3\Eye Disease Image Dataset\Original Dataset\Original Dataset\Macular Scar\Macular Scar204.jpg,4,Macular Scar
E:\eye diesea pred\Dataset 3\Eye Disease Image Dataset\Original Dataset\Original Dataset\Macular Scar\Macular Scar390.jpg,4,Macular Scar
E:\eye diesea pred\Dataset 3\Eye Disease Image Dataset\Original Dataset\Original Dataset\Macular Scar\Macular Scar296.jpg,4,Macular Scar
E:\eye diesea pred\Dataset 3\Eye Disease Image Dataset\Original Dataset\Original Dataset\Macular Scar\Macular Scar380.jpg,4,Macular Scar
E:\eye diesea pred\Dataset 3\Eye Disease Image Dataset\Original Dataset\Original Dataset\Macular Scar\Macular Scar367.jpg,4,Macular Scar
E:\eye diesea pred\Dataset 3\Eye Disease Image Dataset\Original Dataset\Original Dataset\Macular Scar\Macular Scar167.jpg,4,Macular Scar
E:\eye diesea pred\Dataset 3\Eye Disease Image Dataset\Original Dataset\Original Dataset\Macular Scar\Macular Scar344.jpg,4,Macular Scar
E:\eye diesea pred\Dataset 3\Eye Disease Image Dataset\Original Dataset\Original Dataset\Macular Scar\Macular Scar89.jpg,4,Macular Scar
E:\eye diesea pred\Dataset 3\Eye Disease Image Dataset\Original Dataset\Original Dataset\Macular Scar\Macular Scar379.jpg,4,Macular Scar
E:\eye diesea pred\Dataset 3\Eye Disease Image Dataset\Original Dataset\Original Dataset\Macular Scar\Macular Scar291.jpg,4,Macular Scar
E:\eye diesea pred\Dataset 3\Eye Disease Image Dataset\Original Dataset\Original Dataset\Macular Scar\Macular Scar348.jpg,4,Macular Scar
E:\eye diesea pred\Dataset 3\Eye Disease Image Dataset\Original Dataset\Original Dataset\Macular Scar\Macular Scar144.jpg,4,Macular Scar
E:\eye diesea pred\Dataset 3\Eye Disease Image Dataset\Original Dataset\Original Dataset\Macular Scar\Macular Scar205.jpg,4,Macular Scar
E:\eye diesea pred\Dataset 3\Eye Disease Image Dataset\Original Dataset\Original Dataset\Macular Scar\Macular Scar283.jpg,4,Macular Scar
E:\eye diesea pred\Dataset 3\Eye Disease Image Dataset\Original Dataset\Original Dataset\Macular Scar\Macular Scar289.jpg,4,Macular Scar
E:\eye diesea pred\Dataset 3\Eye Disease Image Dataset\Original Dataset\Original Dataset\Macular Scar\Macular Scar155.jpg,4,Macular Scar
E:\eye diesea pred\Dataset 3\Eye Disease Image Dataset\Original Dataset\Original Dataset\Macular Scar\Macular Scar106.jpg,4,Macular Scar
E:\eye diesea pred\Dataset 3\Eye Disease Image Dataset\Original Dataset\Original Dataset\Macular Scar\Macular Scar44.jpg,4,Macular Scar
E:\eye diesea pred\Dataset 3\Eye Disease Image Dataset\Original Dataset\Original Dataset\Macular Scar\Macular Scar429.jpg,4,Macular Scar
E:\eye diesea pred\Dataset 3\Eye Disease Image Dataset\Original Dataset\Original Dataset\Macular Scar\Macular Scar136.jpg,4,Macular Scar
E:\eye diesea pred\Dataset 3\Eye Disease Image Dataset\Original Dataset\Original Dataset\Macular Scar\Macular Scar357.jpg,4,Macular Scar
E:\eye diesea pred\Dataset 3\Eye Disease Image Dataset\Original Dataset\Original Dataset\Macular Scar\Macular Scar355.jpg,4,Macular Scar
E:\eye diesea pred\Dataset 3\Eye Disease Image Dataset\Original Dataset\Original Dataset\Macular Scar\Macular Scar139.jpg,4,Macular Scar
E:\eye diesea pred\Dataset 3\Eye Disease Image Dataset\Original Dataset\Original Dataset\Macular Scar\Macular Scar120.jpg,4,Macular Scar
E:\eye diesea pred\Dataset 3\Eye Disease Image Dataset\Original Dataset\Original Dataset\Macular Scar\Macular Scar372.jpg,4,Macular Scar
E:\eye diesea pred\Dataset 3\Eye Disease Image Dataset\Original Dataset\Original Dataset\Macular Scar\Macular Scar297.jpg,4,Macular Scar
E:\eye diesea pred\Dataset 3\Eye Disease Image Dataset\Original Dataset\Original Dataset\Macular Scar\Macular Scar92.jpg,4,Macular Scar
E:\eye diesea pred\Dataset 3\Eye Disease Image Dataset\Original Dataset\Original Dataset\Macular Scar\Macular Scar261.jpg,4,Macular Scar
E:\eye diesea pred\Dataset 3\Eye Disease Image Dataset\Original Dataset\Original Dataset\Macular Scar\Macular Scar69.jpg,4,Macular Scar
E:\eye diesea pred\Dataset 3\Eye Disease Image Dataset\Original Dataset\Original Dataset\Macular Scar\Macular Scar105.jpg,4,Macular Scar
E:\eye diesea pred\Dataset 3\Eye Disease Image Dataset\Original Dataset\Original Dataset\Macular Scar\Macular Scar228.jpg,4,Macular Scar
E:\eye diesea pred\Dataset 3\Eye Disease Image Dataset\Original Dataset\Original Dataset\Macular Scar\Macular Scar352.jpg,4,Macular Scar
E:\eye diesea pred\Dataset 3\Eye Disease Image Dataset\Original Dataset\Original Dataset\Macular Scar\Macular Scar70.jpg,4,Macular Scar
E:\eye diesea pred\Dataset 3\Eye Disease Image Dataset\Original Dataset\Original Dataset\Macular Scar\Macular Scar141.jpg,4,Macular Scar
E:\eye diesea pred\Dataset 3\Eye Disease Image Dataset\Original Dataset\Original Dataset\Macular Scar\Macular Scar281.jpg,4,Macular Scar
E:\eye diesea pred\Dataset 3\Eye Disease Image Dataset\Original Dataset\Original Dataset\Macular Scar\Macular Scar6.jpg,4,Macular Scar
E:\eye diesea pred\Dataset 3\Eye Disease Image Dataset\Original Dataset\Original Dataset\Macular Scar\Macular Scar15.jpg,4,Macular Scar
E:\eye diesea pred\Dataset 3\Eye Disease Image Dataset\Original Dataset\Original Dataset\Macular Scar\Macular Scar314.jpg,4,Macular Scar
E:\eye diesea pred\Dataset 3\Eye Disease Image Dataset\Original Dataset\Original Dataset\Macular Scar\Macular Scar193.jpg,4,Macular Scar
E:\eye diesea pred\Dataset 3\Eye Disease Image Dataset\Original Dataset\Original Dataset\Macular Scar\Macular Scar118.jpg,4,Macular Scar
E:\eye diesea pred\Dataset 3\Eye Disease Image Dataset\Original Dataset\Original Dataset\Macular Scar\Macular Scar114.jpg,4,Macular Scar
E:\eye diesea pred\Dataset 3\Eye Disease Image Dataset\Original Dataset\Original Dataset\Macular Scar\Macular Scar67.jpg,4,Macular Scar
E:\eye diesea pred\Dataset 3\Eye Disease Image Dataset\Original Dataset\Original Dataset\Macular Scar\Macular Scar276.jpg,4,Macular Scar
E:\eye diesea pred\Dataset 3\Eye Disease Image Dataset\Original Dataset\Original Dataset\Macular Scar\Macular Scar86.jpg,4,Macular Scar
E:\eye diesea pred\Dataset 3\Eye Disease Image Dataset\Original Dataset\Original Dataset\Macular Scar\Macular Scar95.jpg,4,Macular Scar
E:\eye diesea pred\Dataset 3\Eye Disease Image Dataset\Original Dataset\Original Dataset\Macular Scar\Macular Scar391.jpg,4,Macular Scar
E:\eye diesea pred\Dataset 3\Eye Disease Image Dataset\Original Dataset\Original Dataset\Macular Scar\Macular Scar307.jpg,4,Macular Scar
E:\eye diesea pred\Dataset 3\Eye Disease Image Dataset\Original Dataset\Original Dataset\Macular Scar\Macular Scar56.jpg,4,Macular Scar
E:\eye diesea pred\Dataset 3\Eye Disease Image Dataset\Original Dataset\Original Dataset\Macular Scar\Macular Scar241.jpg,4,Macular Scar
E:\eye diesea pred\Dataset 3\Eye Disease Image Dataset\Original Dataset\Original Dataset\Macular Scar\Macular Scar199.jpg,4,Macular Scar
E:\eye diesea pred\Dataset 3\Eye Disease Image Dataset\Original Dataset\Original Dataset\Macular Scar\Macular Scar98.jpg,4,Macular Scar
E:\eye diesea pred\Dataset 3\Eye Disease Image Dataset\Original Dataset\Original Dataset\Macular Scar\Macular Scar351.jpg,4,Macular Scar
E:\eye diesea pred\Dataset 3\Eye Disease Image Dataset\Original Dataset\Original Dataset\Macular Scar\Macular Scar104.jpg,4,Macular Scar
E:\eye diesea pred\Dataset 3\Eye Disease Image Dataset\Original Dataset\Original Dataset\Macular Scar\Macular Scar152.jpg,4,Macular Scar
E:\eye diesea pred\Dataset 3\Eye Disease Image Dataset\Original Dataset\Original Dataset\Macular Scar\Macular Scar206.jpg,4,Macular Scar
E:\eye diesea pred\Dataset 3\Eye Disease Image Dataset\Original Dataset\Original Dataset\Macular Scar\Macular Scar20.jpg,4,Macular Scar
E:\eye diesea pred\Dataset 3\Eye Disease Image Dataset\Original Dataset\Original Dataset\Macular Scar\Macular Scar349.jpg,4,Macular Scar
E:\eye diesea pred\Dataset 3\Eye Disease Image Dataset\Original Dataset\Original Dataset\Macular Scar\Macular Scar72.jpg,4,Macular Scar
E:\eye diesea pred\Dataset 3\Eye Disease Image Dataset\Original Dataset\Original Dataset\Macular Scar\Macular Scar408.jpg,4,Macular Scar
E:\eye diesea pred\Dataset 3\Eye Disease Image Dataset\Original Dataset\Original Dataset\Macular Scar\Macular Scar394.jpg,4,Macular Scar
E:\eye diesea pred\Dataset 3\Eye Disease Image Dataset\Original Dataset\Original Dataset\Macular Scar\Macular Scar247.jpg,4,Macular Scar
E:\eye diesea pred\Dataset 3\Eye Disease Image Dataset\Original Dataset\Original Dataset\Macular Scar\Macular Scar84.jpg,4,Macular Scar
E:\eye diesea pred\Dataset 3\Eye Disease Image Dataset\Original Dataset\Original Dataset\Macular Scar\Macular Scar300.jpg,4,Macular Scar
E:\eye diesea pred\Dataset 3\Eye Disease Image Dataset\Original Dataset\Original Dataset\Macular Scar\Macular Scar207.jpg,4,Macular Scar
E:\eye diesea pred\Dataset 3\Eye Disease Image Dataset\Original Dataset\Original Dataset\Macular Scar\Macular Scar116.jpg,4,Macular Scar
E:\eye diesea pred\Dataset 3\Eye Disease Image Dataset\Original Dataset\Original Dataset\Macular Scar\Macular Scar97.jpg,4,Macular Scar
E:\eye diesea pred\Dataset 3\Eye Disease Image Dataset\Original Dataset\Original Dataset\Macular Scar\Macular Scar212.jpg,4,Macular Scar
E:\eye diesea pred\Dataset 3\Eye Disease Image Dataset\Original Dataset\Original Dataset\Macular Scar\Macular Scar165.jpg,4,Macular Scar
E:\eye diesea pred\Dataset 3\Eye Disease Image Dataset\Original Dataset\Original Dataset\Macular Scar\Macular Scar96.jpg,4,Macular Scar
E:\eye diesea pred\Dataset 3\Eye Disease Image Dataset\Original Dataset\Original Dataset\Macular Scar\Macular Scar305.jpg,4,Macular Scar
E:\eye diesea pred\Dataset 3\Eye Disease Image Dataset\Original Dataset\Original Dataset\Macular Scar\Macular Scar395.jpg,4,Macular Scar
E:\eye diesea pred\Dataset 3\Eye Disease Image Dataset\Original Dataset\Original Dataset\Macular Scar\Macular Scar406.jpg,4,Macular Scar
E:\eye diesea pred\Dataset 3\Eye Disease Image Dataset\Original Dataset\Original Dataset\Macular Scar\Macular Scar1.jpg,4,Macular Scar
E:\eye diesea pred\Dataset 3\Eye Disease Image Dataset\Original Dataset\Original Dataset\Macular Scar\Macular Scar381.jpg,4,Macular Scar
E:\eye diesea pred\Dataset 3\Eye Disease Image Dataset\Original Dataset\Original Dataset\Macular Scar\Macular Scar393.jpg,4,Macular Scar
E:\eye diesea pred\Dataset 3\Eye Disease Image Dataset\Original Dataset\Original Dataset\Macular Scar\Macular Scar338.jpg,4,Macular Scar
E:\eye diesea pred\Dataset 3\Eye Disease Image Dataset\Original Dataset\Original Dataset\Macular Scar\Macular Scar441.jpg,4,Macular Scar
E:\eye diesea pred\Dataset 3\Eye Disease Image Dataset\Original Dataset\Original Dataset\Macular Scar\Macular Scar217.jpg,4,Macular Scar
E:\eye diesea pred\Dataset 3\Eye Disease Image Dataset\Original Dataset\Original Dataset\Macular Scar\Macular Scar321.jpg,4,Macular Scar
E:\eye diesea pred\Dataset 3\Eye Disease Image Dataset\Original Dataset\Original Dataset\Macular Scar\Macular Scar41.jpg,4,Macular Scar
E:\eye diesea pred\Dataset 3\Eye Disease Image Dataset\Original Dataset\Original Dataset\Macular Scar\Macular Scar378.jpg,4,Macular Scar
E:\eye diesea pred\Dataset 3\Eye Disease Image Dataset\Original Dataset\Original Dataset\Macular Scar\Macular Scar93.jpg,4,Macular Scar
E:\eye diesea pred\Dataset 3\Eye Disease Image Dataset\Original Dataset\Original Dataset\Macular Scar\Macular Scar132.jpg,4,Macular Scar
E:\eye diesea pred\Dataset 3\Eye Disease Image Dataset\Original Dataset\Original Dataset\Macular Scar\Macular Scar40.jpg,4,Macular Scar
E:\eye diesea pred\Dataset 3\Eye Disease Image Dataset\Original Dataset\Original Dataset\Macular Scar\Macular Scar53.jpg,4,Macular Scar
E:\eye diesea pred\Dataset 3\Eye Disease Image Dataset\Original Dataset\Original Dataset\Macular Scar\Macular Scar319.jpg,4,Macular Scar
E:\eye diesea pred\Dataset 3\Eye Disease Image Dataset\Original Dataset\Original Dataset\Macular Scar\Macular Scar227.jpg,4,Macular Scar
E:\eye diesea pred\Dataset 3\Eye Disease Image Dataset\Original Dataset\Original Dataset\Macular Scar\Macular Scar159.jpg,4,Macular Scar
E:\eye diesea pred\Dataset 3\Eye Disease Image Dataset\Original Dataset\Original Dataset\Macular Scar\Macular Scar232.jpg,4,Macular Scar
E:\eye diesea pred\Dataset 3\Eye Disease Image Dataset\Original Dataset\Original Dataset\Macular Scar\Macular Scar25.jpg,4,Macular Scar
E:\eye diesea pred\Dataset 3\Eye Disease Image Dataset\Original Dataset\Original Dataset\Macular Scar\Macular Scar34.jpg,4,Macular Scar
E:\eye diesea pred\Dataset 3\Eye Disease Image Dataset\Original Dataset\Original Dataset\Macular Scar\Macular Scar385.jpg,4,Macular Scar
E:\eye diesea pred\Dataset 3\Eye Disease Image Dataset\Original Dataset\Original Dataset\Macular Scar\Macular Scar223.jpg,4,Macular Scar
E:\eye diesea pred\Dataset 3\Eye Disease Image Dataset\Original Dataset\Original Dataset\Macular Scar\Macular Scar418.jpg,4,Macular Scar
E:\eye diesea pred\Dataset 3\Eye Disease Image Dataset\Original Dataset\Original Dataset\Macular Scar\Macular Scar28.jpg,4,Macular Scar
E:\eye diesea pred\Dataset 3\Eye Disease Image Dataset\Original Dataset\Original Dataset\Macular Scar\Macular Scar399.jpg,4,Macular Scar
E:\eye diesea pred\Dataset 3\Eye Disease Image Dataset\Original Dataset\Original Dataset\Macular Scar\Macular Scar19.jpg,4,Macular Scar
E:\eye diesea pred\Dataset 3\Eye Disease Image Dataset\Original Dataset\Original Dataset\Macular Scar\Macular Scar233.jpg,4,Macular Scar
E:\eye diesea pred\Dataset 3\Eye Disease Image Dataset\Original Dataset\Original Dataset\Macular Scar\Macular Scar164.jpg,4,Macular Scar
E:\eye diesea pred\Dataset 3\Eye Disease Image Dataset\Original Dataset\Original Dataset\Macular Scar\Macular Scar126.jpg,4,Macular Scar
E:\eye diesea pred\Dataset 3\Eye Disease Image Dataset\Original Dataset\Original Dataset\Macular Scar\Macular Scar216.jpg,4,Macular Scar
E:\eye diesea pred\Dataset 3\Eye Disease Image Dataset\Original Dataset\Original Dataset\Macular Scar\Macular Scar311.jpg,4,Macular Scar
E:\eye diesea pred\Dataset 3\Eye Disease Image Dataset\Original Dataset\Original Dataset\Macular Scar\Macular Scar432.jpg,4,Macular Scar
E:\eye diesea pred\Dataset 3\Eye Disease Image Dataset\Original Dataset\Original Dataset\Macular Scar\Macular Scar130.jpg,4,Macular Scar
E:\eye diesea pred\Dataset 3\Eye Disease Image Dataset\Original Dataset\Original Dataset\Macular Scar\Macular Scar80.jpg,4,Macular Scar
E:\eye diesea pred\Dataset 3\Eye Disease Image Dataset\Original Dataset\Original Dataset\Macular Scar\Macular Scar325.jpg,4,Macular Scar
E:\eye diesea pred\Dataset 3\Eye Disease Image Dataset\Original Dataset\Original Dataset\Macular Scar\Macular Scar94.jpg,4,Macular Scar
E:\eye diesea pred\Dataset 3\Eye Disease Image Dataset\Original Dataset\Original Dataset\Macular Scar\Macular Scar196.jpg,4,Macular Scar
E:\eye diesea pred\Dataset 3\Eye Disease Image Dataset\Original Dataset\Original Dataset\Macular Scar\Macular Scar333.jpg,4,Macular Scar
E:\eye diesea pred\Dataset 3\Eye Disease Image Dataset\Original Dataset\Original Dataset\Macular Scar\Macular Scar100.jpg,4,Macular Scar
E:\eye diesea pred\Dataset 3\Eye Disease Image Dataset\Original Dataset\Original Dataset\Macular Scar\Macular Scar404.jpg,4,Macular Scar
E:\eye diesea pred\Dataset 3\Eye Disease Image Dataset\Original Dataset\Original Dataset\Macular Scar\Macular Scar134.jpg,4,Macular Scar
E:\eye diesea pred\Dataset 3\Eye Disease Image Dataset\Original Dataset\Original Dataset\Macular Scar\Macular Scar208.jpg,4,Macular Scar
E:\eye diesea pred\Dataset 3\Eye Disease Image Dataset\Original Dataset\Original Dataset\Macular Scar\Macular Scar157.jpg,4,Macular Scar
E:\eye diesea pred\Dataset 3\Eye Disease Image Dataset\Original Dataset\Original Dataset\Macular Scar\Macular Scar45.jpg,4,Macular Scar
E:\eye diesea pred\Dataset 3\Eye Disease Image Dataset\Original Dataset\Original Dataset\Macular Scar\Macular Scar32.jpg,4,Macular Scar
E:\eye diesea pred\Dataset 3\Eye Disease Image Dataset\Original Dataset\Original Dataset\Macular Scar\Macular Scar370.jpg,4,Macular Scar
E:\eye diesea pred\Dataset 3\Eye Disease Image Dataset\Original Dataset\Original Dataset\Macular Scar\Macular Scar50.jpg,4,Macular Scar
E:\eye diesea pred\Dataset 3\Eye Disease Image Dataset\Original Dataset\Original Dataset\Macular Scar\Macular Scar195.jpg,4,Macular Scar
E:\eye diesea pred\Dataset 3\Eye Disease Image Dataset\Original Dataset\Original Dataset\Macular Scar\Macular Scar384.jpg,4,Macular Scar
E:\eye diesea pred\Dataset 3\Eye Disease Image Dataset\Original Dataset\Original Dataset\Macular Scar\Macular Scar364.jpg,4,Macular Scar
E:\eye diesea pred\Dataset 3\Eye Disease Image Dataset\Original Dataset\Original Dataset\Macular Scar\Macular Scar248.jpg,4,Macular Scar
E:\eye diesea pred\Dataset 3\Eye Disease Image Dataset\Original Dataset\Original Dataset\Macular Scar\Macular Scar402.jpg,4,Macular Scar
E:\eye diesea pred\Dataset 3\Eye Disease Image Dataset\Original Dataset\Original Dataset\Macular Scar\Macular Scar239.jpg,4,Macular Scar
E:\eye diesea pred\Dataset 3\Eye Disease Image Dataset\Original Dataset\Original Dataset\Macular Scar\Macular Scar263.jpg,4,Macular Scar
E:\eye diesea pred\Dataset 3\Eye Disease Image Dataset\Original Dataset\Original Dataset\Macular Scar\Macular Scar11.jpg,4,Macular Scar
E:\eye diesea pred\Dataset 3\Eye Disease Image Dataset\Original Dataset\Original Dataset\Macular Scar\Macular Scar383.jpg,4,Macular Scar
E:\eye diesea pred\Dataset 3\Eye Disease Image Dataset\Original Dataset\Original Dataset\Macular Scar\Macular Scar400.jpg,4,Macular Scar
E:\eye diesea pred\Dataset 3\Eye Disease Image Dataset\Original Dataset\Original Dataset\Macular Scar\Macular Scar388.jpg,4,Macular Scar
E:\eye diesea pred\Dataset 3\Eye Disease Image Dataset\Original Dataset\Original Dataset\Macular Scar\Macular Scar35.jpg,4,Macular Scar
E:\eye diesea pred\Dataset 3\Eye Disease Image Dataset\Original Dataset\Original Dataset\Macular Scar\Macular Scar371.jpg,4,Macular Scar
E:\eye diesea pred\Dataset 3\Eye Disease Image Dataset\Original Dataset\Original Dataset\Macular Scar\Macular Scar127.jpg,4,Macular Scar
E:\eye diesea pred\Dataset 3\Eye Disease Image Dataset\Original Dataset\Original Dataset\Macular Scar\Macular Scar329.jpg,4,Macular Scar
E:\eye diesea pred\Dataset 3\Eye Disease Image Dataset\Original Dataset\Original Dataset\Macular Scar\Macular Scar411.jpg,4,Macular Scar
E:\eye diesea pred\Dataset 3\Eye Disease Image Dataset\Original Dataset\Original Dataset\Macular Scar\Macular Scar401.jpg,4,Macular Scar
E:\eye diesea pred\Dataset 3\Eye Disease Image Dataset\Original Dataset\Original Dataset\Macular Scar\Macular Scar103.jpg,4,Macular Scar
E:\eye diesea pred\Dataset 3\Eye Disease Image Dataset\Original Dataset\Original Dataset\Macular Scar\Macular Scar148.jpg,4,Macular Scar
E:\eye diesea pred\Dataset 3\Eye Disease Image Dataset\Original Dataset\Original Dataset\Macular Scar\Macular Scar54.jpg,4,Macular Scar
E:\eye diesea pred\Dataset 3\Eye Disease Image Dataset\Original Dataset\Original Dataset\Macular Scar\Macular Scar303.jpg,4,Macular Scar
E:\eye diesea pred\Dataset 3\Eye Disease Image Dataset\Original Dataset\Original Dataset\Macular Scar\Macular Scar151.jpg,4,Macular Scar
E:\eye diesea pred\Dataset 3\Eye Disease Image Dataset\Original Dataset\Original Dataset\Macular Scar\Macular Scar284.jpg,4,Macular Scar
E:\eye diesea pred\Dataset 3\Eye Disease Image Dataset\Original Dataset\Original Dataset\Macular Scar\Macular Scar326.jpg,4,Macular Scar
E:\eye diesea pred\Dataset 3\Eye Disease Image Dataset\Original Dataset\Original Dataset\Macular Scar\Macular Scar27.jpg,4,Macular Scar
E:\eye diesea pred\Dataset 3\Eye Disease Image Dataset\Original Dataset\Original Dataset\Macular Scar\Macular Scar382.jpg,4,Macular Scar
E:\eye diesea pred\Dataset 3\Eye Disease Image Dataset\Original Dataset\Original Dataset\Macular Scar\Macular Scar181.jpg,4,Macular Scar
E:\eye diesea pred\Dataset 3\Eye Disease Image Dataset\Original Dataset\Original Dataset\Macular Scar\Macular Scar306.jpg,4,Macular Scar
E:\eye diesea pred\Dataset 3\Eye Disease Image Dataset\Original Dataset\Original Dataset\Macular Scar\Macular Scar363.jpg,4,Macular Scar
E:\eye diesea pred\Dataset 3\Eye Disease Image Dataset\Original Dataset\Original Dataset\Macular Scar\Macular Scar13.jpg,4,Macular Scar
E:\eye diesea pred\Dataset 3\Eye Disease Image Dataset\Original Dataset\Original Dataset\Macular Scar\Macular Scar330.jpg,4,Macular Scar
E:\eye diesea pred\Dataset 3\Eye Disease Image Dataset\Original Dataset\Original Dataset\Macular Scar\Macular Scar30.jpg,4,Macular Scar
E:\eye diesea pred\Dataset 3\Eye Disease Image Dataset\Original Dataset\Original Dataset\Macular Scar\Macular Scar177.jpg,4,Macular Scar
E:\eye diesea pred\Dataset 3\Eye Disease Image Dataset\Original Dataset\Original Dataset\Macular Scar\Macular Scar22.jpg,4,Macular Scar
E:\eye diesea pred\Dataset 3\Eye Disease Image Dataset\Original Dataset\Original Dataset\Macular Scar\Macular Scar88.jpg,4,Macular Scar
E:\eye diesea pred\Dataset 3\Eye Disease Image Dataset\Original Dataset\Original Dataset\Macular Scar\Macular Scar347.jpg,4,Macular Scar
E:\eye diesea pred\Dataset 3\Eye Disease Image Dataset\Original Dataset\Original Dataset\Macular Scar\Macular Scar203.jpg,4,Macular Scar
E:\eye diesea pred\Dataset 3\Eye Disease Image Dataset\Original Dataset\Original Dataset\Macular Scar\Macular Scar166.jpg,4,Macular Scar
E:\eye diesea pred\Dataset 3\Eye Disease Image Dataset\Original Dataset\Original Dataset\Macular Scar\Macular Scar407.jpg,4,Macular Scar
E:\eye diesea pred\Dataset 3\Eye Disease Image Dataset\Original Dataset\Original Dataset\Macular Scar\Macular Scar109.jpg,4,Macular Scar
E:\eye diesea pred\Dataset 3\Eye Disease Image Dataset\Original Dataset\Original Dataset\Macular Scar\Macular Scar71.jpg,4,Macular Scar
E:\eye diesea pred\Dataset 3\Eye Disease Image Dataset\Original Dataset\Original Dataset\Macular Scar\Macular Scar137.jpg,4,Macular Scar
E:\eye diesea pred\Dataset 3\Eye Disease Image Dataset\Original Dataset\Original Dataset\Macular Scar\Macular Scar17.jpg,4,Macular Scar
E:\eye diesea pred\Dataset 3\Eye Disease Image Dataset\Original Dataset\Original Dataset\Macular Scar\Macular Scar346.jpg,4,Macular Scar
E:\eye diesea pred\Dataset 3\Eye Disease Image Dataset\Original Dataset\Original Dataset\Macular Scar\Macular Scar214.jpg,4,Macular Scar
E:\eye diesea pred\Dataset 3\Eye Disease Image Dataset\Original Dataset\Original Dataset\Macular Scar\Macular Scar295.jpg,4,Macular Scar
E:\eye diesea pred\Dataset 3\Eye Disease Image Dataset\Original Dataset\Original Dataset\Macular Scar\Macular Scar122.jpg,4,Macular Scar
E:\eye diesea pred\Dataset 3\Eye Disease Image Dataset\Original Dataset\Original Dataset\Macular Scar\Macular Scar301.jpg,4,Macular Scar
E:\eye diesea pred\Dataset 3\Eye Disease Image Dataset\Original Dataset\Original Dataset\Macular Scar\Macular Scar170.jpg,4,Macular Scar
E:\eye diesea pred\Dataset 3\Eye Disease Image Dataset\Original Dataset\Original Dataset\Macular Scar\Macular Scar68.jpg,4,Macular Scar
E:\eye diesea pred\Dataset 3\Eye Disease Image Dataset\Original Dataset\Original Dataset\Macular Scar\Macular Scar259.jpg,4,Macular Scar
E:\eye diesea pred\Dataset 3\Eye Disease Image Dataset\Original Dataset\Original Dataset\Macular Scar\Macular Scar150.jpg,4,Macular Scar
E:\eye diesea pred\Dataset 3\Eye Disease Image Dataset\Original Dataset\Original Dataset\Macular Scar\Macular Scar60.jpg,4,Macular Scar
E:\eye diesea pred\Dataset 3\Eye Disease Image Dataset\Original Dataset\Original Dataset\Macular Scar\Macular Scar290.jpg,4,Macular Scar
E:\eye diesea pred\Dataset 3\Eye Disease Image Dataset\Original Dataset\Original Dataset\Macular Scar\Macular Scar243.jpg,4,Macular Scar
E:\eye diesea pred\Dataset 3\Eye Disease Image Dataset\Original Dataset\Original Dataset\Macular Scar\Macular Scar415.jpg,4,Macular Scar
E:\eye diesea pred\Dataset 3\Eye Disease Image Dataset\Original Dataset\Original Dataset\Macular Scar\Macular Scar255.jpg,4,Macular Scar
E:\eye diesea pred\Dataset 3\Eye Disease Image Dataset\Original Dataset\Original Dataset\Macular Scar\Macular Scar421.jpg,4,Macular Scar
E:\eye diesea pred\Dataset 3\Eye Disease Image Dataset\Original Dataset\Original Dataset\Macular Scar\Macular Scar142.jpg,4,Macular Scar
E:\eye diesea pred\Dataset 3\Eye Disease Image Dataset\Original Dataset\Original Dataset\Macular Scar\Macular Scar220.jpg,4,Macular Scar
E:\eye diesea pred\Dataset 3\Eye Disease Image Dataset\Original Dataset\Original Dataset\Macular Scar\Macular Scar273.jpg,4,Macular Scar
E:\eye diesea pred\Dataset 3\Eye Disease Image Dataset\Original Dataset\Original Dataset\Macular Scar\Macular Scar173.jpg,4,Macular Scar
E:\eye diesea pred\Dataset 3\Eye Disease Image Dataset\Original Dataset\Original Dataset\Macular Scar\Macular Scar403.jpg,4,Macular Scar
E:\eye diesea pred\Dataset 3\Eye Disease Image Dataset\Original Dataset\Original Dataset\Macular Scar\Macular Scar185.jpg,4,Macular Scar
E:\eye diesea pred\Dataset 3\Eye Disease Image Dataset\Original Dataset\Original Dataset\Macular Scar\Macular Scar268.jpg,4,Macular Scar
E:\eye diesea pred\Dataset 3\Eye Disease Image Dataset\Original Dataset\Original Dataset\Macular Scar\Macular Scar145.jpg,4,Macular Scar
E:\eye diesea pred\Dataset 3\Eye Disease Image Dataset\Original Dataset\Original Dataset\Macular Scar\Macular Scar221.jpg,4,Macular Scar
E:\eye diesea pred\Dataset 3\Eye Disease Image Dataset\Original Dataset\Original Dataset\Macular Scar\Macular Scar107.jpg,4,Macular Scar
E:\eye diesea pred\Dataset 3\Eye Disease Image Dataset\Original Dataset\Original Dataset\Macular Scar\Macular Scar343.jpg,4,Macular Scar
E:\eye diesea pred\Dataset 3\Eye Disease Image Dataset\Original Dataset\Original Dataset\Macular Scar\Macular Scar75.jpg,4,Macular Scar
E:\eye diesea pred\Dataset 3\Eye Disease Image Dataset\Original Dataset\Original Dataset\Macular Scar\Macular Scar209.jpg,4,Macular Scar
E:\eye diesea pred\Dataset 3\Eye Disease Image Dataset\Original Dataset\Original Dataset\Macular Scar\Macular Scar299.jpg,4,Macular Scar
E:\eye diesea pred\Dataset 3\Eye Disease Image Dataset\Original Dataset\Original Dataset\Macular Scar\Macular Scar192.jpg,4,Macular Scar
E:\eye diesea pred\Dataset 3\Eye Disease Image Dataset\Original Dataset\Original Dataset\Macular Scar\Macular Scar438.jpg,4,Macular Scar
E:\eye diesea pred\Dataset 3\Eye Disease Image Dataset\Original Dataset\Original Dataset\Macular Scar\Macular Scar83.jpg,4,Macular Scar
E:\eye diesea pred\Dataset 3\Eye Disease Image Dataset\Original Dataset\Original Dataset\Macular Scar\Macular Scar434.jpg,4,Macular Scar
E:\eye diesea pred\Dataset 3\Eye Disease Image Dataset\Original Dataset\Original Dataset\Macular Scar\Macular Scar350.jpg,4,Macular Scar
E:\eye diesea pred\Dataset 3\Eye Disease Image Dataset\Original Dataset\Original Dataset\Macular Scar\Macular Scar85.jpg,4,Macular Scar
E:\eye diesea pred\Dataset 3\Eye Disease Image Dataset\Original Dataset\Original Dataset\Macular Scar\Macular Scar119.jpg,4,Macular Scar
E:\eye diesea pred\Dataset 3\Eye Disease Image Dataset\Original Dataset\Original Dataset\Macular Scar\Macular Scar323.jpg,4,Macular Scar
E:\eye diesea pred\Dataset 3\Eye Disease Image Dataset\Original Dataset\Original Dataset\Macular Scar\Macular Scar308.jpg,4,Macular Scar
E:\eye diesea pred\Dataset 3\Eye Disease Image Dataset\Original Dataset\Original Dataset\Macular Scar\Macular Scar280.jpg,4,Macular Scar
E:\eye diesea pred\Dataset 3\Eye Disease Image Dataset\Original Dataset\Original Dataset\Macular Scar\Macular Scar211.jpg,4,Macular Scar
E:\eye diesea pred\Dataset 3\Eye Disease Image Dataset\Original Dataset\Original Dataset\Macular Scar\Macular Scar135.jpg,4,Macular Scar
E:\eye diesea pred\Dataset 3\Eye Disease Image Dataset\Original Dataset\Original Dataset\Macular Scar\Macular Scar386.jpg,4,Macular Scar
E:\eye diesea pred\Dataset 3\Eye Disease Image Dataset\Original Dataset\Original Dataset\Macular Scar\Macular Scar231.jpg,4,Macular Scar
E:\eye diesea pred\Dataset 3\Eye Disease Image Dataset\Original Dataset\Original Dataset\Macular Scar\Macular Scar138.jpg,4,Macular Scar
E:\eye diesea pred\Dataset 3\Eye Disease Image Dataset\Original Dataset\Original Dataset\Macular Scar\Macular Scar374.jpg,4,Macular Scar
E:\eye diesea pred\Dataset 3\Eye Disease Image Dataset\Original Dataset\Original Dataset\Macular Scar\Macular Scar274.jpg,4,Macular Scar
E:\eye diesea pred\Dataset 3\Eye Disease Image Dataset\Original Dataset\Original Dataset\Macular Scar\Macular Scar147.jpg,4,Macular Scar
E:\eye diesea pred\Dataset 3\Eye Disease Image Dataset\Original Dataset\Original Dataset\Macular Scar\Macular Scar365.jpg,4,Macular Scar
E:\eye diesea pred\Dataset 3\Eye Disease Image Dataset\Original Dataset\Original Dataset\Macular Scar\Macular Scar435.jpg,4,Macular Scar
E:\eye diesea pred\Dataset 3\Eye Disease Image Dataset\Original Dataset\Original Dataset\Macular Scar\Macular Scar10.jpg,4,Macular Scar
E:\eye diesea pred\Dataset 3\Eye Disease Image Dataset\Original Dataset\Original Dataset\Macular Scar\Macular Scar442.jpg,4,Macular Scar
E:\eye diesea pred\Dataset 3\Eye Disease Image Dataset\Original Dataset\Original Dataset\Macular Scar\Macular Scar245.jpg,4,Macular Scar
E:\eye diesea pred\Dataset 3\Eye Disease Image Dataset\Original Dataset\Original Dataset\Macular Scar\Macular Scar327.jpg,4,Macular Scar
E:\eye diesea pred\Dataset 3\Eye Disease Image Dataset\Original Dataset\Original Dataset\Macular Scar\Macular Scar354.jpg,4,Macular Scar
E:\eye diesea pred\Dataset 3\Eye Disease Image Dataset\Original Dataset\Original Dataset\Macular Scar\Macular Scar244.jpg,4,Macular Scar
E:\eye diesea pred\Dataset 3\Eye Disease Image Dataset\Original Dataset\Original Dataset\Macular Scar\Macular Scar176.jpg,4,Macular Scar
E:\eye diesea pred\Dataset 3\Eye Disease Image Dataset\Original Dataset\Original Dataset\Macular Scar\Macular Scar210.jpg,4,Macular Scar
E:\eye diesea pred\Dataset 3\Eye Disease Image Dataset\Original Dataset\Original Dataset\Macular Scar\Macular Scar117.jpg,4,Macular Scar
E:\eye diesea pred\Dataset 3\Eye Disease Image Dataset\Original Dataset\Original Dataset\Macular Scar\Macular Scar279.jpg,4,Macular Scar
E:\eye diesea pred\Dataset 3\Eye Disease Image Dataset\Original Dataset\Original Dataset\Macular Scar\Macular Scar46.jpg,4,Macular Scar
E:\eye diesea pred\Dataset 3\Eye Disease Image Dataset\Original Dataset\Original Dataset\Macular Scar\Macular Scar366.jpg,4,Macular Scar
E:\eye diesea pred\Dataset 3\Eye Disease Image Dataset\Original Dataset\Original Dataset\Macular Scar\Macular Scar298.jpg,4,Macular Scar
E:\eye diesea pred\Dataset 3\Eye Disease Image Dataset\Original Dataset\Original Dataset\Macular Scar\Macular Scar171.jpg,4,Macular Scar
E:\eye diesea pred\Dataset 3\Eye Disease Image Dataset\Original Dataset\Original Dataset\Macular Scar\Macular Scar341.jpg,4,Macular Scar
E:\eye diesea pred\Dataset 3\Eye Disease Image Dataset\Original Dataset\Original Dataset\Macular Scar\Macular Scar31.jpg,4,Macular Scar
E:\eye diesea pred\Dataset 3\Eye Disease Image Dataset\Original Dataset\Original Dataset\Macular Scar\Macular Scar430.jpg,4,Macular Scar
E:\eye diesea pred\Dataset 3\Eye Disease Image Dataset\Original Dataset\Original Dataset\Macular Scar\Macular Scar51.jpg,4,Macular Scar
E:\eye diesea pred\Dataset 3\Eye Disease Image Dataset\Original Dataset\Original Dataset\Macular Scar\Macular Scar74.jpg,4,Macular Scar
E:\eye diesea pred\Dataset 3\Eye Disease Image Dataset\Original Dataset\Original Dataset\Macular Scar\Macular Scar162.jpg,4,Macular Scar
E:\eye diesea pred\Dataset 3\Eye Disease Image Dataset\Original Dataset\Original Dataset\Macular Scar\Macular Scar169.jpg,4,Macular Scar
E:\eye diesea pred\Dataset 3\Eye Disease Image Dataset\Original Dataset\Original Dataset\Macular Scar\Macular Scar342.jpg,4,Macular Scar
E:\eye diesea pred\Dataset 3\Eye Disease Image Dataset\Original Dataset\Original Dataset\Macular Scar\Macular Scar29.jpg,4,Macular Scar
E:\eye diesea pred\Dataset 3\Eye Disease Image Dataset\Original Dataset\Original Dataset\Macular Scar\Macular Scar389.jpg,4,Macular Scar
E:\eye diesea pred\Dataset 3\Eye Disease Image Dataset\Original Dataset\Original Dataset\Macular Scar\Macular Scar275.jpg,4,Macular Scar
E:\eye diesea pred\Dataset 3\Eye Disease Image Dataset\Original Dataset\Original Dataset\Macular Scar\Macular Scar154.jpg,4,Macular Scar
E:\eye diesea pred\Dataset 3\Eye Disease Image Dataset\Original Dataset\Original Dataset\Macular Scar\Macular Scar33.jpg,4,Macular Scar
E:\eye diesea pred\Dataset 3\Eye Disease Image Dataset\Original Dataset\Original Dataset\Macular Scar\Macular Scar189.jpg,4,Macular Scar
E:\eye diesea pred\Dataset 3\Eye Disease Image Dataset\Original Dataset\Original Dataset\Macular Scar\Macular Scar359.jpg,4,Macular Scar
E:\eye diesea pred\Dataset 3\Eye Disease Image Dataset\Original Dataset\Original Dataset\Macular Scar\Macular Scar131.jpg,4,Macular Scar
E:\eye diesea pred\Dataset 3\Eye Disease Image Dataset\Original Dataset\Original Dataset\Macular Scar\Macular Scar123.jpg,4,Macular Scar
E:\eye diesea pred\Dataset 3\Eye Disease Image Dataset\Original Dataset\Original Dataset\Macular Scar\Macular Scar315.jpg,4,Macular Scar
E:\eye diesea pred\Dataset 3\Eye Disease Image Dataset\Original Dataset\Original Dataset\Macular Scar\Macular Scar153.jpg,4,Macular Scar
E:\eye diesea pred\Dataset 3\Eye Disease Image Dataset\Original Dataset\Original Dataset\Macular Scar\Macular Scar87.jpg,4,Macular Scar
E:\eye diesea pred\Dataset 3\Eye Disease Image Dataset\Original Dataset\Original Dataset\Macular Scar\Macular Scar360.jpg,4,Macular Scar
E:\eye diesea pred\Dataset 3\Eye Disease Image Dataset\Original Dataset\Original Dataset\Macular Scar\Macular Scar39.jpg,4,Macular Scar
E:\eye diesea pred\Dataset 3\Eye Disease Image Dataset\Original Dataset\Original Dataset\Macular Scar\Macular Scar57.jpg,4,Macular Scar
E:\eye diesea pred\Dataset 3\Eye Disease Image Dataset\Original Dataset\Original Dataset\Macular Scar\Macular Scar251.jpg,4,Macular Scar
E:\eye diesea pred\Dataset 3\Eye Disease Image Dataset\Original Dataset\Original Dataset\Macular Scar\Macular Scar293.jpg,4,Macular Scar
E:\eye diesea pred\Dataset 3\Eye Disease Image Dataset\Original Dataset\Original Dataset\Macular Scar\Macular Scar240.jpg,4,Macular Scar
E:\eye diesea pred\Dataset 3\Eye Disease Image Dataset\Original Dataset\Original Dataset\Macular Scar\Macular Scar420.jpg,4,Macular Scar
E:\eye diesea pred\Dataset 3\Eye Disease Image Dataset\Original Dataset\Original Dataset\Macular Scar\Macular Scar262.jpg,4,Macular Scar
E:\eye diesea pred\Dataset 3\Eye Disease Image Dataset\Original Dataset\Original Dataset\Macular Scar\Macular Scar405.jpg,4,Macular Scar
E:\eye diesea pred\Dataset 3\Eye Disease Image Dataset\Original Dataset\Original Dataset\Macular Scar\Macular Scar14.jpg,4,Macular Scar
E:\eye diesea pred\Dataset 3\Eye Disease Image Dataset\Original Dataset\Original Dataset\Macular Scar\Macular Scar253.jpg,4,Macular Scar
E:\eye diesea pred\Dataset 3\Eye Disease Image Dataset\Original Dataset\Original Dataset\Macular Scar\Macular Scar183.jpg,4,Macular Scar
E:\eye diesea pred\Dataset 3\Eye Disease Image Dataset\Original Dataset\Original Dataset\Macular Scar\Macular Scar377.jpg,4,Macular Scar
E:\eye diesea pred\Dataset 3\Eye Disease Image Dataset\Original Dataset\Original Dataset\Macular Scar\Macular Scar158.jpg,4,Macular Scar
E:\eye diesea pred\Dataset 3\Eye Disease Image Dataset\Original Dataset\Original Dataset\Macular Scar\Macular Scar316.jpg,4,Macular Scar
E:\eye diesea pred\Dataset 3\Eye Disease Image Dataset\Original Dataset\Original Dataset\Macular Scar\Macular Scar143.jpg,4,Macular Scar
E:\eye diesea pred\Dataset 3\Eye Disease Image Dataset\Original Dataset\Original Dataset\Macular Scar\Macular Scar234.jpg,4,Macular Scar
E:\eye diesea pred\Dataset 3\Eye Disease Image Dataset\Original Dataset\Original Dataset\Macular Scar\Macular Scar182.jpg,4,Macular Scar
E:\eye diesea pred\Dataset 3\Eye Disease Image Dataset\Original Dataset\Original Dataset\Macular Scar\Macular Scar356.jpg,4,Macular Scar
E:\eye diesea pred\Dataset 3\Eye Disease Image Dataset\Original Dataset\Original Dataset\Macular Scar\Macular Scar178.jpg,4,Macular Scar
E:\eye diesea pred\Dataset 3\Eye Disease Image Dataset\Original Dataset\Original Dataset\Macular Scar\Macular Scar237.jpg,4,Macular Scar
E:\eye diesea pred\Dataset 3\Eye Disease Image Dataset\Original Dataset\Original Dataset\Macular Scar\Macular Scar82.jpg,4,Macular Scar
E:\eye diesea pred\Dataset 3\Eye Disease Image Dataset\Original Dataset\Original Dataset\Macular Scar\Macular Scar264.jpg,4,Macular Scar
E:\eye diesea pred\Dataset 3\Eye Disease Image Dataset\Original Dataset\Original Dataset\Macular Scar\Macular Scar318.jpg,4,Macular Scar
E:\eye diesea pred\Dataset 3\Eye Disease Image Dataset\Original Dataset\Original Dataset\Macular Scar\Macular Scar345.jpg,4,Macular Scar
E:\eye diesea pred\Dataset 3\Eye Disease Image Dataset\Original Dataset\Original Dataset\Macular Scar\Macular Scar437.jpg,4,Macular Scar
E:\eye diesea pred\Dataset 3\Eye Disease Image Dataset\Original Dataset\Original Dataset\Macular Scar\Macular Scar257.jpg,4,Macular Scar
E:\eye diesea pred\Dataset 3\Eye Disease Image Dataset\Original Dataset\Original Dataset\Macular Scar\Macular Scar187.jpg,4,Macular Scar
E:\eye diesea pred\Dataset 3\Eye Disease Image Dataset\Original Dataset\Original Dataset\Macular Scar\Macular Scar439.jpg,4,Macular Scar
E:\eye diesea pred\Dataset 3\Eye Disease Image Dataset\Original Dataset\Original Dataset\Macular Scar\Macular Scar368.jpg,4,Macular Scar
E:\eye diesea pred\Dataset 3\Eye Disease Image Dataset\Original Dataset\Original Dataset\Macular Scar\Macular Scar115.jpg,4,Macular Scar
E:\eye diesea pred\Dataset 3\Eye Disease Image Dataset\Original Dataset\Original Dataset\Macular Scar\Macular Scar278.jpg,4,Macular Scar
E:\eye diesea pred\Dataset 3\Eye Disease Image Dataset\Original Dataset\Original Dataset\Macular Scar\Macular Scar286.jpg,4,Macular Scar
E:\eye diesea pred\Dataset 3\Eye Disease Image Dataset\Original Dataset\Original Dataset\Macular Scar\Macular Scar292.jpg,4,Macular Scar
E:\eye diesea pred\Dataset 3\Eye Disease Image Dataset\Original Dataset\Original Dataset\Macular Scar\Macular Scar47.jpg,4,Macular Scar
E:\eye diesea pred\Dataset 3\Eye Disease Image Dataset\Original Dataset\Original Dataset\Macular Scar\Macular Scar235.jpg,4,Macular Scar
